Div,Date,HomeTeam,AwayTeam,FTHG,FTAG,FTR,HTHG,HTAG,HTR,B365H,B365D,B365A,BWH,BWD,BWA,IWH,IWD,IWA,LBH,LBD,LBA,PSH,PSD,PSA,WHH,WHD,WHA,SJH,SJD,SJA,VCH,VCD,VCA,Bb1X2,BbMxH,BbAvH,BbMxD,BbAvD,BbMxA,BbAvA,BbOU,BbMx>2.5,BbAv>2.5,BbMx<2.5,BbAv<2.5,BbAH,BbAHh,BbMxAHH,BbAvAHH,BbMxAHA,BbAvAHA,PSCH,PSCD,PSCA,EloHome,EloAway
B1,26/07/13,Club Brugge,Charleroi,2,0,H,0,0,D,1.33,5.0,9.0,1.35,4.6,7.0,1.3,4.4,8.5,1.3,5.0,8.0,1.36,5.11,10.1,1.3,5.0,9.0,1.33,5.0,8.5,1.33,5.25,10.0,37,1.36,1.31,5.4,4.98,10.1,8.78,32,1.7,1.61,2.34,2.25,21.0,-1.5,2.1,1.98,1.92,1.86,1.48,4.73,7.32,1746.18,1523.38
B1,27/07/13,Bergen,Cercle Brugge,1,1,D,1,0,H,1.83,3.6,4.2,1.9,3.6,3.4,1.9,3.3,3.5,1.83,3.4,3.75,1.93,3.76,4.08,1.91,3.3,3.8,1.9,3.5,3.8,1.87,3.6,4.0,35,1.97,1.88,3.76,3.48,4.2,3.82,32,1.91,1.81,2.1,1.96,15.0,-0.5,1.93,1.89,2.01,1.96,1.89,3.93,4.13,1600.54,1454.16
B1,27/07/13,Genk,Oostende,3,0,H,1,0,H,1.44,4.75,6.0,1.4,4.4,6.25,1.4,4.0,6.5,1.4,4.33,6.5,1.43,4.81,8.04,1.5,4.2,5.5,1.4,4.5,7.0,1.4,4.8,8.0,35,1.5,1.4,4.81,4.55,8.04,6.86,25,1.67,1.59,2.48,2.25,16.0,-1.0,1.73,1.67,2.33,2.22,1.39,5.29,8.58,1726.49,1500.0
B1,27/07/13,Kortrijk,Oud-Heverlee Leuven,1,0,H,0,0,D,1.91,3.6,3.8,1.8,3.4,4.0,1.9,3.2,3.6,1.83,3.4,3.8,1.94,3.63,4.14,1.91,3.3,3.8,1.9,3.4,4.0,1.93,3.6,4.1,35,1.95,1.89,3.63,3.38,4.3,3.87,32,1.92,1.84,2.02,1.93,15.0,-0.5,1.96,1.91,1.98,1.93,1.79,3.77,4.88,1583.55,1547.97
B1,27/07/13,Lierse,Waregem,1,2,A,1,2,A,3.0,3.4,2.3,3.0,3.4,2.1,3.0,3.1,2.2,3.0,3.25,2.2,3.13,3.4,2.4,3.0,3.1,2.15,3.0,3.3,2.25,3.0,3.3,2.38,35,3.2,3.02,3.6,3.25,2.4,2.25,32,2.1,2.01,1.87,1.77,14.0,0.25,1.86,1.81,2.09,2.04,3.15,3.46,2.38,1511.26,1716.81
B1,27/07/13,Waasland-Beveren,Gent,1,1,D,0,0,D,4.2,3.6,1.83,3.9,3.5,1.8,3.5,3.3,1.9,3.8,3.4,1.83,4.25,3.68,1.91,3.75,3.4,1.91,4.0,3.4,1.9,4.1,3.6,1.87,34,4.3,3.91,3.7,3.44,1.91,1.87,31,2.12,1.95,1.91,1.82,14.0,0.5,2.02,1.97,1.93,1.87,5.52,3.95,1.69,1520.55,1621.03
B1,28/07/13,Anderlecht,Lokeren,2,3,A,0,1,A,1.36,5.0,7.5,1.35,4.6,7.0,1.3,4.4,8.5,1.33,4.5,7.5,1.36,5.35,9.35,1.36,4.5,7.5,1.33,4.8,8.0,1.33,5.2,8.5,34,1.4,1.33,5.35,4.82,9.35,8.0,22,1.57,1.4,2.64,2.37,18.0,-1.5,2.18,2.02,1.88,1.82,1.58,4.44,5.99,1849.97,1689.54
B1,28/07/13,Mechelen,Standard,0,2,A,0,0,D,3.1,3.3,2.3,2.95,3.4,2.15,2.9,3.2,2.2,2.88,3.25,2.25,3.12,3.51,2.36,2.88,3.3,2.3,2.88,3.4,2.25,3.0,3.5,2.25,35,3.3,2.97,3.6,3.31,2.36,2.25,32,1.96,1.86,2.04,1.91,15.0,0.25,1.91,1.86,2.04,1.99,3.21,3.59,2.29,1598.39,1685.43
B1,02/08/13,Cercle Brugge,Anderlecht,0,4,A,0,2,A,4.5,3.75,1.73,4.6,3.6,1.65,4.5,3.5,1.65,4.8,3.5,1.67,4.77,3.95,1.76,4.8,3.6,1.7,4.5,3.6,1.73,4.4,3.9,1.75,37,5.02,4.65,3.95,3.64,1.77,1.71,32,1.77,1.69,2.34,2.14,16.0,0.75,1.94,1.88,2.02,1.97,5.6,4.04,1.67,1461.79,1829.53
B1,03/08/13,Charleroi,Waasland-Beveren,1,1,D,0,0,D,2.05,3.3,3.6,2.15,3.2,3.1,2.0,3.2,3.3,2.1,3.1,3.25,2.2,3.43,3.51,2.1,3.3,3.4,2.1,3.25,3.4,2.15,3.4,3.4,33,2.25,2.11,3.5,3.26,3.65,3.32,29,2.08,1.98,1.9,1.8,13.0,-0.25,1.91,1.85,2.04,2.0,2.18,3.42,3.64,1520.01,1520.57
B1,03/08/13,Lokeren,Bergen,2,1,H,0,1,A,1.7,3.4,5.5,1.7,3.5,4.4,1.75,3.3,4.2,1.73,3.4,4.6,1.72,3.95,5.1,1.7,3.5,5.0,1.73,3.4,5.0,1.73,3.9,4.75,33,1.8,1.71,3.95,3.52,5.5,4.73,29,1.8,1.73,2.28,2.06,13.0,-0.75,1.97,1.93,1.95,1.92,1.6,4.3,5.94,1709.98,1592.91
B1,03/08/13,Oud-Heverlee Leuven,Genk,1,4,A,0,1,A,4.75,3.5,1.75,4.25,3.8,1.85,4.3,3.4,1.7,4.25,3.6,1.73,4.25,3.85,1.87,4.33,3.5,1.8,4.33,3.5,1.8,4.2,3.8,1.8,33,4.8,4.28,3.85,3.52,1.87,1.78,22,1.67,1.6,2.42,2.24,13.0,0.5,2.09,2.04,1.87,1.81,4.49,3.96,1.81,1540.11,1729.8
B1,03/08/13,Waregem,Kortrijk,1,0,H,0,0,D,1.91,3.5,4.0,1.88,3.7,4.2,1.8,3.2,4.0,1.85,3.25,4.0,1.88,3.66,4.38,1.73,3.75,4.2,1.83,3.5,4.0,1.85,3.6,4.3,33,1.95,1.85,3.75,3.43,4.38,4.06,29,2.02,1.9,2.0,1.87,13.0,-0.5,1.89,1.85,2.04,2.0,2.08,3.51,3.82,1725.63,1591.41
B1,04/08/13,Gent,Mechelen,2,1,H,0,1,A,1.45,4.33,7.0,1.5,4.0,5.5,1.45,3.9,6.0,1.45,3.8,6.5,1.52,4.49,6.64,1.5,4.0,6.5,1.44,3.8,7.0,1.5,4.4,6.5,33,1.53,1.47,4.49,4.03,7.4,6.54,28,1.8,1.73,2.18,2.06,16.0,-1.0,1.92,1.85,2.06,1.99,1.65,4.15,5.62,1621.01,1585.42
B1,04/08/13,Oostende,Club Brugge,1,2,A,1,1,D,6.5,4.1,1.5,6.0,3.8,1.5,5.5,3.8,1.5,6.5,4.0,1.45,6.57,4.49,1.53,6.5,3.75,1.53,6.5,4.0,1.5,6.0,4.4,1.5,34,7.5,6.36,4.5,4.01,1.55,1.49,21,1.73,1.62,2.38,2.2,15.0,1.0,2.01,1.97,1.95,1.88,4.3,3.66,1.92,1496.69,1749.55
B1,04/08/13,Standard,Lierse,3,0,H,2,0,H,1.36,4.5,9.0,1.33,4.33,8.5,1.35,4.2,7.5,1.3,4.6,9.0,1.37,5.1,9.4,1.33,4.5,9.0,1.33,4.5,9.0,1.33,5.0,9.5,33,1.38,1.34,5.2,4.63,11.0,8.56,21,1.7,1.62,2.48,2.21,16.0,-1.5,2.08,2.02,1.89,1.81,1.29,6.02,11.65,1698.4,1502.44
B1,09/08/13,Kortrijk,Lokeren,3,3,D,0,0,D,2.6,3.3,2.63,2.55,3.2,2.55,2.4,3.1,2.7,2.45,3.2,2.65,2.7,3.46,2.73,2.5,3.25,2.62,2.6,3.25,2.6,2.62,3.4,2.7,33,2.7,2.57,3.5,3.26,2.85,2.63,30,2.03,1.96,1.97,1.84,17.0,0.0,1.96,1.9,1.98,1.93,2.9,3.53,2.49,1586.26,1715.55
B1,10/08/13,Bergen,Charleroi,1,2,A,1,0,H,1.83,3.4,4.33,1.85,3.4,3.75,1.8,3.2,4.0,1.83,3.5,3.8,1.88,3.81,4.24,1.91,3.5,3.6,1.9,3.4,4.0,1.87,3.7,4.0,30,1.93,1.87,3.81,3.45,4.33,3.88,27,1.87,1.79,2.12,2.0,13.0,-0.5,1.94,1.9,2.02,1.95,1.9,3.81,4.25,1587.34,1516.53
B1,10/08/13,Lierse,Cercle Brugge,1,1,D,1,0,H,2.3,3.4,3.0,2.25,3.3,2.85,2.2,3.2,2.9,2.25,3.2,2.9,2.32,3.49,3.2,2.25,3.3,2.9,2.3,3.4,2.88,2.3,3.4,3.1,28,2.32,2.26,3.49,3.29,3.35,2.99,25,1.99,1.92,1.95,1.87,13.0,0.0,1.73,1.67,2.29,2.17,2.67,3.39,2.82,1498.59,1457.38
B1,10/08/13,Oostende,Oud-Heverlee Leuven,1,1,D,0,1,A,2.1,3.4,3.4,2.1,3.2,3.2,2.1,3.2,3.1,2.05,3.4,3.1,2.1,3.66,3.55,2.1,3.4,3.25,2.1,3.3,3.3,2.05,3.6,3.4,30,2.22,2.08,3.66,3.37,3.55,3.27,26,1.81,1.73,2.17,2.07,12.0,-0.25,1.87,1.82,2.1,2.04,2.1,3.66,3.62,1489.36,1530.77
B1,10/08/13,Waasland-Beveren,Mechelen,0,0,D,0,0,D,2.7,3.4,2.5,2.65,3.25,2.4,2.75,3.2,2.3,2.8,3.1,2.4,2.85,3.42,2.59,2.7,3.4,2.4,2.8,3.3,2.38,2.8,3.4,2.5,30,2.98,2.78,3.45,3.28,2.6,2.42,26,2.02,1.93,1.98,1.85,14.0,0.0,2.11,2.04,1.86,1.79,3.02,3.4,2.5,1524.05,1577.56
B1,11/08/13,Anderlecht,Gent,4,1,H,2,0,H,1.53,4.33,5.5,1.53,4.25,4.75,1.5,3.8,5.5,1.53,3.9,5.5,1.57,4.42,5.97,1.6,3.8,5.0,1.5,4.0,5.75,1.5,4.4,6.25,29,1.6,1.53,4.55,4.04,6.5,5.59,19,1.71,1.64,2.32,2.17,14.0,-1.0,1.97,1.92,2.02,1.91,1.67,4.34,5.11,1833.94,1628.87
B1,11/08/13,Club Brugge,Waregem,1,1,D,1,0,H,1.75,3.75,4.5,1.75,3.6,4.0,1.7,3.4,4.3,1.73,3.6,4.3,1.8,3.92,4.56,1.75,3.75,4.0,1.73,3.6,4.33,1.75,3.9,4.5,25,1.8,1.74,3.92,3.68,4.56,4.25,21,1.82,1.72,2.2,2.07,10.0,-0.75,2.06,2.0,1.9,1.85,2.0,3.84,3.76,1756.88,1730.78
B1,11/08/13,Genk,Standard,0,2,A,0,1,A,2.25,3.4,3.1,2.2,3.2,3.0,2.2,3.2,2.9,2.2,3.3,2.9,2.31,3.62,3.12,2.2,3.5,2.88,2.2,3.4,3.0,2.25,3.6,3.1,29,2.31,2.23,3.62,3.37,3.35,2.99,19,1.73,1.64,2.3,2.17,13.0,0.0,1.7,1.66,2.29,2.22,2.37,3.44,3.2,1739.14,1702.25
B1,17/08/13,Cercle Brugge,Oostende,2,0,H,2,0,H,1.95,3.5,3.8,1.95,3.3,3.5,1.9,3.2,3.6,1.91,3.25,3.7,2.04,3.55,3.88,1.91,3.4,3.75,1.95,3.4,3.6,2.0,3.5,3.9,30,2.12,1.97,3.55,3.38,3.9,3.64,27,2.04,1.93,1.91,1.84,,,,,,,2.11,3.52,3.74,1462.2,1487.27
B1,17/08/13,Charleroi,Kortrijk,1,2,A,1,2,A,2.5,3.3,2.75,2.5,3.3,2.5,2.4,3.1,2.7,2.45,3.1,2.7,2.69,3.3,2.81,2.4,3.25,2.7,2.5,3.25,2.75,2.62,3.3,2.8,30,2.69,2.5,3.4,3.21,2.95,2.71,27,2.18,2.03,1.82,1.76,,,,,,,2.93,3.26,2.65,1534.72,1587.31
B1,17/08/13,Gent,Lierse,2,1,H,0,1,A,1.4,4.5,7.5,1.4,4.5,6.0,1.4,4.0,6.5,1.36,4.33,7.5,1.39,4.86,9.37,1.4,4.33,7.0,1.4,4.33,8.0,1.36,4.8,9.5,30,1.47,1.38,4.86,4.46,9.5,7.53,27,1.76,1.68,2.25,2.14,,,,,,,1.41,4.8,9.43,1625.19,1493.77
B1,17/08/13,Lokeren,Genk,3,1,H,1,0,H,2.6,3.4,2.6,2.45,3.4,2.5,2.65,3.2,2.4,2.45,3.4,2.5,2.57,3.62,2.74,2.5,3.3,2.6,2.6,3.4,2.6,2.55,3.6,2.7,30,2.7,2.55,3.65,3.35,2.74,2.59,20,1.71,1.61,2.35,2.24,,,,,,,2.46,3.55,2.97,1714.5,1721.95
B1,17/08/13,Mechelen,Club Brugge,1,2,A,0,1,A,2.9,3.5,2.3,3.1,3.2,2.15,2.8,3.1,2.3,2.9,3.25,2.25,3.02,3.59,2.38,2.8,3.3,2.38,2.88,3.4,2.3,2.9,3.5,2.4,30,3.02,2.86,3.6,3.35,2.44,2.31,27,1.75,1.69,2.34,2.13,,,,,,,2.77,3.44,2.68,1579.22,1752.53
B1,17/08/13,Waregem,Bergen,2,0,H,1,0,H,1.62,4.0,5.0,1.65,3.6,4.6,1.6,3.6,4.8,1.65,3.5,4.8,1.67,4.0,5.55,1.62,3.75,5.0,1.62,3.8,5.0,1.67,4.0,5.25,30,1.68,1.63,4.0,3.76,5.9,4.96,27,1.91,1.8,2.05,1.98,,,,,,,1.68,4.17,5.28,1735.13,1569.15
B1,18/08/13,Standard,Oud-Heverlee Leuven,1,0,H,0,0,D,1.29,5.5,9.5,1.28,4.6,9.75,1.25,4.8,9.5,1.25,5.2,9.5,1.27,6.06,12.91,1.25,5.5,10.0,1.29,5.25,9.5,1.29,6.0,10.5,30,1.32,1.27,6.06,5.43,12.91,9.62,16,1.58,1.46,2.7,2.59,,,,,,,1.27,6.57,11.89,1719.44,1532.86
B1,18/08/13,Waasland-Beveren,Anderlecht,0,3,A,0,0,D,6.5,4.5,1.44,5.5,4.4,1.44,6.0,3.9,1.45,6.0,4.33,1.4,6.96,4.55,1.5,6.5,4.33,1.44,5.8,4.33,1.44,6.5,4.5,1.5,30,6.96,6.08,4.6,4.27,1.52,1.46,19,1.68,1.56,2.4,2.33,,,,,,,7.48,4.66,1.48,1522.39,1837.62
B1,24/08/13,Kortrijk,Mechelen,1,2,A,0,1,A,1.91,3.6,3.75,1.95,3.25,3.6,1.9,3.2,3.6,1.95,3.3,3.5,2.03,3.53,3.94,1.91,3.4,3.75,1.95,3.4,3.75,2.0,3.5,3.75,32,2.04,1.96,3.7,3.35,4.0,3.66,28,2.1,1.99,1.94,1.8,15.0,-0.5,2.05,2.0,1.89,1.85,2.29,3.5,3.31,1601.51,1569.32
B1,24/08/13,Lierse,Waasland-Beveren,1,0,H,0,0,D,2.3,3.25,3.1,2.15,3.2,3.1,2.1,3.1,3.2,2.15,3.2,3.0,2.27,3.5,3.35,2.15,3.25,3.1,2.2,3.25,3.2,2.2,3.5,3.25,30,2.3,2.19,3.6,3.27,3.35,3.12,29,2.03,1.96,1.97,1.82,15.0,-0.25,1.97,1.92,1.99,1.94,2.33,3.4,3.31,1488.55,1516.77
B1,24/08/13,Oud-Heverlee Leuven,Lokeren,2,1,H,0,0,D,4.5,3.5,1.8,3.8,3.5,1.8,4.0,3.2,1.8,4.1,3.5,1.75,4.4,3.8,1.85,4.33,3.5,1.75,4.33,3.5,1.8,4.4,3.8,1.8,32,4.5,4.21,3.83,3.49,1.85,1.79,26,1.75,1.68,2.26,2.13,15.0,0.75,1.86,1.79,2.13,2.07,4.38,3.94,1.84,1528.83,1723.75
B1,25/08/13,Anderlecht,Charleroi,5,2,H,2,1,H,1.22,6.0,12.0,1.2,6.25,9.0,1.22,5.0,10.0,1.22,5.5,12.0,1.23,6.55,15.5,1.22,6.0,10.0,1.22,6.0,11.0,1.22,6.5,13.0,32,1.25,1.21,6.9,5.84,15.5,12.05,18,1.57,1.48,2.8,2.55,15.0,-1.75,1.92,1.87,2.04,1.98,1.24,7.06,12.86,1843.24,1520.52
B1,25/08/13,Bergen,Standard,0,2,A,0,1,A,4.33,3.6,1.8,4.5,3.7,1.65,4.8,3.6,1.6,4.25,3.6,1.73,4.57,3.83,1.82,4.0,3.6,1.75,4.33,3.6,1.8,4.3,3.8,1.8,32,5.0,4.29,3.86,3.57,1.81,1.76,28,1.88,1.72,2.2,2.08,15.0,0.75,1.86,1.82,2.09,2.04,4.84,3.88,1.78,1564.7,1723.47
B1,25/08/13,Club Brugge,Gent,1,1,D,1,1,D,2.1,3.5,3.3,1.95,3.4,3.4,1.85,3.3,3.7,2.0,3.4,3.25,2.15,3.7,3.4,2.05,3.6,3.1,2.05,3.5,3.25,2.1,3.7,3.3,32,2.15,2.05,3.7,3.41,3.7,3.33,20,1.73,1.63,2.44,2.2,15.0,-0.25,1.88,1.82,2.09,2.04,2.33,3.47,3.25,1762.43,1630.41
B1,25/08/13,Genk,Cercle Brugge,1,0,H,1,0,H,1.4,4.75,7.0,1.4,4.4,6.5,1.4,4.0,6.5,1.4,4.33,6.5,1.43,4.84,7.95,1.44,4.33,6.0,1.4,4.5,7.0,1.4,4.8,7.5,32,1.45,1.4,5.3,4.49,8.0,6.99,19,1.67,1.61,2.44,2.22,16.0,-1.0,1.68,1.65,2.35,2.27,1.36,5.46,9.41,1712.7,1472.05
B1,25/08/13,Oostende,Waregem,1,1,D,1,1,D,3.4,3.4,2.1,3.4,3.4,1.95,3.3,3.2,2.0,3.3,3.2,2.05,3.56,3.53,2.15,3.1,3.3,2.15,3.3,3.4,2.05,3.4,3.5,2.15,32,3.8,3.35,3.54,3.32,2.15,2.08,27,1.97,1.87,2.01,1.93,15.0,0.25,2.08,2.0,1.9,1.85,3.83,3.56,2.06,1477.42,1739.58
B1,31/08/13,Cercle Brugge,Oud-Heverlee Leuven,1,1,D,0,0,D,1.95,3.5,3.75,1.95,3.3,3.5,1.9,3.3,3.5,1.91,3.4,3.4,2.02,3.69,3.8,1.91,3.4,3.75,1.95,3.4,3.75,1.95,3.6,3.8,33,2.05,1.95,3.69,3.39,3.85,3.63,30,1.82,1.74,2.16,2.06,15.0,-0.5,2.02,1.97,1.93,1.89,2.0,3.65,3.97,1468.97,1544.66
B1,31/08/13,Gent,Bergen,1,0,H,1,0,H,1.44,4.33,7.0,1.48,3.9,6.0,1.37,4.1,7.0,1.4,4.33,6.0,1.45,4.79,7.45,1.44,4.0,6.5,1.44,4.0,7.0,1.44,4.75,7.0,33,1.5,1.43,4.79,4.26,7.6,6.71,22,1.68,1.6,2.38,2.24,16.0,-1.0,1.81,1.72,2.23,2.15,1.46,4.83,7.54,1637.7,1554.29
B1,31/08/13,Lokeren,Oostende,1,0,H,0,0,D,1.44,4.33,7.0,1.44,4.0,6.5,1.45,3.9,6.0,1.4,4.2,6.5,1.44,4.83,7.75,1.44,4.0,6.5,1.44,4.0,7.5,1.4,4.8,8.5,33,1.48,1.43,4.83,4.2,8.5,6.94,26,1.75,1.64,2.32,2.19,16.0,-1.0,1.82,1.74,2.25,2.13,1.51,4.82,6.48,1707.92,1482.86
B1,31/08/13,Mechelen,Lierse,0,0,D,0,0,D,1.57,3.75,6.0,1.65,3.6,4.6,1.6,3.6,4.8,1.6,3.7,5.25,1.62,4.09,5.9,1.61,3.75,5.0,1.62,3.6,5.75,1.62,4.0,5.5,32,1.7,1.6,4.09,3.72,6.0,5.42,29,1.9,1.78,2.15,2.0,16.0,-1.0,2.25,2.08,1.82,1.76,1.57,4.32,6.42,1586.36,1498.5
B1,01/09/13,Charleroi,Genk,1,1,D,1,1,D,4.5,3.75,1.75,4.0,3.6,1.75,4.0,3.4,1.75,4.1,3.8,1.7,4.57,3.94,1.79,4.0,3.75,1.75,4.33,3.6,1.73,4.3,3.9,1.8,33,5.1,4.25,3.94,3.59,1.85,1.76,21,1.68,1.62,2.38,2.22,15.0,0.75,1.89,1.83,2.07,2.02,5.07,4.06,1.72,1518.5,1715.78
B1,01/09/13,Standard,Kortrijk,2,0,H,0,0,D,1.36,4.75,8.5,1.4,4.0,7.5,1.3,4.6,8.0,1.33,4.6,8.5,1.38,4.98,9.37,1.36,4.5,7.5,1.36,4.33,9.0,1.36,4.8,9.5,32,1.4,1.35,4.98,4.58,10.5,8.2,21,1.8,1.7,2.2,2.07,15.0,-1.5,2.2,2.12,1.81,1.74,1.44,4.9,7.98,1733.88,1584.47
B1,01/09/13,Waasland-Beveren,Club Brugge,1,2,A,0,1,A,4.5,3.75,1.75,4.2,3.6,1.7,4.5,3.5,1.65,4.3,3.5,1.73,4.5,3.82,1.83,3.8,3.6,1.83,4.33,3.75,1.73,4.75,3.8,1.75,33,4.75,4.32,3.85,3.61,1.83,1.75,21,1.75,1.66,2.34,2.14,13.0,0.5,2.15,2.09,1.84,1.77,4.9,3.81,1.79,1506.82,1755.14
B1,01/09/13,Waregem,Anderlecht,4,3,H,1,1,D,4.5,3.5,1.8,3.9,3.3,1.85,4.0,3.2,1.8,3.9,3.6,1.75,4.03,3.82,1.93,3.5,3.6,1.91,4.0,3.4,1.83,3.9,3.8,1.91,33,4.5,3.89,3.82,3.45,1.94,1.87,20,1.75,1.66,2.25,2.13,15.0,0.5,2.01,1.95,1.95,1.9,3.89,3.76,1.99,1734.14,1845.26
B1,14/09/13,Anderlecht,Mechelen,5,0,H,4,0,H,1.36,4.6,8.5,1.36,4.5,7.0,1.35,4.2,7.5,1.36,4.5,7.5,1.37,5.17,9.32,1.36,4.5,7.5,1.36,4.5,7.5,1.36,5.0,8.0,34,1.4,1.36,5.3,4.62,9.41,7.88,23,1.58,1.51,2.62,2.45,16.0,-1.5,2.16,2.09,1.86,1.77,1.38,5.51,8.5,1832.36,1580.19
B1,14/09/13,Bergen,Waasland-Beveren,1,1,D,1,0,H,2.0,3.4,3.75,2.0,3.4,3.25,1.9,3.3,3.5,1.91,3.4,3.5,1.99,3.61,3.97,1.91,3.4,3.75,2.0,3.3,3.6,2.0,3.6,3.7,34,2.0,1.95,3.7,3.38,4.15,3.67,24,1.77,1.69,2.3,2.09,15.0,-0.5,2.02,1.97,1.92,1.88,1.96,3.66,4.14,1547.84,1499.35
B1,14/09/13,Club Brugge,Lierse,4,1,H,1,0,H,1.33,5.0,8.5,1.33,4.75,7.5,1.35,4.2,7.5,1.35,4.6,8.0,1.34,5.36,10.23,1.33,5.0,7.5,1.36,4.8,8.0,1.36,5.25,8.5,34,1.39,1.34,5.38,4.81,10.33,8.14,23,1.6,1.52,2.64,2.53,18.0,-1.5,2.16,2.03,1.87,1.81,1.37,5.61,8.53,1762.61,1504.67
B1,14/09/13,Kortrijk,Gent,3,0,H,1,0,H,3.4,3.4,2.1,3.25,3.4,2.0,3.3,3.2,2.0,3.3,3.3,2.05,3.55,3.46,2.18,3.4,3.4,2.0,3.25,3.3,2.1,3.3,3.4,2.2,34,3.55,3.3,3.6,3.33,2.2,2.1,31,1.97,1.86,1.97,1.92,15.0,0.25,2.03,1.97,1.93,1.88,3.39,3.48,2.26,1579.66,1644.15
B1,14/09/13,Lokeren,Cercle Brugge,3,0,H,2,0,H,1.53,4.0,6.0,1.5,3.75,6.0,1.5,3.8,5.5,1.45,4.2,5.75,1.48,4.5,7.47,1.5,4.0,6.0,1.44,4.0,6.5,1.5,4.5,6.5,34,1.53,1.47,4.5,4.1,7.47,6.32,24,1.73,1.65,2.38,2.15,18.0,-1.0,1.85,1.81,2.1,2.03,1.52,4.82,6.24,1711.26,1468.1
B1,14/09/13,Oud-Heverlee Leuven,Charleroi,0,0,D,0,0,D,2.0,3.5,3.6,2.0,3.4,3.3,2.0,3.2,3.3,1.95,3.3,3.4,2.07,3.63,3.7,2.1,3.25,3.25,2.0,3.3,3.6,2.05,3.6,3.5,34,2.12,2.03,3.65,3.35,3.7,3.45,24,1.73,1.68,2.38,2.11,15.0,-0.5,2.1,2.05,1.87,1.81,2.06,3.63,3.75,1545.53,1521.91
B1,15/09/13,Genk,Waregem,5,2,H,1,1,D,1.8,3.75,4.2,1.95,3.5,4.2,1.8,3.2,4.0,1.75,3.6,3.9,1.83,3.91,4.37,1.8,3.5,4.0,1.8,3.5,4.33,1.83,3.9,4.1,34,1.86,1.8,3.91,3.56,4.65,4.08,22,1.72,1.6,2.38,2.26,15.0,-0.5,1.84,1.8,2.11,2.05,1.69,4.18,5.13,1712.37,1747.04
B1,15/09/13,Oostende,Standard,2,4,A,1,3,A,6.5,4.0,1.5,5.5,4.0,1.5,6.0,3.9,1.45,5.75,3.9,1.5,6.29,4.28,1.57,6.0,4.0,1.5,5.5,4.0,1.53,5.75,4.2,1.57,34,6.5,5.66,4.28,4.0,1.6,1.53,30,1.8,1.69,2.25,2.12,18.0,1.0,1.91,1.84,2.08,2.0,5.58,4.36,1.62,1479.52,1738.69
B1,21/09/13,Charleroi,Cercle Brugge,2,0,H,0,0,D,2.3,3.4,3.0,2.25,3.2,2.9,2.2,3.1,3.0,2.25,3.1,3.0,2.38,3.46,3.11,2.3,3.25,2.87,2.3,3.3,3.0,2.38,3.4,3.0,33,2.4,2.28,3.5,3.28,3.11,2.96,30,1.97,1.88,2.02,1.9,15.0,0.0,1.77,1.7,2.28,2.15,2.08,3.57,3.75,1526.18,1465.05
B1,21/09/13,Gent,Oostende,1,1,D,0,0,D,1.4,4.75,7.0,1.36,5.0,6.0,1.3,4.4,8.5,1.36,4.5,7.5,1.37,5.14,9.27,1.36,4.5,7.5,1.36,4.8,7.5,1.36,5.0,8.5,33,1.4,1.35,5.14,4.75,9.3,7.64,22,1.67,1.59,2.48,2.26,16.0,-1.5,2.2,2.07,1.85,1.77,1.42,4.94,8.56,1632.92,1472.38
B1,21/09/13,Lierse,Kortrijk,2,0,H,1,0,H,3.1,3.25,2.3,3.0,3.3,2.15,3.0,3.1,2.2,2.9,3.1,2.3,3.26,3.42,2.33,3.0,3.2,2.25,3.0,3.2,2.3,3.12,3.4,2.3,33,3.26,2.99,3.45,3.22,2.45,2.29,30,2.12,1.99,1.9,1.79,15.0,0.0,2.34,2.19,1.73,1.67,3.27,3.4,2.36,1501.85,1590.89
B1,21/09/13,Mechelen,Bergen,4,2,H,2,1,H,1.75,3.6,4.5,1.75,3.6,4.0,1.7,3.4,4.3,1.73,3.5,4.3,1.77,3.94,4.74,1.75,3.75,4.0,1.73,3.5,4.5,1.75,3.9,4.4,33,1.85,1.75,3.94,3.57,4.74,4.33,24,1.75,1.67,2.25,2.12,14.0,-0.75,2.09,2.0,1.92,1.85,1.76,4.0,4.85,1577.28,1542.8
B1,22/09/13,Club Brugge,Anderlecht,4,0,H,1,0,H,3.1,3.4,2.25,2.95,3.25,2.2,3.0,3.1,2.2,3.0,3.3,2.15,3.2,3.56,2.29,2.88,3.5,2.2,3.0,3.3,2.25,3.0,3.5,2.3,33,3.2,3.01,3.56,3.33,2.38,2.22,23,1.7,1.63,2.38,2.18,15.0,0.0,2.34,2.24,1.71,1.64,3.03,3.7,2.36,1765.43,1835.27
B1,22/09/13,Standard,Lokeren,2,1,H,2,1,H,1.6,4.0,5.25,1.5,4.0,5.5,1.55,3.7,5.0,1.57,3.9,4.8,1.61,4.25,5.7,1.6,3.8,5.0,1.57,3.8,5.25,1.62,4.2,5.0,33,1.64,1.58,4.25,3.87,5.8,5.17,22,1.67,1.6,2.48,2.25,16.0,-1.0,2.15,2.06,1.87,1.77,1.56,4.43,6.34,1745.83,1714.31
B1,22/09/13,Waasland-Beveren,Genk,0,0,D,0,0,D,5.5,4.0,1.57,5.25,3.9,1.53,5.0,3.7,1.55,5.25,3.9,1.55,5.74,4.24,1.61,4.75,3.8,1.62,5.5,4.0,1.53,5.75,4.2,1.57,33,6.2,5.41,4.24,3.92,1.62,1.56,21,1.72,1.61,2.32,2.22,17.0,1.0,1.93,1.86,2.04,1.98,5.92,4.23,1.61,1504.39,1722.55
B1,22/09/13,Waregem,Oud-Heverlee Leuven,4,2,H,0,1,A,1.5,4.0,7.0,1.45,4.1,6.0,1.45,3.9,6.0,1.45,4.1,6.5,1.5,4.56,6.85,1.5,4.2,5.5,1.5,4.0,6.25,1.5,4.5,6.5,33,1.51,1.47,4.56,4.13,7.1,6.31,22,1.7,1.6,2.54,2.25,16.0,-1.0,1.88,1.82,2.09,2.03,1.49,4.65,7.13,1736.86,1541.26
B1,28/09/13,Bergen,Club Brugge,0,1,A,0,1,A,5.75,4.0,1.57,6.0,3.75,1.5,5.5,3.8,1.5,5.25,3.9,1.55,5.25,4.35,1.64,5.5,3.8,1.53,5.25,4.0,1.57,5.0,4.3,1.62,33,6.7,5.34,4.35,3.99,1.64,1.55,21,1.62,1.55,2.62,2.36,14.0,0.75,2.19,2.11,1.82,1.75,4.76,4.32,1.71,1534.91,1776.85
B1,28/09/13,Genk,Mechelen,1,0,H,0,0,D,1.5,4.0,7.0,1.5,4.25,5.0,1.5,3.8,5.5,1.5,4.1,5.5,1.52,4.6,6.44,1.53,3.8,5.5,1.5,4.0,6.0,1.53,4.5,5.75,33,1.55,1.5,4.6,4.11,7.1,5.79,21,1.63,1.54,2.62,2.37,17.0,-1.0,1.92,1.86,2.08,1.97,1.48,4.74,7.19,1718.46,1585.17
B1,28/09/13,Kortrijk,Waasland-Beveren,2,1,H,2,1,H,1.62,3.8,5.5,1.65,3.6,4.6,1.75,3.3,4.2,1.66,3.5,4.8,1.66,3.99,5.6,1.67,3.6,4.5,1.67,3.6,5.0,1.7,3.8,5.0,33,1.75,1.66,3.99,3.62,6.0,4.96,30,1.95,1.84,2.08,1.93,15.0,-1.0,2.3,2.19,1.73,1.68,1.68,3.93,5.66,1578.78,1508.48
B1,28/09/13,Lokeren,Waregem,2,4,A,0,1,A,2.05,3.6,3.3,2.0,3.4,3.25,2.0,3.2,3.3,2.0,3.3,3.3,2.05,3.69,3.67,2.0,3.4,3.3,1.95,3.5,3.5,2.05,3.6,3.4,33,2.06,1.98,3.75,3.5,3.7,3.42,23,1.77,1.62,2.4,2.21,14.0,-0.5,2.11,2.03,1.88,1.82,1.96,3.81,3.96,1706.33,1740.72
B1,28/09/13,Oostende,Charleroi,1,0,H,1,0,H,2.1,3.4,3.4,2.1,3.2,3.2,2.2,3.1,3.0,2.1,3.2,3.2,2.13,3.52,3.61,2.25,3.25,2.9,2.1,3.3,3.4,2.1,3.5,3.4,33,2.25,2.12,3.6,3.31,3.61,3.24,30,1.95,1.83,2.04,1.95,14.0,-0.25,1.87,1.82,2.1,2.03,2.08,3.52,3.83,1480.32,1533.27
B1,28/09/13,Oud-Heverlee Leuven,Gent,1,1,D,0,1,A,3.6,3.6,1.95,3.4,3.5,1.91,3.6,3.2,1.9,3.6,3.5,1.85,3.87,3.77,1.98,3.4,3.5,1.95,3.5,3.5,1.95,3.5,3.75,2.0,33,3.9,3.57,3.77,3.45,2.04,1.95,23,1.72,1.62,2.3,2.21,14.0,0.5,1.92,1.86,2.05,1.98,3.47,3.68,2.15,1537.4,1624.98
B1,29/09/13,Anderlecht,Lierse,2,0,H,0,0,D,1.18,6.5,15.0,1.2,6.0,10.0,1.2,5.2,11.0,1.22,6.0,11.0,1.23,6.89,13.26,1.25,5.0,10.0,1.2,6.25,11.0,1.2,6.5,15.0,33,1.25,1.2,7.5,6.21,17.0,11.92,20,1.47,1.42,2.98,2.71,17.0,-2.0,2.09,2.01,1.92,1.82,1.2,8.12,13.76,1823.85,1513.96
B1,29/09/13,Cercle Brugge,Standard,0,5,A,0,3,A,7.0,3.9,1.5,6.0,4.1,1.45,5.5,3.8,1.5,6.0,3.9,1.45,7.07,4.4,1.51,6.0,3.8,1.5,6.5,4.0,1.5,6.5,4.33,1.5,33,8.0,6.23,4.4,4.02,1.52,1.49,29,1.82,1.73,2.2,2.06,17.0,1.0,2.06,1.97,1.92,1.86,7.19,4.7,1.49,1457.96,1753.81
B1,05/10/13,Charleroi,Lokeren,2,1,H,1,0,H,3.5,3.4,2.05,3.2,3.5,2.0,3.3,3.2,2.0,3.3,3.4,1.95,3.55,3.56,2.14,3.3,3.5,2.0,3.4,3.4,2.05,3.5,3.5,2.1,33,3.55,3.38,3.6,3.37,2.15,2.04,26,1.75,1.66,2.3,2.16,15.0,0.25,2.11,2.05,1.88,1.8,3.74,3.63,2.06,1522.45,1691.5
B1,05/10/13,Club Brugge,Oud-Heverlee Leuven,1,0,H,1,0,H,1.3,5.0,10.0,1.3,4.6,9.0,1.3,4.4,8.5,1.3,4.75,8.5,1.35,5.5,9.33,1.36,4.75,7.0,1.33,4.8,7.5,1.36,5.5,8.5,33,1.38,1.33,5.5,4.86,10.25,8.25,21,1.5,1.46,2.88,2.56,18.0,-1.5,2.08,2.01,1.9,1.83,1.31,5.99,10.5,1784.51,1536.95
B1,05/10/13,Lierse,Bergen,2,1,H,1,0,H,2.1,3.4,3.4,2.0,3.5,3.2,2.0,3.2,3.3,2.1,3.1,3.25,2.15,3.54,3.53,2.15,3.3,3.1,2.1,3.4,3.3,2.15,3.5,3.4,33,2.25,2.12,3.55,3.34,3.53,3.23,30,2.02,1.9,1.97,1.88,14.0,-0.5,2.2,2.14,1.78,1.72,2.33,3.48,3.25,1511.8,1527.25
B1,05/10/13,Mechelen,Cercle Brugge,1,2,A,0,0,D,1.57,4.0,5.75,1.57,3.75,5.0,1.6,3.6,4.8,1.6,3.75,5.0,1.6,4.2,6.01,1.62,3.8,4.8,1.57,3.75,5.8,1.62,4.2,5.4,33,1.65,1.59,4.2,3.77,6.01,5.36,28,1.8,1.68,2.25,2.13,18.0,-1.0,2.16,2.05,1.85,1.8,1.57,4.58,5.95,1579.99,1451.84
B1,05/10/13,Waasland-Beveren,Oostende,2,0,H,1,0,H,2.38,3.25,3.0,2.3,3.2,2.8,2.3,3.1,2.8,2.3,3.2,2.9,2.43,3.42,3.06,2.38,3.2,2.8,2.38,3.3,2.8,2.45,3.4,3.0,33,2.45,2.35,3.6,3.26,3.06,2.87,30,2.04,1.94,1.92,1.84,16.0,0.0,1.77,1.72,2.23,2.12,2.3,3.4,3.37,1501.66,1491.14
B1,06/10/13,Anderlecht,Kortrijk,0,1,A,0,1,A,1.29,5.5,9.5,1.26,5.5,8.25,1.25,4.8,9.5,1.3,5.0,9.0,1.3,5.73,11.29,1.3,5.0,8.5,1.29,5.5,8.5,1.3,5.5,10.0,33,1.32,1.28,6.0,5.31,11.29,9.09,22,1.67,1.54,2.53,2.38,17.0,-1.5,1.97,1.9,2.02,1.93,1.4,5.27,8.27,1826.01,1585.6
B1,06/10/13,Gent,Genk,1,2,A,1,0,H,2.4,3.3,2.9,2.45,3.4,2.5,2.4,3.3,2.6,2.37,3.25,2.75,2.56,3.64,2.74,2.38,3.5,2.6,2.5,3.3,2.63,2.5,3.6,2.75,33,2.56,2.44,3.64,3.33,2.9,2.69,22,1.65,1.55,2.56,2.35,17.0,0.0,1.88,1.82,2.05,2.0,2.57,3.54,2.81,1625.43,1723.64
B1,06/10/13,Waregem,Standard,1,0,H,0,0,D,3.2,3.4,2.2,3.0,3.4,2.1,3.2,3.1,2.1,2.9,3.25,2.2,3.17,3.58,2.3,2.88,3.6,2.15,3.0,3.3,2.25,3.0,3.5,2.3,33,3.25,3.03,3.6,3.35,2.3,2.2,22,1.7,1.57,2.5,2.3,15.0,0.25,1.92,1.88,2.02,1.97,3.56,3.72,2.1,1755.55,1759.93
B1,18/10/13,Bergen,Anderlecht,0,2,A,0,2,A,5.5,4.33,1.53,5.5,4.4,1.45,5.5,3.8,1.5,5.5,3.9,1.5,5.94,4.68,1.54,5.0,4.2,1.53,5.75,4.0,1.5,5.75,4.5,1.53,38,7.0,5.77,4.8,4.23,1.55,1.5,26,1.65,1.57,2.56,2.3,20.0,1.0,2.06,1.98,1.92,1.86,7.3,5.18,1.44,1517.73,1804.1
B1,19/10/13,Cercle Brugge,Waregem,1,1,D,1,0,H,3.75,3.6,1.91,3.9,3.6,1.78,3.6,3.2,1.9,3.6,3.4,1.9,4.03,3.84,1.92,3.4,3.5,1.95,3.8,3.5,1.9,3.9,3.8,1.9,35,4.1,3.74,3.84,3.49,1.96,1.89,26,1.78,1.64,2.38,2.17,17.0,0.5,2.0,1.95,1.94,1.9,4.12,3.87,1.91,1471.54,1764.69
B1,19/10/13,Genk,Lierse,4,0,H,3,0,H,1.33,4.6,10.0,1.3,4.75,8.5,1.3,4.4,8.5,1.3,4.8,9.0,1.32,5.62,10.55,1.29,5.0,9.0,1.3,4.8,9.5,1.3,5.5,10.0,36,1.33,1.3,5.62,4.96,12.0,9.2,25,1.67,1.56,2.54,2.33,20.0,-1.5,1.95,1.9,2.02,1.93,1.31,5.75,11.45,1736.2,1521.32
B1,19/10/13,Lokeren,Gent,2,2,D,2,0,H,2.3,3.4,3.0,2.25,3.4,2.75,2.2,3.2,2.9,2.2,3.3,2.87,2.36,3.58,3.06,2.2,3.5,2.88,2.25,3.3,3.0,2.38,3.5,2.9,36,2.41,2.29,3.57,3.34,3.1,2.89,27,1.67,1.62,2.44,2.2,17.0,-0.25,2.13,2.05,1.85,1.8,2.17,3.66,3.48,1676.55,1612.87
B1,19/10/13,Oostende,Mechelen,0,3,A,0,3,A,2.5,3.3,2.8,2.5,3.2,2.55,2.4,3.2,2.65,2.45,3.1,2.65,2.65,3.39,2.8,2.45,3.2,2.7,2.5,3.2,2.63,2.7,3.3,2.7,36,2.7,2.52,3.6,3.2,2.85,2.68,34,1.97,1.9,2.02,1.88,18.0,0.0,1.96,1.88,2.02,1.94,2.87,3.45,2.59,1482.49,1560.29
B1,19/10/13,Oud-Heverlee Leuven,Waasland-Beveren,4,2,H,1,1,D,1.95,3.5,3.8,1.95,3.25,3.6,1.9,3.2,3.6,1.95,3.25,3.6,2.09,3.52,3.73,2.0,3.4,3.4,2.0,3.4,3.5,2.0,3.5,3.8,36,2.09,1.98,3.52,3.38,4.15,3.56,34,1.99,1.9,1.97,1.88,17.0,-0.5,2.09,2.01,1.89,1.84,2.04,3.57,3.92,1533.97,1510.31
B1,20/10/13,Kortrijk,Club Brugge,4,1,H,1,1,D,3.2,3.4,2.2,3.0,3.4,2.1,3.3,3.2,2.0,3.1,3.25,2.1,3.22,3.52,2.3,3.1,3.3,2.15,3.13,3.3,2.2,3.12,3.5,2.25,36,3.4,3.1,3.6,3.33,2.3,2.17,33,1.85,1.74,2.15,2.05,17.0,0.25,1.96,1.91,2.0,1.94,2.98,3.42,2.53,1607.51,1787.49
B1,20/10/13,Standard,Charleroi,2,2,D,0,1,A,1.22,5.75,13.0,1.2,6.0,10.0,1.25,4.8,9.5,1.2,6.0,12.0,1.23,6.85,14.3,1.22,6.0,10.0,1.22,5.75,12.0,1.2,6.5,15.0,36,1.25,1.22,6.9,5.89,15.0,11.43,21,1.55,1.46,2.8,2.59,17.0,-1.75,1.85,1.82,2.11,2.04,1.26,6.67,11.81,1750.79,1537.4
B1,25/10/13,Gent,Cercle Brugge,1,1,D,0,1,A,1.36,4.75,8.0,1.36,4.2,8.0,1.35,4.2,7.5,1.36,4.33,7.5,1.38,5.08,9.19,1.35,4.6,7.5,1.36,4.5,8.0,1.36,5.0,9.5,34,1.4,1.35,5.08,4.56,9.5,8.2,31,1.74,1.67,2.26,2.14,17.0,-1.5,2.12,2.06,1.84,1.78,1.37,5.16,9.42,1618.36,1477.85
B1,26/10/13,Bergen,Kortrijk,0,1,A,0,1,A,3.6,3.5,2.0,3.4,3.4,1.95,3.3,3.2,2.0,3.4,3.3,1.95,3.7,3.43,2.14,3.3,3.3,2.05,3.3,3.3,2.1,3.5,3.5,2.1,35,3.7,3.34,3.5,3.29,2.15,2.07,33,1.99,1.9,1.94,1.88,15.0,0.25,2.1,2.05,1.85,1.81,3.31,3.51,2.28,1511.36,1622.84
B1,26/10/13,Lierse,Oostende,0,2,A,0,0,D,2.0,3.4,3.75,2.0,3.25,3.4,2.0,3.2,3.3,2.0,3.3,3.4,2.04,3.45,3.98,2.05,3.25,3.4,2.05,3.3,3.5,2.05,3.4,3.75,35,2.1,2.01,3.5,3.32,3.98,3.52,33,2.04,1.95,1.92,1.82,16.0,-0.5,2.08,2.02,1.89,1.84,2.03,3.52,4.04,1517.81,1469.19
B1,26/10/13,Mechelen,Oud-Heverlee Leuven,4,2,H,1,1,D,1.62,3.75,5.5,1.57,3.75,5.0,1.6,3.6,4.8,1.61,3.75,4.8,1.68,3.99,5.5,1.61,3.8,4.8,1.62,3.8,5.0,1.65,3.9,5.4,35,1.67,1.62,3.99,3.78,5.53,5.01,33,1.74,1.67,2.25,2.14,16.0,-0.75,1.88,1.81,2.13,2.04,1.69,4.23,5.01,1573.59,1542.2
B1,26/10/13,Waasland-Beveren,Lokeren,0,2,A,0,2,A,3.75,3.4,2.0,3.4,3.25,2.0,3.6,3.2,1.9,3.4,3.25,2.0,3.83,3.52,2.06,3.4,3.25,2.05,3.5,3.25,2.05,3.7,3.5,2.0,35,3.83,3.54,3.52,3.3,2.06,2.01,33,2.06,1.95,1.91,1.82,16.0,0.5,1.86,1.82,2.09,2.04,3.89,3.54,2.06,1502.08,1671.06
B1,27/10/13,Anderlecht,Standard,1,1,D,1,1,D,2.0,3.5,3.6,2.0,3.3,3.4,2.0,3.2,3.3,2.0,3.4,3.25,2.1,3.6,3.63,2.0,3.5,3.3,2.05,3.3,3.4,2.1,3.6,3.4,35,2.12,2.04,3.6,3.4,3.63,3.35,29,1.72,1.64,2.3,2.17,16.0,-0.5,2.14,2.07,1.84,1.79,2.22,3.48,3.48,1810.47,1741.82
B1,27/10/13,Club Brugge,Genk,0,2,A,0,1,A,2.2,3.3,3.25,2.1,3.4,3.0,2.1,3.1,3.2,2.15,3.3,2.9,2.3,3.57,3.18,2.15,3.4,3.0,2.25,3.25,3.13,2.25,3.5,3.1,35,2.3,2.2,3.57,3.31,3.25,3.05,25,1.72,1.65,2.3,2.14,16.0,-0.25,2.01,1.97,1.93,1.88,2.45,3.42,3.08,1772.16,1739.71
B1,27/10/13,Waregem,Charleroi,1,1,D,1,0,H,1.5,4.0,7.0,1.5,4.0,5.5,1.45,3.9,6.0,1.45,4.1,6.0,1.52,4.4,6.82,1.53,4.2,5.0,1.5,4.0,6.0,1.53,4.33,6.0,35,1.53,1.49,4.5,4.06,7.0,6.03,24,1.66,1.61,2.32,2.22,18.0,-1.0,1.93,1.88,2.01,1.96,1.47,4.69,7.57,1758.38,1546.37
B1,30/10/13,Charleroi,Mechelen,2,2,D,0,0,D,3.0,3.4,2.3,2.6,3.25,2.45,2.5,3.2,2.5,2.7,3.1,2.45,2.91,3.46,2.52,2.62,3.25,2.5,2.63,3.25,2.5,2.88,3.4,2.4,34,3.0,2.77,3.5,3.23,2.55,2.43,31,2.0,1.9,1.95,1.86,17.0,0.0,2.13,2.04,1.85,1.78,2.78,3.48,2.65,1555.31,1581.58
B1,30/10/13,Genk,Kortrijk,1,0,H,0,0,D,1.53,4.0,6.0,1.55,3.8,5.25,1.55,3.7,5.0,1.5,3.9,5.5,1.52,4.35,6.95,1.55,3.8,5.5,1.5,4.0,6.0,1.5,4.3,6.25,34,1.55,1.51,4.35,3.93,7.0,5.93,29,1.76,1.67,2.25,2.14,17.0,-1.0,1.92,1.87,2.02,1.96,1.56,4.43,6.39,1756.76,1634.93
B1,30/10/13,Lokeren,Lierse,1,0,H,1,0,H,1.44,4.2,7.5,1.45,3.75,7.0,1.5,3.8,5.5,1.4,4.2,7.0,1.43,4.73,8.38,1.44,4.2,6.5,1.4,4.33,7.5,1.4,4.6,8.0,34,1.5,1.41,4.73,4.22,8.38,7.08,25,1.73,1.66,2.22,2.14,15.0,-1.25,2.0,1.96,1.94,1.89,1.38,5.28,9.14,1681.11,1500.27
B1,30/10/13,Oostende,Anderlecht,0,3,A,0,1,A,6.0,4.33,1.5,5.5,4.4,1.44,6.5,4.0,1.4,6.0,4.2,1.45,6.58,4.49,1.53,5.5,4.2,1.5,6.0,4.0,1.5,6.5,4.4,1.45,34,6.8,6.12,4.5,4.22,1.53,1.46,22,1.7,1.62,2.3,2.2,17.0,1.0,2.04,1.99,1.91,1.84,5.96,4.18,1.62,1486.73,1804.84
B1,30/10/13,Oud-Heverlee Leuven,Bergen,2,2,D,2,2,D,1.91,3.4,4.0,1.91,3.2,3.75,1.85,3.2,3.8,1.95,3.1,3.6,2.08,3.58,3.7,2.0,3.4,3.4,2.05,3.25,3.6,2.05,3.5,3.5,34,2.08,1.96,3.58,3.33,4.0,3.65,29,1.85,1.75,2.12,2.03,15.0,-0.5,2.08,2.01,1.88,1.83,2.48,3.48,2.99,1534.21,1499.27
B1,30/10/13,Waregem,Gent,3,2,H,1,1,D,2.0,3.4,3.75,2.0,3.4,3.25,1.75,3.3,4.2,1.85,3.4,3.7,1.99,3.71,3.87,2.0,3.5,3.3,2.05,3.3,3.5,2.0,3.7,3.5,34,2.0,1.95,3.71,3.38,4.2,3.63,28,1.75,1.69,2.25,2.11,14.0,-0.5,2.04,1.99,1.92,1.86,2.11,3.56,3.69,1749.44,1610.87
B1,31/10/13,Cercle Brugge,Club Brugge,2,0,H,1,0,H,6.0,4.0,1.53,5.5,3.6,1.55,5.0,3.7,1.55,5.75,3.9,1.5,6.55,4.37,1.54,5.5,4.2,1.5,6.0,4.0,1.53,6.25,4.33,1.5,34,6.55,5.85,4.37,3.97,1.58,1.51,24,1.72,1.65,2.33,2.16,17.0,1.0,2.0,1.95,1.92,1.88,6.5,4.46,1.55,1485.34,1755.11
B1,31/10/13,Standard,Waasland-Beveren,2,2,D,1,1,D,1.2,6.5,13.0,1.2,6.0,10.0,1.22,5.0,10.0,1.2,6.0,14.0,1.2,7.1,17.0,1.18,6.0,13.0,1.18,6.5,12.0,1.17,7.0,17.0,34,1.22,1.18,7.1,6.32,18.11,12.77,19,1.62,1.54,2.54,2.37,16.0,-2.0,2.07,1.99,1.92,1.85,1.23,6.97,14.7,1747.45,1492.03
B1,02/11/13,Anderlecht,Oud-Heverlee Leuven,3,1,H,2,0,H,1.22,6.5,11.0,1.19,6.0,10.5,1.2,5.2,11.0,1.22,5.75,11.0,1.25,6.6,12.7,1.25,5.5,12.0,1.22,6.25,9.5,1.25,6.25,11.0,33,1.26,1.22,6.6,6.05,13.02,10.16,21,1.53,1.47,2.7,1.54,15.0,-1.75,2.0,1.93,1.96,1.92,1.24,6.85,14.0,1810.38,1529.59
B1,02/11/13,Bergen,Genk,2,3,A,0,1,A,6.0,3.75,1.57,6.0,3.7,1.5,5.0,3.7,1.55,5.25,3.9,1.53,6.09,4.28,1.58,5.5,3.8,1.53,5.5,3.8,1.57,5.5,4.2,1.6,33,6.09,5.49,4.28,3.84,1.6,1.55,25,1.73,1.65,2.3,2.16,17.0,1.0,1.89,1.84,2.06,1.99,4.65,3.99,1.79,1503.89,1762.21
B1,02/11/13,Kortrijk,Oostende,2,0,H,2,0,H,1.53,4.0,6.0,1.57,3.8,5.0,1.55,3.7,5.0,1.53,3.8,5.75,1.59,4.12,6.25,1.55,3.8,5.5,1.57,3.8,5.5,1.57,4.1,6.0,33,1.6,1.55,4.12,3.84,6.25,5.55,31,1.92,1.84,2.0,1.93,17.0,-1.0,2.1,2.02,1.88,1.81,1.72,3.92,5.3,1629.48,1481.19
B1,02/11/13,Lierse,Charleroi,2,1,H,0,0,D,2.38,3.4,2.88,2.25,3.4,2.75,2.2,3.1,3.0,2.35,3.2,2.8,2.36,3.44,3.17,2.3,3.25,2.87,2.3,3.25,2.88,2.38,3.4,3.0,33,2.38,2.31,3.44,3.24,3.17,2.93,31,2.11,1.96,1.9,1.81,16.0,0.0,1.76,1.69,2.28,2.17,2.4,3.41,3.2,1496.13,1552.7
B1,02/11/13,Mechelen,Waregem,2,2,D,0,0,D,2.8,3.4,2.4,2.6,3.4,2.35,2.75,3.2,2.3,2.75,3.25,2.3,2.73,3.63,2.57,2.7,3.5,2.3,2.63,3.3,2.5,2.8,3.6,2.4,33,2.95,2.7,3.63,3.31,2.6,2.43,23,1.67,1.61,2.33,2.21,17.0,0.0,2.09,1.98,1.92,1.85,2.52,3.66,2.82,1584.19,1754.49
B1,03/11/13,Club Brugge,Lokeren,1,0,H,1,0,H,1.91,3.4,4.0,1.85,3.5,3.6,1.75,3.3,4.2,1.85,3.4,3.75,1.97,3.77,3.89,1.75,3.75,4.0,1.9,3.4,3.8,1.83,3.75,4.2,33,1.98,1.87,3.77,3.44,4.2,3.86,21,1.69,1.62,2.3,2.21,15.0,-0.75,2.29,2.2,1.84,1.69,1.83,3.76,4.75,1736.95,1685.25
B1,03/11/13,Gent,Standard,0,1,A,0,0,D,3.5,3.4,2.05,3.4,3.25,2.0,3.3,3.3,2.0,3.3,3.3,2.0,3.52,3.53,2.16,3.3,3.5,2.0,3.4,3.3,2.05,3.5,3.5,2.05,33,3.6,3.35,3.53,3.34,2.16,2.05,30,1.83,1.75,2.12,2.04,15.0,0.5,1.83,1.75,2.17,2.1,3.61,3.58,2.13,1605.82,1737.81
B1,03/11/13,Waasland-Beveren,Cercle Brugge,0,1,A,0,0,D,2.25,3.4,3.1,2.3,3.3,2.75,2.2,3.1,3.0,2.25,3.1,2.9,2.24,3.61,3.26,2.38,3.3,2.75,2.2,3.25,3.13,2.3,3.5,3.0,33,2.38,2.22,3.61,3.26,3.3,3.05,29,1.98,1.86,2.01,1.92,16.0,0.0,1.7,1.63,2.44,2.27,2.32,3.42,3.32,1501.67,1503.5
B1,08/11/13,Lokeren,Mechelen,4,0,H,2,0,H,1.83,3.6,4.2,1.8,3.4,4.0,1.8,3.2,4.0,1.8,3.4,4.0,1.87,3.82,4.27,1.75,3.75,4.0,1.8,3.5,4.33,1.85,3.8,4.2,37,1.88,1.81,3.97,3.63,4.33,4.01,34,1.73,1.67,2.3,2.17,18.0,-0.5,1.87,1.84,2.06,2.03,2.02,3.74,3.76,1677.89,1586.69
B1,09/11/13,Cercle Brugge,Kortrijk,3,1,H,2,0,H,2.8,3.25,2.5,2.75,3.3,2.3,2.7,3.1,2.4,2.7,3.1,2.45,2.98,3.4,2.5,2.7,3.2,2.45,2.75,3.3,2.5,2.88,3.3,2.5,34,3.0,2.76,3.45,3.22,2.5,2.44,31,2.15,2.03,1.83,1.76,17.0,0.0,2.14,2.05,1.83,1.78,3.05,3.31,2.53,1519.44,1634.31
B1,09/11/13,Charleroi,Gent,0,1,A,0,0,D,3.3,3.3,2.2,2.9,3.3,2.2,3.2,3.1,2.1,2.9,3.3,2.2,3.27,3.51,2.28,3.1,3.3,2.15,3.13,3.25,2.2,3.25,3.5,2.2,34,3.3,3.1,3.51,3.29,2.3,2.18,31,1.86,1.8,2.09,1.98,16.0,0.25,2.0,1.94,1.97,1.92,3.37,3.69,2.19,1541.75,1594.47
B1,09/11/13,Oostende,Bergen,2,0,H,2,0,H,2.1,3.4,3.4,2.2,3.2,3.0,2.1,3.1,3.2,2.1,3.1,3.3,2.19,3.43,3.54,2.15,3.2,3.2,2.2,3.25,3.25,2.15,3.4,3.4,35,2.2,2.14,3.43,3.26,3.54,3.23,32,2.1,1.98,1.88,1.8,16.0,-0.25,1.95,1.89,2.08,1.97,2.37,3.47,3.15,1476.36,1496.72
B1,09/11/13,Oud-Heverlee Leuven,Lierse,2,0,H,2,0,H,2.25,3.3,3.2,2.2,3.2,3.0,2.1,3.1,3.2,2.15,3.1,3.2,2.24,3.4,3.45,2.15,3.2,3.2,2.1,3.25,3.3,2.25,3.4,3.25,35,2.25,2.15,3.42,3.25,3.57,3.22,32,2.1,1.98,1.89,1.8,16.0,-0.25,1.97,1.89,2.03,1.96,2.22,3.43,3.53,1527.08,1507.08
B1,10/11/13,Genk,Anderlecht,0,1,A,0,0,D,2.55,3.4,2.63,2.5,3.3,2.5,2.4,3.1,2.7,2.45,3.4,2.5,2.64,3.53,2.72,2.4,3.5,2.6,2.5,3.25,2.75,2.6,3.5,2.62,35,2.64,2.49,3.53,3.28,2.8,2.66,27,1.72,1.65,2.3,2.16,17.0,0.0,1.92,1.86,2.08,1.96,2.35,3.48,3.15,1769.38,1812.89
B1,10/11/13,Standard,Club Brugge,0,0,D,0,0,D,1.73,3.8,4.5,1.75,3.6,4.0,1.8,3.2,4.0,1.72,3.6,4.25,1.79,3.88,4.66,1.75,3.75,4.0,1.73,3.75,4.5,1.75,3.9,4.5,33,1.8,1.73,3.88,3.65,4.66,4.31,29,1.74,1.67,2.25,2.15,15.0,-0.75,2.03,1.97,1.94,1.89,1.67,4.18,5.35,1749.16,1744.31
B1,10/11/13,Waregem,Waasland-Beveren,2,0,H,0,0,D,1.44,4.5,6.5,1.4,4.5,6.0,1.4,4.0,6.5,1.4,4.2,6.5,1.43,4.74,8.23,1.36,4.5,7.5,1.4,4.5,6.5,1.45,4.6,7.0,35,1.45,1.4,4.8,4.43,8.23,6.82,24,1.7,1.64,2.3,2.16,16.0,-1.25,2.05,2.0,1.89,1.86,1.4,5.02,8.81,1751.99,1485.73
B1,23/11/13,Cercle Brugge,Lierse,2,4,A,0,1,A,1.91,3.4,4.0,1.91,3.4,3.5,1.85,3.2,3.8,1.9,3.1,4.0,1.98,3.44,4.28,2.0,3.3,3.5,1.95,3.3,3.8,1.95,3.4,4.1,33,1.99,1.92,3.45,3.3,4.28,3.88,31,2.1,1.98,1.86,1.79,15.0,-0.5,2.0,1.96,1.94,1.89,1.99,3.77,3.88,1532.47,1498.73
B1,23/11/13,Charleroi,Anderlecht,2,1,H,0,0,D,6.0,4.0,1.53,6.0,3.75,1.5,5.5,3.8,1.5,6.0,3.7,1.53,6.28,4.17,1.58,5.0,4.2,1.53,5.8,4.0,1.53,6.0,4.1,1.57,33,6.75,5.87,4.2,3.94,1.58,1.52,25,1.8,1.67,2.2,2.12,17.0,1.0,1.96,1.9,1.99,1.93,6.06,4.18,1.61,1527.56,1827.4
B1,23/11/13,Gent,Waasland-Beveren,2,0,H,0,0,D,1.4,4.5,8.0,1.45,3.75,7.0,1.45,3.9,6.0,1.4,4.2,7.5,1.47,4.54,7.75,1.4,4.2,7.5,1.4,4.33,7.0,1.4,4.6,8.5,33,1.47,1.4,4.59,4.29,8.5,7.35,31,1.83,1.75,2.12,2.03,15.0,-1.25,2.03,1.97,1.92,1.88,1.5,4.54,7.2,1608.66,1483.02
B1,23/11/13,Oostende,Genk,4,0,H,3,0,H,5.25,4.0,1.62,5.25,3.9,1.53,5.0,3.7,1.55,5.25,3.8,1.55,5.76,3.84,1.68,4.8,3.8,1.62,5.0,3.8,1.62,5.5,4.0,1.62,32,5.76,5.2,4.0,3.78,1.67,1.6,31,1.84,1.76,2.08,2.02,16.0,1.0,1.81,1.75,2.17,2.08,5.16,3.83,1.76,1486.04,1754.87
B1,23/11/13,Oud-Heverlee Leuven,Kortrijk,1,1,D,0,0,D,2.8,3.4,2.4,2.85,3.1,2.35,2.8,3.1,2.3,2.75,3.1,2.4,2.95,3.28,2.59,2.8,3.2,2.38,2.88,3.2,2.4,2.88,3.4,2.45,33,2.95,2.83,3.4,3.2,2.59,2.39,31,2.05,1.95,1.9,1.82,17.0,0.0,2.14,2.07,1.83,1.77,2.96,3.11,2.73,1535.43,1621.28
B1,23/11/13,Waregem,Mechelen,3,1,H,0,1,A,1.67,4.0,4.75,1.62,3.7,4.6,1.65,3.5,4.5,1.7,3.7,4.25,1.75,4.06,4.75,1.75,3.75,4.0,1.73,3.6,4.5,1.73,4.0,4.5,33,1.75,1.7,4.06,3.71,4.75,4.42,24,1.67,1.61,2.32,2.23,15.0,-0.75,1.98,1.93,1.98,1.92,1.71,4.2,4.92,1754.7,1580.45
B1,24/11/13,Lokeren,Club Brugge,0,3,A,0,2,A,2.38,3.2,3.0,2.4,3.3,2.65,2.5,3.2,2.5,2.35,3.1,2.8,2.44,3.55,2.96,2.4,3.3,2.7,2.4,3.13,2.88,,,,32,2.5,2.39,3.55,3.22,3.0,2.82,29,1.83,1.75,2.18,2.03,16.0,0.0,1.82,1.75,2.18,2.08,2.39,3.49,3.12,1684.13,1747.97
B1,24/11/13,Standard,Bergen,1,0,H,1,0,H,1.22,6.0,13.0,1.2,6.0,10.0,1.25,4.8,9.5,1.21,5.75,13.0,1.25,6.41,13.27,1.25,5.5,9.5,1.22,5.8,11.0,1.22,6.25,13.0,33,1.25,1.22,6.41,5.84,14.0,11.23,22,1.57,1.53,2.55,2.38,15.0,-1.75,1.97,1.91,1.99,1.94,1.26,6.6,12.9,1745.5,1487.04
B1,30/11/13,Bergen,Lokeren,1,0,H,1,0,H,3.5,3.3,2.1,3.1,3.4,2.05,3.1,3.2,2.1,3.3,3.2,2.05,3.43,3.61,2.16,3.1,3.3,2.15,3.2,3.3,2.1,3.25,3.6,2.15,34,3.5,3.21,3.63,3.34,2.21,2.12,32,1.84,1.77,2.11,2.01,16.0,0.25,2.04,1.98,1.9,1.87,3.77,3.65,2.04,1484.22,1670.33
B1,30/11/13,Club Brugge,Oostende,2,0,H,0,0,D,1.4,5.0,6.5,1.4,4.75,5.75,1.35,4.2,7.5,1.36,4.5,7.5,1.41,4.82,8.68,1.4,4.33,7.0,1.4,5.0,6.25,1.4,4.8,8.0,34,1.41,1.38,5.1,4.62,8.68,7.08,22,1.69,1.62,2.3,2.2,16.0,-1.25,1.98,1.93,2.0,1.92,1.47,4.87,7.11,1761.77,1504.18
B1,30/11/13,Mechelen,Gent,0,1,A,0,0,D,2.4,3.3,2.88,2.45,3.25,2.6,2.4,3.2,2.6,2.4,3.25,2.65,2.53,3.45,2.9,2.37,3.3,2.75,2.4,3.3,2.75,2.5,3.4,2.8,34,2.53,2.42,3.45,3.27,2.9,2.75,32,1.92,1.83,2.05,1.94,15.0,0.0,1.84,1.8,2.11,2.03,2.82,3.47,2.61,1576.18,1614.02
B1,30/11/13,Waasland-Beveren,Charleroi,0,0,D,0,0,D,2.3,3.4,3.0,2.25,3.1,3.0,2.2,3.2,2.9,2.2,3.25,3.0,2.3,3.46,3.26,2.2,3.2,3.1,2.25,3.25,3.13,2.3,3.4,3.12,34,2.35,2.24,3.46,3.24,3.26,3.07,32,2.01,1.92,1.91,1.85,16.0,-0.25,2.01,1.95,1.95,1.89,2.39,3.38,3.21,1477.66,1546.55
B1,01/12/13,Anderlecht,Cercle Brugge,2,1,H,1,0,H,1.2,7.0,11.0,1.2,6.0,10.0,1.2,5.2,11.0,1.22,5.75,11.0,1.26,6.31,12.6,1.22,6.0,10.0,1.2,6.5,9.5,1.22,6.5,13.0,34,1.26,1.21,7.0,6.17,13.02,10.6,20,1.57,1.5,2.62,2.48,16.0,-1.75,1.97,1.9,1.99,1.94,1.26,6.78,12.23,1808.41,1515.38
B1,01/12/13,Genk,Oud-Heverlee Leuven,3,0,H,0,0,D,1.33,5.0,9.0,1.3,4.75,8.0,1.3,4.4,8.5,1.3,4.8,9.0,1.34,5.46,10.15,1.35,4.6,7.5,1.3,5.0,8.5,1.33,5.4,9.5,34,1.35,1.31,5.5,5.02,10.25,8.51,20,1.62,1.55,2.53,2.36,18.0,-1.5,1.98,1.91,1.99,1.92,1.42,5.09,8.15,1736.73,1534.92
B1,01/12/13,Kortrijk,Waregem,1,1,D,1,0,H,2.4,3.5,2.75,2.4,3.4,2.6,2.4,3.2,2.65,2.5,3.2,2.55,2.7,3.4,2.74,2.5,3.25,2.6,2.5,3.3,2.63,2.6,3.4,2.7,34,2.7,2.52,3.5,3.27,2.75,2.63,31,1.99,1.89,1.98,1.87,18.0,0.0,1.95,1.88,2.0,1.94,2.69,3.42,2.77,1621.79,1758.97
B1,01/12/13,Lierse,Standard,0,5,A,0,1,A,7.0,4.0,1.5,6.0,3.75,1.5,5.5,3.8,1.5,6.0,3.8,1.5,6.1,4.16,1.6,5.5,3.8,1.55,6.25,3.8,1.5,6.5,4.1,1.53,34,7.0,6.11,4.13,3.89,1.61,1.51,31,1.85,1.76,2.16,2.02,18.0,1.0,1.96,1.92,1.99,1.91,5.64,3.98,1.68,1515.82,1748.32
B1,07/12/13,Anderlecht,Waasland-Beveren,2,0,H,1,0,H,1.2,6.5,13.0,1.16,6.5,12.0,1.2,5.5,10.0,1.2,6.0,14.0,1.22,6.99,14.09,1.2,6.0,11.0,1.18,6.25,12.0,1.2,6.5,15.0,35,1.22,1.19,7.0,6.26,15.8,12.66,21,1.55,1.48,2.63,2.51,16.0,-1.75,1.83,1.78,2.16,2.05,1.23,7.15,13.48,1810.77,1476.54
B1,07/12/13,Bergen,Waregem,1,1,D,1,1,D,4.0,3.4,1.91,3.5,3.4,1.91,3.5,3.3,1.9,3.8,3.25,1.9,4.05,3.55,1.99,3.4,3.5,1.95,3.75,3.4,1.91,3.9,3.5,1.95,35,4.05,3.68,3.6,3.43,2.0,1.93,34,1.81,1.7,2.2,2.09,17.0,0.5,1.94,1.89,2.0,1.95,4.11,3.67,1.96,1499.76,1757.64
B1,07/12/13,Club Brugge,Mechelen,3,0,H,2,0,H,1.53,4.0,6.0,1.45,4.1,6.0,1.5,3.8,5.5,1.57,3.7,5.25,1.57,4.41,6.03,1.6,3.8,5.0,1.57,3.8,5.5,1.57,4.3,5.5,35,1.6,1.55,4.41,3.92,6.25,5.6,27,1.71,1.62,2.26,2.19,19.0,-1.0,2.05,1.99,1.92,1.84,1.58,4.33,6.17,1764.6,1561.47
B1,07/12/13,Kortrijk,Charleroi,1,1,D,0,1,A,1.7,3.6,5.0,1.67,3.6,4.5,1.7,3.4,4.3,1.7,3.4,4.75,1.73,3.89,5.13,1.73,3.4,4.6,1.67,3.6,4.8,1.73,3.75,5.0,35,1.73,1.69,3.89,3.58,5.13,4.75,34,2.01,1.93,1.92,1.83,17.0,-0.75,1.99,1.94,1.96,1.9,1.75,3.84,5.19,1623.12,1547.67
B1,07/12/13,Lierse,Gent,1,3,A,0,1,A,3.75,3.6,1.91,3.6,3.2,1.95,3.7,3.3,1.85,3.75,3.25,1.9,4.19,3.42,2.0,3.5,3.3,2.0,3.8,3.4,1.91,4.0,3.5,1.95,35,4.19,3.74,3.6,3.38,2.0,1.94,34,2.11,2.0,1.87,1.77,17.0,0.5,1.96,1.89,2.0,1.94,4.06,3.35,2.08,1507.87,1628.73
B1,07/12/13,Oostende,Cercle Brugge,2,0,H,0,0,D,2.0,3.4,3.75,1.95,3.4,3.4,1.9,3.3,3.5,2.0,3.1,3.5,2.06,3.44,3.95,2.05,3.25,3.4,2.05,3.3,3.5,2.05,3.4,3.75,35,2.1,2.02,3.5,3.3,3.95,3.53,34,2.05,1.97,1.88,1.8,16.0,-0.5,2.09,2.03,1.87,1.81,2.23,3.34,3.6,1501.35,1513.02
B1,08/12/13,Genk,Lokeren,0,2,A,0,2,A,1.67,3.8,5.0,1.67,3.6,4.5,1.65,3.5,4.5,1.66,3.5,4.8,1.74,3.9,5.0,1.75,3.75,4.0,1.67,3.75,4.8,1.73,3.9,4.6,35,1.75,1.69,3.9,3.71,5.0,4.6,28,1.7,1.62,2.33,2.2,17.0,-0.75,1.99,1.92,1.96,1.91,1.79,3.84,4.84,1740.47,1654.79
B1,08/12/13,Oud-Heverlee Leuven,Standard,0,0,D,0,0,D,6.0,4.33,1.5,5.5,4.0,1.5,5.5,3.8,1.5,5.75,3.9,1.5,6.1,4.34,1.57,5.5,4.0,1.53,5.75,4.0,1.53,6.0,4.3,1.53,35,6.1,5.82,4.34,3.97,1.57,1.52,34,1.77,1.69,2.25,2.11,19.0,1.0,1.98,1.92,1.99,1.9,5.91,4.42,1.59,1531.18,1756.27
B1,14/12/13,Cercle Brugge,Bergen,2,1,H,2,0,H,2.1,3.4,3.4,2.1,3.3,3.1,2.0,3.2,3.3,2.05,3.25,3.3,2.18,3.51,3.5,2.1,3.25,3.25,2.1,3.3,3.3,2.15,3.5,3.4,33,2.26,2.12,3.5,3.29,3.4,3.27,31,2.02,1.92,1.96,1.86,15.0,-0.25,1.96,1.88,2.01,1.96,2.31,3.49,3.27,1503.63,1505.08
B1,14/12/13,Lokeren,Kortrijk,0,0,D,0,0,D,1.73,3.6,4.75,1.7,3.5,4.4,1.8,3.2,4.0,1.75,3.4,4.33,1.75,3.76,5.17,1.8,3.5,4.0,1.73,3.5,4.8,1.73,3.75,4.8,33,1.8,1.74,3.76,3.51,5.17,4.54,31,2.02,1.93,1.91,1.84,14.0,-0.75,2.0,1.95,1.95,1.89,1.69,3.89,5.67,1673.4,1617.29
B1,14/12/13,Mechelen,Waasland-Beveren,0,0,D,0,0,D,1.62,3.75,5.5,1.65,3.5,4.75,1.65,3.5,4.5,1.61,3.6,5.25,1.66,3.91,5.82,1.62,3.6,5.0,1.62,3.6,5.25,1.65,3.9,5.4,33,1.69,1.64,3.91,3.64,5.82,5.14,31,2.06,1.96,1.92,1.81,15.0,-0.75,1.88,1.83,2.08,2.01,1.63,3.99,6.24,1557.75,1474.64
B1,14/12/13,Oud-Heverlee Leuven,Oostende,1,2,A,1,0,H,2.1,3.4,3.4,2.1,3.2,3.2,2.1,3.1,3.2,2.05,3.2,3.4,2.22,3.28,3.64,2.1,3.25,3.25,2.1,3.3,3.3,2.15,3.4,3.5,33,2.2,2.11,3.4,3.29,3.7,3.31,31,2.04,1.94,1.91,1.83,15.0,-0.25,1.87,1.84,2.06,2.0,2.29,3.38,3.43,1535.5,1510.74
B1,15/12/13,Charleroi,Club Brugge,2,2,D,0,2,A,4.33,3.5,1.83,4.2,3.25,1.8,4.0,3.2,1.8,4.1,3.3,1.83,4.21,3.64,1.93,4.0,3.5,1.8,3.8,3.5,1.9,4.2,3.6,1.87,33,4.33,3.99,3.7,3.48,1.91,1.85,30,2.0,1.9,1.95,1.87,15.0,0.5,2.02,1.95,1.95,1.89,4.9,3.75,1.8,1553.5,1768.32
B1,15/12/13,Gent,Anderlecht,1,2,A,1,0,H,3.1,3.4,2.25,3.2,3.5,2.0,3.6,3.2,1.9,3.1,3.25,2.1,3.38,3.36,2.29,3.2,3.3,2.1,3.2,3.3,2.2,3.12,3.5,2.25,33,3.6,3.15,3.5,3.31,2.34,2.17,30,1.84,1.74,2.13,2.04,15.0,0.25,1.94,1.89,2.01,1.95,2.97,3.47,2.5,1640.48,1812.67
B1,15/12/13,Standard,Genk,3,1,H,0,0,D,1.7,3.6,5.0,1.65,3.6,4.6,1.6,3.6,4.8,1.72,3.4,4.5,1.76,3.75,5.08,1.67,3.75,4.5,1.73,3.6,4.33,1.75,3.75,4.6,32,1.8,1.71,3.8,3.61,5.0,4.55,24,1.74,1.66,2.2,2.13,15.0,-0.75,2.03,1.98,1.91,1.86,1.75,3.8,5.24,1751.95,1721.86
B1,15/12/13,Waregem,Lierse,3,0,H,2,0,H,1.36,4.75,8.5,1.36,4.5,7.0,1.35,4.2,7.5,1.36,4.5,8.0,1.4,5.06,8.65,1.36,4.5,7.5,1.36,4.8,7.0,1.36,5.0,8.5,33,1.4,1.36,5.26,4.62,8.99,7.72,23,1.68,1.62,2.3,2.2,15.0,-1.25,1.93,1.87,2.02,1.97,1.4,5.0,9.09,1752.32,1496.12
B1,21/12/13,Cercle Brugge,Genk,1,0,H,1,0,H,4.0,3.4,1.91,3.75,3.25,1.9,3.6,3.2,1.9,3.7,3.3,1.9,4.16,3.79,1.9,3.5,3.4,1.95,3.8,3.4,1.9,4.1,3.75,1.85,35,4.16,3.84,3.79,3.48,1.95,1.89,34,1.81,1.74,2.14,2.05,15.0,0.5,2.02,1.95,1.97,1.89,4.12,3.48,2.02,1512.68,1713.83
B1,21/12/13,Charleroi,Bergen,0,2,A,0,1,A,1.95,3.5,3.75,1.9,3.4,3.6,2.0,3.2,3.3,1.95,3.1,3.6,2.07,3.51,3.79,2.0,3.3,3.5,2.0,3.4,3.5,2.05,3.5,3.6,35,2.14,2.01,3.57,3.36,3.81,3.55,34,2.02,1.92,1.95,1.85,14.0,-0.5,2.14,2.05,1.86,1.82,2.12,3.7,3.54,1557.49,1496.03
B1,21/12/13,Lokeren,Oud-Heverlee Leuven,2,0,H,1,0,H,1.4,4.5,8.0,1.45,4.0,6.25,1.4,4.0,6.5,1.4,4.33,7.0,1.41,4.8,8.74,1.4,4.33,7.0,1.4,4.33,7.5,1.4,4.75,8.0,35,1.45,1.39,4.8,4.34,8.74,7.74,32,1.77,1.71,2.18,2.09,13.0,-1.25,1.97,1.92,1.97,1.92,1.34,4.54,9.44,1668.13,1518.69
B1,21/12/13,Mechelen,Kortrijk,5,2,H,1,1,D,2.1,3.4,3.4,2.1,3.2,3.2,2.0,3.2,3.3,2.0,3.25,3.5,2.07,3.54,3.76,2.05,3.25,3.4,2.1,3.3,3.4,2.05,3.4,3.6,35,2.3,2.05,3.54,3.32,3.76,3.42,32,2.1,1.99,1.88,1.78,13.0,-0.25,1.84,1.8,2.13,2.05,1.96,3.29,3.89,1551.71,1622.56
B1,21/12/13,Waasland-Beveren,Lierse,3,1,H,1,0,H,2.2,3.4,3.1,2.25,3.1,3.0,2.2,3.1,3.0,2.15,3.1,3.2,2.25,3.36,3.48,2.25,3.2,3.0,2.2,3.25,3.2,2.2,3.3,3.4,35,2.3,2.19,3.4,3.22,3.48,3.19,32,2.23,2.12,1.76,1.69,13.0,-0.25,1.94,1.9,1.99,1.94,2.22,3.1,3.33,1480.68,1493.27
B1,21/12/13,Waregem,Oostende,2,2,D,0,1,A,1.44,4.33,7.0,1.4,4.5,6.0,1.4,4.0,6.5,1.4,4.25,6.5,1.41,4.93,8.54,1.44,4.33,6.0,1.44,4.33,7.0,1.4,4.8,7.5,35,1.45,1.41,4.93,4.36,8.54,7.2,24,1.71,1.64,2.31,2.17,15.0,-1.25,1.99,1.95,1.96,1.9,1.55,3.98,5.71,1755.17,1527.55
B1,22/12/13,Gent,Club Brugge,1,3,A,1,1,D,2.3,3.4,3.0,2.35,3.2,2.8,2.5,3.1,2.6,2.3,3.1,2.9,2.45,3.55,2.94,2.3,3.4,2.8,2.3,3.25,3.0,2.38,3.5,2.9,33,2.5,2.31,3.55,3.31,3.05,2.91,32,1.91,1.81,2.03,1.95,13.0,-0.25,2.11,2.03,1.87,1.82,2.69,3.32,2.84,1630.54,1764.33
B1,22/12/13,Standard,Anderlecht,1,1,D,0,1,A,2.1,3.5,3.25,2.1,3.3,3.1,2.1,3.1,3.2,2.1,3.2,3.1,2.14,3.62,3.5,2.15,3.3,3.1,2.1,3.3,3.25,2.1,3.6,3.4,33,2.2,2.11,3.62,3.34,3.5,3.28,31,1.92,1.85,2.04,1.93,13.0,-0.25,1.89,1.84,2.07,2.0,2.3,3.39,3.4,1759.98,1822.61
B1,26/12/13,Anderlecht,Waregem,1,0,H,0,0,D,1.65,3.8,5.0,1.6,3.8,4.75,1.6,3.6,4.8,1.65,3.6,4.8,1.64,4.24,5.47,1.62,4.0,4.5,1.62,3.8,5.0,1.65,3.8,5.2,35,1.67,1.62,4.24,3.82,5.5,5.0,27,1.62,1.58,2.41,2.28,13.0,-0.75,1.85,1.82,2.1,2.04,1.54,4.37,6.76,1823.95,1745.96
B1,26/12/13,Bergen,Gent,1,0,H,0,0,D,3.3,3.4,2.15,3.4,3.25,2.0,3.3,3.2,2.0,3.5,3.1,2.0,3.46,3.38,2.24,3.1,3.3,2.15,3.3,3.25,2.1,3.25,3.4,2.15,35,3.75,3.32,3.45,3.27,2.25,2.11,34,2.0,1.92,1.92,1.85,13.0,0.25,2.01,1.97,1.93,1.88,3.26,3.43,2.34,1513.95,1619.25
B1,26/12/13,Club Brugge,Waasland-Beveren,1,2,A,1,1,D,1.25,5.5,9.0,1.26,5.5,7.75,1.22,5.0,10.0,1.25,5.25,11.0,1.27,5.98,13.01,1.25,5.5,9.5,1.25,5.8,9.0,1.25,5.75,11.5,35,1.3,1.24,6.3,5.61,13.95,10.46,27,1.64,1.57,2.4,2.29,13.0,-1.5,1.87,1.83,2.06,2.03,1.26,6.36,13.09,1775.62,1490.1
B1,26/12/13,Genk,Charleroi,0,3,A,0,1,A,1.44,4.2,7.5,1.5,3.75,6.0,1.5,3.8,5.5,1.4,4.0,7.0,1.45,4.54,8.23,1.44,4.0,7.0,1.44,4.0,7.5,1.44,4.2,7.5,35,1.5,1.44,4.54,4.07,8.24,7.3,34,1.8,1.73,2.19,2.05,13.0,-1.25,2.04,2.01,1.89,1.85,1.46,4.49,8.6,1697.79,1539.57
B1,26/12/13,Lierse,Mechelen,3,0,H,0,0,D,2.75,3.3,2.5,2.6,3.25,2.45,2.6,3.1,2.5,2.7,3.2,2.4,3.01,3.27,2.55,2.88,3.25,2.3,2.8,3.2,2.4,2.88,3.3,2.45,35,3.01,2.8,3.45,3.22,2.6,2.42,34,1.97,1.88,1.98,1.89,14.0,0.0,2.14,2.07,1.84,1.78,3.09,3.41,2.46,1483.85,1563.16
B1,26/12/13,Oostende,Lokeren,0,3,A,0,2,A,3.4,3.4,2.1,3.25,3.4,2.0,3.2,3.1,2.1,3.4,3.2,2.0,3.52,3.6,2.14,3.25,3.4,2.05,3.3,3.4,2.05,3.5,3.5,2.05,35,3.52,3.35,3.6,3.37,2.14,2.06,34,1.89,1.78,2.08,1.99,12.0,0.25,2.11,2.05,1.87,1.81,3.45,3.36,2.28,1536.76,1672.93
B1,26/12/13,Oud-Heverlee Leuven,Cercle Brugge,3,0,H,2,0,H,2.3,3.5,2.9,2.25,3.4,2.75,2.2,3.1,3.0,2.25,3.2,2.9,2.36,3.52,3.11,2.3,3.4,2.8,2.3,3.4,2.8,2.3,3.5,2.9,35,2.4,2.3,3.6,3.34,3.11,2.89,34,1.88,1.79,2.07,1.98,13.0,-0.25,2.09,2.04,1.88,1.82,2.39,3.49,3.12,1513.89,1528.72
B1,27/12/13,Kortrijk,Standard,1,5,A,0,3,A,3.5,3.5,1.91,3.6,3.4,1.9,3.6,3.2,1.9,3.6,3.25,1.91,3.99,3.63,1.98,3.5,3.4,1.95,3.8,3.4,1.91,4.0,3.4,1.95,35,4.0,3.77,3.63,3.38,1.98,1.92,33,1.94,1.85,2.03,1.92,12.0,0.5,1.97,1.91,1.9,1.88,5.11,3.97,1.73,1611.11,1758.64
B1,18/01/14,Cercle Brugge,Lokeren,0,3,A,0,1,A,3.5,3.4,2.05,3.4,3.25,2.0,3.1,3.2,2.1,3.5,3.1,2.0,3.71,3.6,2.07,3.4,3.4,2.0,3.4,3.4,2.0,3.6,3.4,2.1,39,3.8,3.45,3.65,3.37,2.1,2.03,38,1.96,1.83,2.02,1.94,16.0,0.25,2.15,2.06,1.85,1.8,4.19,3.78,1.92,1519.22,1684.13
B1,18/01/14,Charleroi,Oud-Heverlee Leuven,2,0,H,0,0,D,2.0,3.4,3.75,1.9,3.25,3.75,1.85,3.3,3.6,1.95,3.25,3.6,2.03,3.56,3.89,2.0,3.3,3.5,2.0,3.3,3.6,2.0,3.4,3.9,39,2.08,1.97,3.56,3.34,3.9,3.67,38,1.99,1.88,2.02,1.88,17.0,-0.5,2.05,1.99,1.92,1.87,2.1,3.52,3.79,1559.96,1523.39
B1,18/01/14,Gent,Kortrijk,0,1,A,0,0,D,1.67,3.75,5.0,1.7,3.4,4.6,1.7,3.5,4.1,1.66,3.4,4.8,1.7,3.92,5.33,1.67,3.6,4.75,1.67,3.6,4.8,1.7,3.75,5.2,39,1.74,1.68,3.96,3.62,5.7,4.84,38,2.02,1.86,1.98,1.9,17.0,-0.75,1.97,1.92,2.0,1.94,1.63,4.0,6.17,1606.56,1600.31
B1,18/01/14,Lierse,Club Brugge,1,1,D,0,0,D,5.5,4.0,1.57,4.6,3.8,1.62,5.0,3.7,1.55,5.0,3.75,1.6,5.67,3.8,1.69,5.0,3.75,1.6,5.0,3.8,1.62,5.0,4.0,1.67,38,5.6,5.15,4.3,3.81,1.73,1.61,38,1.84,1.76,2.2,2.02,17.0,1.0,1.81,1.71,2.34,2.16,4.17,3.62,1.96,1495.61,1753.07
B1,18/01/14,Standard,Oostende,2,0,H,1,0,H,1.25,5.75,11.0,1.2,5.75,11.0,1.22,5.0,10.0,1.25,5.25,12.0,1.26,6.25,13.0,1.25,5.5,9.5,1.25,5.5,10.0,1.25,5.75,12.0,39,1.3,1.25,6.2,5.61,14.0,10.37,30,1.64,1.57,2.66,2.31,17.0,-1.75,2.08,2.0,1.9,1.85,1.27,6.18,13.36,1769.44,1525.56
B1,18/01/14,Waasland-Beveren,Bergen,4,1,H,2,1,H,2.38,3.3,2.9,2.25,3.2,2.9,2.2,3.1,3.0,2.3,3.1,2.9,2.45,3.38,3.06,2.38,3.2,2.8,2.3,3.25,2.88,2.38,3.3,3.1,39,2.45,2.31,3.5,3.25,3.25,2.94,37,2.14,2.03,1.88,1.75,17.0,-0.25,2.11,2.04,1.87,1.82,2.47,3.38,3.1,1512.65,1526.64
B1,19/01/14,Mechelen,Anderlecht,2,1,H,1,1,D,4.5,3.75,1.75,4.0,3.8,1.7,4.5,3.5,1.65,4.33,3.4,1.75,4.73,3.83,1.79,4.0,3.75,1.75,4.33,3.75,1.73,4.33,3.8,1.8,39,5.3,4.32,3.9,3.66,1.8,1.75,31,1.8,1.66,2.25,2.13,16.0,0.75,1.95,1.85,2.06,2.01,5.26,4.15,1.68,1551.4,1830.55
B1,19/01/14,Waregem,Genk,1,0,H,0,0,D,2.4,3.4,2.8,2.3,3.25,2.8,2.3,3.1,2.8,2.3,3.1,2.87,2.36,3.52,3.1,2.38,3.3,2.75,2.38,3.25,2.88,2.38,3.4,3.0,39,2.45,2.34,3.6,3.28,3.15,2.88,35,1.81,1.74,2.24,2.04,17.0,-0.25,2.15,2.05,1.88,1.81,2.32,3.43,3.31,1739.36,1677.4
B1,24/01/14,Lokeren,Standard,0,1,A,0,1,A,3.0,3.4,2.3,2.8,3.3,2.25,3.0,3.1,2.2,3.0,3.2,2.2,3.17,3.55,2.37,2.75,3.3,2.38,3.0,3.25,2.25,3.0,3.4,2.4,38,3.2,2.95,3.6,3.32,2.39,2.31,37,1.87,1.79,2.1,1.99,19.0,0.0,2.25,2.17,1.75,1.69,3.23,3.45,2.35,1694.32,1772.47
B1,25/01/14,Bergen,Mechelen,0,2,A,0,0,D,2.63,3.3,2.6,2.6,3.25,2.45,2.5,3.25,2.5,,,,2.76,3.46,2.64,2.5,3.25,2.6,,,,,,,29,2.82,2.64,3.5,3.23,2.7,2.57,26,1.93,1.84,2.05,1.93,15.0,0.0,1.99,1.93,1.95,1.9,2.55,3.37,2.98,1517.17,1569.83
B1,25/01/14,Cercle Brugge,Charleroi,3,0,H,1,0,H,2.25,3.25,3.25,2.15,3.1,3.2,2.1,3.2,3.1,2.15,3.2,3.1,2.25,3.35,3.47,2.15,3.2,3.2,2.1,3.3,3.2,2.25,3.3,3.3,36,2.3,2.19,3.5,3.24,3.5,3.19,35,2.08,1.94,1.92,1.82,15.0,-0.25,2.0,1.93,1.98,1.93,2.35,3.34,3.33,1509.03,1567.78
B1,25/01/14,Kortrijk,Lierse,3,4,A,1,2,A,1.8,3.6,4.33,1.75,3.5,4.2,1.7,3.4,4.3,1.75,3.3,4.33,1.81,3.71,4.76,1.75,3.5,4.33,1.8,3.5,4.33,1.8,3.6,4.75,36,1.85,1.77,3.8,3.49,4.76,4.37,35,2.06,1.93,1.92,1.83,14.0,-0.5,1.85,1.81,2.11,2.05,1.81,4.0,4.51,1616.52,1500.92
B1,25/01/14,Oostende,Waasland-Beveren,2,1,H,1,0,H,2.0,3.4,3.75,1.95,3.4,3.4,1.9,3.3,3.5,1.95,3.1,3.8,1.99,3.51,4.11,2.0,3.3,3.5,1.95,3.4,3.75,2.0,3.4,4.0,36,2.05,1.96,3.6,3.35,4.11,3.72,35,2.15,1.96,1.88,1.81,15.0,-0.5,2.05,1.96,1.95,1.89,2.02,3.44,4.17,1522.53,1522.12
B1,25/01/14,Oud-Heverlee Leuven,Waregem,1,0,H,0,0,D,3.6,3.5,2.0,3.75,3.4,1.85,3.7,3.3,1.85,3.4,3.4,1.95,3.86,3.62,2.02,3.4,3.5,1.95,3.75,3.4,1.95,3.8,3.5,2.0,36,3.96,3.64,3.73,3.41,2.05,1.95,34,1.82,1.74,2.18,2.04,15.0,0.5,1.96,1.88,2.05,1.97,3.85,3.69,2.02,1515.57,1746.42
B1,26/01/14,Anderlecht,Club Brugge,2,0,H,1,0,H,1.57,4.0,5.5,1.62,3.7,4.75,1.65,3.6,4.6,1.57,3.7,5.25,1.61,4.22,5.79,1.62,3.8,4.8,1.62,3.6,5.5,1.62,4.0,5.5,36,1.7,1.6,4.22,3.76,5.8,5.33,33,1.78,1.7,2.24,2.09,17.0,-1.0,2.25,2.05,1.87,1.81,1.64,4.34,5.37,1812.12,1747.76
B1,26/01/14,Genk,Gent,1,2,A,1,2,A,1.91,3.4,4.0,1.87,3.3,3.75,1.85,3.3,3.7,1.91,3.3,3.75,1.96,3.59,4.15,1.95,3.4,3.5,1.91,3.4,3.75,1.95,3.4,4.1,36,2.0,1.92,3.75,3.41,4.15,3.78,35,1.85,1.77,2.15,2.0,15.0,-0.5,2.0,1.94,1.98,1.92,1.92,3.54,4.5,1670.34,1590.35
B1,31/01/14,Lierse,Anderlecht,2,0,H,1,0,H,7.0,4.33,1.44,7.25,3.75,1.44,5.5,3.8,1.5,6.5,3.9,1.45,6.99,4.51,1.52,6.5,4.0,1.44,6.5,4.0,1.44,6.5,4.3,1.5,42,7.4,6.67,4.58,4.15,1.52,1.47,40,1.77,1.68,2.25,2.13,21.0,1.0,2.15,2.08,1.89,1.78,6.18,4.46,1.56,1520.31,1819.11
B1,01/02/14,Charleroi,Oostende,0,1,A,0,1,A,2.1,3.4,3.4,2.1,3.4,3.0,2.0,3.2,3.3,2.1,3.2,3.25,2.17,3.47,3.55,2.1,3.25,3.2,2.1,3.4,3.2,2.15,3.4,3.4,40,2.2,2.11,3.6,3.34,3.55,3.26,39,2.12,2.01,1.87,1.77,17.0,-0.25,1.93,1.89,2.03,1.96,2.57,3.38,2.95,1556.76,1531.51
B1,01/02/14,Club Brugge,Bergen,2,1,H,0,0,D,1.4,4.33,8.5,1.35,4.6,7.0,1.3,4.4,8.5,1.36,4.5,7.5,1.41,4.91,8.44,1.33,4.5,8.0,1.36,4.8,7.0,1.36,4.8,8.5,40,1.42,1.36,5.4,4.7,9.3,7.64,32,1.67,1.59,2.52,2.26,17.0,-1.5,2.21,2.09,1.85,1.76,1.41,5.24,7.83,1740.77,1502.98
B1,01/02/14,Gent,Oud-Heverlee Leuven,2,0,H,0,0,D,1.44,4.33,7.0,1.45,4.1,6.0,1.45,3.9,6.0,1.4,4.1,7.0,1.44,4.5,8.75,1.44,4.0,6.5,1.44,4.0,7.5,1.45,4.1,8.0,40,1.47,1.43,4.8,4.15,9.0,7.38,38,1.78,1.7,2.19,2.1,17.0,-1.25,2.01,1.97,1.95,1.88,1.52,4.22,7.82,1608.8,1532.57
B1,01/02/14,Mechelen,Genk,0,2,A,0,1,A,2.75,3.3,2.5,2.7,3.1,2.45,2.5,3.2,2.5,2.65,3.1,2.45,2.83,3.39,2.62,2.5,3.2,2.62,2.75,3.2,2.5,2.8,3.25,2.6,40,2.83,2.67,3.6,3.23,2.74,2.54,38,1.83,1.73,2.24,2.06,20.0,0.0,2.05,1.98,1.9,1.85,2.66,3.21,2.97,1584.02,1651.89
B1,01/02/14,Standard,Cercle Brugge,4,0,H,1,0,H,1.18,5.75,23.0,1.2,6.0,10.0,1.22,5.0,10.0,1.2,5.75,15.0,,,,1.2,6.0,11.0,1.2,5.8,12.0,1.2,6.25,17.0,38,1.25,1.2,6.6,5.97,23.11,13.35,31,1.65,1.59,2.52,2.25,17.0,-1.75,1.91,1.86,2.05,2.0,1.27,6.31,12.61,1785.76,1520.05
B1,01/02/14,Waasland-Beveren,Kortrijk,1,1,D,1,1,D,2.5,3.25,2.8,2.4,3.2,2.7,2.5,3.1,2.6,2.55,3.0,2.65,2.7,3.38,2.75,2.5,3.2,2.62,2.5,3.2,2.63,2.7,3.25,2.7,40,2.7,2.57,3.5,3.2,2.81,2.65,38,2.12,2.02,1.9,1.75,20.0,0.0,1.97,1.9,2.0,1.93,2.75,3.38,2.73,1513.14,1597.13
B1,02/02/14,Waregem,Lokeren,1,1,D,0,1,A,2.15,3.4,3.3,2.1,3.2,3.2,2.1,3.1,3.2,2.15,3.1,3.1,2.19,3.57,3.4,2.2,3.25,3.0,2.1,3.25,3.25,2.2,3.3,3.4,40,2.35,2.16,3.6,3.29,3.45,3.21,37,1.94,1.85,2.02,1.93,17.0,-0.25,1.95,1.89,2.02,1.97,2.34,3.47,3.23,1729.42,1681.03
B1,08/02/14,Bergen,Lierse,1,5,A,1,0,H,2.2,3.3,3.3,2.15,3.3,3.0,2.1,3.1,3.2,2.15,3.2,3.1,2.25,3.52,3.34,2.15,3.3,3.1,2.1,3.25,3.3,2.2,3.3,3.4,40,2.3,2.17,3.52,3.28,3.45,3.21,39,1.98,1.89,2.0,1.88,18.0,-0.25,1.92,1.88,2.03,1.97,2.15,3.56,3.59,1499.85,1539.27
B1,08/02/14,Cercle Brugge,Waasland-Beveren,0,0,D,0,0,D,2.05,3.5,3.4,2.0,3.25,3.4,2.0,3.2,3.3,2.0,3.1,3.5,2.1,3.47,3.75,2.05,3.25,3.4,2.05,3.4,3.4,2.1,3.4,3.6,39,2.1,2.04,3.55,3.34,3.8,3.45,37,2.16,2.05,1.82,1.73,18.0,-0.25,1.85,1.78,2.14,2.07,2.31,3.41,3.34,1517.34,1512.56
B1,08/02/14,Kortrijk,Anderlecht,2,2,D,0,0,D,5.0,3.75,1.67,4.6,3.5,1.67,4.5,3.5,1.65,4.5,3.5,1.7,4.73,3.93,1.78,4.6,3.75,1.65,4.5,3.6,1.73,4.6,3.75,1.75,39,5.02,4.64,4.0,3.62,1.8,1.71,37,1.85,1.72,2.17,2.07,18.0,0.75,1.95,1.88,2.03,1.97,4.51,3.6,1.9,1597.71,1800.15
B1,08/02/14,Lokeren,Charleroi,3,1,H,2,1,H,1.4,4.5,7.5,1.33,4.33,8.75,1.45,3.9,6.0,1.4,4.0,7.5,1.4,4.85,9.3,1.4,4.33,7.0,1.36,4.5,8.0,1.36,4.6,9.5,40,1.45,1.38,5.0,4.43,9.5,7.82,39,1.86,1.79,2.18,1.99,18.0,-1.25,1.96,1.89,2.02,1.96,1.43,4.75,8.64,1686.07,1539.94
B1,08/02/14,Oostende,Gent,0,0,D,0,0,D,3.0,3.2,2.4,2.75,3.3,2.3,2.7,3.1,2.4,2.85,3.1,2.3,3.1,3.4,2.43,2.8,3.2,2.38,2.88,3.3,2.38,3.0,3.3,2.4,39,3.1,2.88,3.6,3.24,2.49,2.37,37,2.15,2.04,1.9,1.74,18.0,0.25,1.84,1.79,2.15,2.07,3.38,3.0,2.53,1548.33,1615.45
B1,08/02/14,Oud-Heverlee Leuven,Mechelen,0,0,D,0,0,D,2.5,3.4,2.7,2.4,3.25,2.65,2.5,3.1,2.6,2.5,3.1,2.62,2.66,3.52,2.71,2.5,3.3,2.6,2.5,3.25,2.63,2.6,3.4,2.7,38,2.66,2.55,3.6,3.28,2.75,2.62,37,1.89,1.8,2.1,1.97,21.0,0.0,1.98,1.9,2.0,1.92,2.83,3.41,2.63,1525.92,1570.37
B1,09/02/14,Genk,Club Brugge,1,3,A,1,1,D,2.2,3.3,3.3,2.2,3.25,2.95,2.3,3.1,2.8,2.15,3.1,3.1,2.31,3.56,3.16,2.15,3.3,3.1,2.2,3.25,3.13,2.3,3.3,3.2,40,2.31,2.23,3.56,3.28,3.32,3.07,37,1.96,1.84,2.06,1.94,18.0,-0.25,2.03,1.96,1.95,1.89,2.43,3.21,3.31,1665.54,1743.9
B1,09/02/14,Standard,Waregem,2,0,H,0,0,D,1.5,4.0,7.0,1.5,3.9,5.75,1.45,3.9,6.0,1.5,3.8,6.0,1.51,4.42,7.02,1.53,4.0,5.5,1.53,4.0,6.0,1.53,4.0,7.0,40,1.55,1.5,4.5,3.97,7.03,6.27,38,1.82,1.74,2.2,2.04,21.0,-1.0,1.95,1.88,2.03,1.96,1.46,4.8,7.53,1788.47,1724.38
B1,14/02/14,Club Brugge,Kortrijk,3,1,H,2,0,H,1.53,4.0,6.0,1.5,4.0,5.5,1.5,3.8,5.5,1.5,3.7,6.0,1.54,4.23,7.21,1.53,4.0,5.5,1.53,3.8,6.0,1.53,4.0,7.0,42,1.55,1.52,4.5,3.97,7.21,6.16,40,1.89,1.79,2.1,1.98,23.0,-1.0,1.98,1.92,2.0,1.92,1.5,4.43,7.61,1757.18,1601.29
B1,15/02/14,Charleroi,Standard,0,1,A,0,0,D,7.0,4.33,1.44,7.0,4.1,1.4,6.5,4.0,1.4,7.5,4.1,1.4,8.15,4.61,1.45,7.0,4.33,1.4,6.5,4.33,1.44,8.0,4.3,1.44,40,8.15,7.04,5.0,4.24,1.5,1.43,37,1.89,1.79,2.1,1.98,17.0,1.25,1.89,1.85,2.1,2.01,6.96,4.51,1.52,1535.06,1795.47
B1,15/02/14,Lierse,Genk,0,1,A,0,0,D,3.1,3.4,2.25,2.9,3.2,2.25,2.9,3.2,2.2,3.0,3.3,2.15,3.19,3.45,2.34,3.0,3.3,2.2,3.0,3.25,2.25,3.1,3.4,2.3,40,3.45,3.05,3.45,3.29,2.35,2.24,37,1.88,1.77,2.12,2.01,17.0,0.25,1.9,1.86,2.05,2.0,3.09,3.31,2.5,1553.93,1652.26
B1,15/02/14,Mechelen,Oostende,1,1,D,1,0,H,1.85,3.4,4.33,1.85,3.2,4.0,1.85,3.3,3.7,1.83,3.2,4.3,1.93,3.5,4.45,1.91,3.2,4.0,1.83,3.3,4.33,1.87,3.4,4.5,40,1.97,1.86,3.8,3.35,4.5,4.13,36,2.25,2.12,1.8,1.69,17.0,-0.5,1.92,1.87,2.05,1.99,1.91,3.54,4.55,1572.35,1547.15
B1,15/02/14,Waasland-Beveren,Oud-Heverlee Leuven,1,0,H,0,0,D,2.1,3.25,3.5,2.0,3.4,3.3,2.0,3.2,3.3,2.05,3.1,3.5,2.11,3.41,3.81,2.1,3.1,3.4,2.05,3.3,3.4,2.05,3.4,3.75,39,2.15,2.07,3.45,3.29,3.81,3.44,35,2.2,2.1,1.82,1.69,15.0,-0.25,1.85,1.8,2.12,2.06,2.36,3.44,3.22,1516.22,1523.94
B1,15/02/14,Waregem,Cercle Brugge,2,1,H,1,1,D,1.53,3.8,6.5,1.53,3.75,5.5,1.55,3.7,5.0,1.53,3.8,5.75,1.57,4.28,6.18,1.55,3.8,5.5,1.53,4.0,5.8,1.55,4.0,6.5,40,1.57,1.53,4.5,3.93,7.2,5.88,37,1.84,1.77,2.12,2.01,20.0,-1.0,2.03,1.96,1.98,1.89,1.55,4.4,6.57,1717.38,1513.68
B1,16/02/14,Anderlecht,Bergen,2,0,H,1,0,H,1.2,6.5,13.0,1.2,6.0,10.0,1.2,5.2,11.0,1.21,5.75,13.0,1.22,6.77,16.18,1.2,6.0,11.0,1.2,5.5,13.0,1.2,6.5,15.0,40,1.24,1.2,8.0,5.99,18.0,13.23,26,1.57,1.52,2.66,2.44,17.0,-1.75,1.85,1.82,2.11,2.05,1.22,7.2,14.98,1796.57,1485.19
B1,16/02/14,Gent,Lokeren,1,1,D,1,0,H,2.25,3.25,3.2,2.2,3.2,3.0,2.1,3.1,3.2,2.3,3.1,2.9,2.36,3.41,3.19,2.15,3.2,3.2,2.25,3.25,3.0,2.38,3.25,3.12,40,2.42,2.24,3.5,3.23,3.3,3.09,35,2.12,2.01,1.9,1.77,17.0,-0.25,2.05,2.0,1.9,1.86,2.3,3.51,3.31,1616.63,1690.95
B1,21/02/14,Lokeren,Anderlecht,2,1,H,1,0,H,3.1,3.3,2.3,2.95,3.3,2.2,3.0,3.1,2.2,2.9,3.25,2.2,3.16,3.49,2.37,2.7,3.25,2.38,3.0,3.25,2.25,3.1,3.4,2.38,42,3.28,3.02,3.55,3.3,2.38,2.29,41,1.86,1.77,2.18,2.01,20.0,0.0,2.35,2.23,1.7,1.66,3.22,3.59,2.29,1691.87,1798.71
B1,22/02/14,Cercle Brugge,Mechelen,3,2,H,0,2,A,2.75,3.3,2.5,2.75,3.2,2.35,2.8,3.1,2.3,2.7,3.0,2.5,2.81,3.3,2.69,2.5,3.25,2.6,2.75,3.25,2.5,2.75,3.3,2.6,40,2.85,2.71,3.6,3.23,2.69,2.51,37,2.12,2.01,1.88,1.77,19.0,0.0,2.04,1.98,1.92,1.84,2.68,3.37,2.8,1509.97,1568.03
B1,22/02/14,Charleroi,Waregem,3,2,H,1,1,D,3.2,3.4,2.2,3.25,3.4,2.0,3.3,3.2,2.0,3.3,3.25,2.05,3.34,3.56,2.23,3.4,3.4,2.0,3.2,3.4,2.1,3.3,3.4,2.2,40,3.55,3.24,3.6,3.37,2.23,2.12,38,1.9,1.81,2.15,1.95,16.0,0.25,2.0,1.97,1.94,1.89,3.44,3.35,2.29,1527.95,1721.09
B1,22/02/14,Kortrijk,Bergen,1,2,A,0,1,A,1.73,3.75,4.5,1.75,3.5,4.2,1.7,3.4,4.3,1.7,3.4,4.5,1.72,3.85,5.26,1.8,3.4,4.2,1.73,3.4,4.8,1.75,3.75,4.8,40,1.81,1.74,3.85,3.52,5.26,4.62,38,1.92,1.86,2.1,1.91,15.0,-0.75,2.0,1.95,1.97,1.92,1.8,3.98,4.57,1596.63,1483.05
B1,22/02/14,Oostende,Lierse,3,2,H,0,0,D,2.1,3.3,3.5,2.15,3.1,3.25,2.0,3.2,3.3,2.05,3.1,3.4,2.17,3.33,3.72,2.2,3.25,3.0,2.1,3.3,3.3,2.15,3.3,3.5,40,2.2,2.12,3.5,3.28,3.72,3.34,37,2.26,2.13,1.75,1.68,16.0,-0.25,1.9,1.83,2.09,2.03,2.12,3.33,3.95,1551.47,1541.37
B1,23/02/14,Genk,Waasland-Beveren,0,2,A,0,1,A,1.44,4.33,7.0,1.48,3.8,6.25,1.45,3.9,6.0,1.45,3.9,6.5,1.47,4.44,8.04,1.53,3.75,6.0,1.5,3.8,7.0,1.45,4.3,7.5,40,1.53,1.46,4.45,4.05,8.04,6.81,36,1.95,1.86,2.04,1.9,17.0,-1.0,1.87,1.8,2.14,2.08,1.5,4.35,7.84,1664.82,1525.48
B1,23/02/14,Oud-Heverlee Leuven,Club Brugge,2,5,A,0,2,A,4.75,3.6,1.75,4.25,3.6,1.7,4.5,3.5,1.65,4.5,3.4,1.72,4.66,3.74,1.83,4.33,3.75,1.67,4.33,3.6,1.73,4.4,3.75,1.8,40,4.8,4.4,3.95,3.63,1.83,1.74,38,1.88,1.79,2.15,1.98,16.0,0.75,1.87,1.83,2.09,2.03,4.46,4.02,1.81,1514.68,1761.84
B1,23/02/14,Standard,Gent,2,3,A,1,2,A,1.44,4.33,7.0,1.48,3.8,6.25,1.45,3.9,6.0,1.45,3.8,7.0,1.48,4.51,7.45,1.44,4.2,6.5,1.44,4.0,6.5,1.45,4.3,8.0,40,1.52,1.44,4.51,4.19,8.0,6.92,36,1.89,1.81,2.08,1.96,16.0,-1.25,2.12,2.06,1.86,1.8,1.51,4.31,7.55,1802.58,1615.71
B1,28/02/14,Mechelen,Lokeren,1,0,H,1,0,H,3.1,3.5,2.2,3.0,3.4,2.1,3.1,3.2,2.1,2.9,3.3,2.2,3.16,3.57,2.34,3.0,3.3,2.2,3.0,3.3,2.25,3.1,3.5,2.25,39,3.4,3.08,3.6,3.35,2.35,2.23,37,1.81,1.73,2.22,2.07,19.0,0.25,1.91,1.86,2.06,1.99,3.25,3.57,2.28,1557.03,1704.62
B1,01/03/14,Bergen,Oostende,3,0,H,2,0,H,2.38,3.2,3.0,2.4,3.3,2.6,2.2,3.2,2.9,2.45,3.0,2.75,2.51,3.38,2.98,2.38,3.1,2.88,2.38,3.2,3.0,2.4,3.3,3.0,39,2.52,2.35,3.4,3.21,3.06,2.92,35,2.2,2.04,1.83,1.74,17.0,0.0,1.79,1.73,2.19,2.11,2.3,3.42,3.39,1502.39,1560.14
B1,01/03/14,Gent,Charleroi,2,1,H,1,1,D,1.5,4.0,7.0,1.5,3.4,7.0,1.5,3.8,5.5,1.53,3.6,6.0,1.53,4.23,7.26,1.53,3.75,6.0,1.53,3.8,6.25,1.53,4.0,7.0,39,1.57,1.51,4.23,3.87,7.26,6.38,36,2.02,1.93,2.0,1.83,19.0,-1.0,1.97,1.91,1.99,1.93,1.56,4.34,6.47,1636.69,1543.72
B1,01/03/14,Kortrijk,Cercle Brugge,4,0,H,4,0,H,1.83,3.75,4.0,1.83,3.5,3.75,1.8,3.2,4.0,1.75,3.4,4.25,1.85,3.76,4.48,1.85,3.5,3.8,1.8,3.5,4.33,1.8,3.75,4.3,38,1.9,1.81,3.85,3.54,4.62,4.12,35,1.84,1.77,2.18,2.01,15.0,-0.5,1.83,1.8,2.13,2.06,1.71,3.94,5.31,1577.29,1520.97
B1,01/03/14,Lierse,Oud-Heverlee Leuven,0,0,D,0,0,D,2.05,3.4,3.5,1.95,3.2,3.6,1.9,3.3,3.5,1.95,3.1,3.75,2.0,3.57,3.98,2.05,3.25,3.4,2.0,3.3,3.6,2.05,3.4,3.75,39,2.1,1.99,3.57,3.32,3.98,3.61,36,2.08,1.9,1.96,1.86,16.0,-0.5,2.05,2.0,1.92,1.85,2.1,3.57,3.68,1532.7,1507.18
B1,01/03/14,Waasland-Beveren,Waregem,2,2,D,1,2,A,3.4,3.4,2.1,3.4,3.1,2.05,3.1,3.2,2.1,3.25,3.1,2.1,3.39,3.45,2.24,3.1,3.3,2.15,3.3,3.4,2.1,3.4,3.3,2.15,39,3.57,3.28,3.51,3.31,2.25,2.12,36,2.0,1.89,1.95,1.88,16.0,0.25,2.07,2.01,1.88,1.85,3.0,3.57,2.43,1545.45,1705.32
B1,02/03/14,Anderlecht,Genk,2,0,H,0,0,D,1.57,3.8,6.0,1.57,3.5,5.5,1.55,3.7,5.0,1.53,3.7,6.0,1.54,4.25,6.84,1.55,3.8,5.5,1.53,3.75,6.0,1.57,3.9,6.25,39,1.6,1.54,4.5,3.85,6.84,5.92,35,2.02,1.84,2.02,1.93,19.0,-1.0,2.06,1.97,1.95,1.87,1.48,4.42,8.1,1785.96,1644.85
B1,02/03/14,Club Brugge,Standard,1,0,H,0,0,D,2.4,3.3,2.9,2.5,3.2,2.6,2.4,3.1,2.7,2.45,3.2,2.65,2.59,3.49,2.8,2.4,3.3,2.7,2.4,3.25,2.8,2.5,3.3,2.88,39,2.6,2.43,3.5,3.25,2.91,2.78,36,1.96,1.88,2.02,1.88,19.0,0.0,1.86,1.78,2.13,2.05,2.46,3.55,2.97,1769.34,1781.6
B1,08/03/14,Cercle Brugge,Gent,1,4,A,0,2,A,3.5,3.4,2.05,3.5,3.2,2.0,3.3,3.2,2.0,3.5,3.2,2.0,3.72,3.53,2.09,3.4,3.25,2.05,3.4,3.4,2.05,3.6,3.4,2.1,45,3.9,3.43,3.7,3.35,2.12,2.05,42,2.07,1.96,1.92,1.8,18.0,0.25,2.12,2.05,1.84,1.79,4.1,3.58,1.99,1513.74,1642.88
B1,08/03/14,Charleroi,Lierse,1,1,D,0,1,A,2.1,3.4,3.4,2.1,3.2,3.2,2.0,3.2,3.3,2.05,3.2,3.3,2.15,3.49,3.6,2.15,3.2,3.2,2.1,3.3,3.3,2.15,3.4,3.4,45,2.2,2.11,3.55,3.3,3.6,3.31,43,2.08,1.97,1.88,1.8,19.0,-0.25,1.9,1.84,2.06,2.0,2.21,3.45,3.53,1537.53,1528.37
B1,08/03/14,Genk,Bergen,3,1,H,1,0,H,1.57,3.8,6.0,1.57,3.75,5.0,1.45,3.9,6.0,1.53,3.8,5.75,1.58,4.17,6.38,1.53,4.0,5.5,1.57,3.8,5.5,1.57,4.0,6.0,45,1.6,1.54,4.25,3.88,7.2,5.94,41,1.76,1.7,2.32,2.09,22.0,-1.0,1.97,1.93,2.0,1.9,1.6,4.42,5.8,1639.86,1513.38
B1,08/03/14,Lokeren,Waasland-Beveren,0,0,D,0,0,D,1.5,4.0,7.0,1.45,4.1,6.0,1.5,3.8,5.5,1.5,3.7,6.5,1.5,4.34,7.49,1.53,3.75,6.0,1.5,4.0,6.5,1.5,4.1,7.0,45,1.53,1.49,4.5,3.98,7.5,6.61,42,2.0,1.93,2.0,1.83,22.0,-1.0,1.9,1.85,2.06,1.99,1.53,4.41,6.81,1690.42,1547.58
B1,08/03/14,Oostende,Kortrijk,0,0,D,0,0,D,2.38,3.25,3.0,2.4,3.3,2.6,2.4,3.1,2.7,2.3,3.1,2.9,2.53,3.39,2.94,2.45,3.2,2.7,2.4,3.25,2.8,2.4,3.3,3.0,45,2.54,2.41,3.6,3.24,3.01,2.82,42,2.11,2.01,1.87,1.76,20.0,0.0,1.84,1.78,2.11,2.05,2.65,3.38,2.85,1549.15,1584.52
B1,08/03/14,Oud-Heverlee Leuven,Anderlecht,1,0,H,0,0,D,6.5,3.8,1.53,5.5,4.0,1.5,5.0,3.7,1.55,6.0,3.75,1.5,7.0,4.4,1.52,5.5,4.0,1.53,6.25,3.8,1.53,6.25,4.0,1.57,45,7.0,6.21,4.4,3.91,1.57,1.51,41,1.83,1.75,2.22,2.02,22.0,1.0,2.01,1.94,1.95,1.89,5.95,4.56,1.57,1511.51,1790.95
B1,08/03/14,Standard,Mechelen,2,0,H,0,0,D,1.33,5.0,9.0,1.33,4.6,7.75,1.33,4.4,8.5,1.3,4.8,9.0,1.36,5.26,9.62,1.33,4.5,8.5,1.33,4.8,8.0,1.33,5.0,9.5,45,1.36,1.32,5.5,4.84,10.5,8.72,41,1.75,1.69,2.32,2.11,22.0,-1.5,2.09,2.03,1.92,1.81,1.35,5.49,10.03,1772.19,1571.23
B1,08/03/14,Waregem,Club Brugge,1,1,D,0,0,D,2.88,3.5,2.3,2.65,3.3,2.4,2.8,3.1,2.3,2.8,3.2,2.3,2.99,3.58,2.41,2.88,3.4,2.25,2.88,3.3,2.3,2.88,3.5,2.4,45,3.05,2.89,3.6,3.33,2.41,2.31,41,1.8,1.74,2.2,2.04,19.0,0.25,1.85,1.79,2.11,2.05,3.11,3.54,2.37,1703.19,1778.75
B1,16/03/14,Anderlecht,Oostende,4,0,H,2,0,H,1.25,5.5,12.0,1.25,5.5,8.75,1.2,5.2,11.0,1.22,5.5,12.0,1.27,5.95,13.35,1.22,5.5,11.0,1.25,5.5,11.0,1.25,5.75,13.0,45,1.27,1.24,6.6,5.51,15.0,11.84,34,1.68,1.63,2.42,2.19,19.0,-1.75,2.07,2.0,1.9,1.84,1.33,5.69,10.35,1772.51,1546.85
B1,16/03/14,Bergen,Oud-Heverlee Leuven,3,2,H,2,1,H,2.4,3.4,2.8,2.5,3.3,2.5,2.5,3.2,2.5,2.45,3.25,2.65,2.46,3.61,2.88,2.3,3.5,2.7,2.38,3.25,2.8,2.45,3.4,2.88,44,2.56,2.39,3.61,3.34,2.9,2.77,33,1.78,1.66,2.32,2.13,21.0,0.0,1.82,1.77,2.16,2.06,3.04,3.49,2.44,1508.04,1529.95
B1,16/03/14,Club Brugge,Cercle Brugge,2,0,H,0,0,D,1.29,5.5,9.5,1.22,5.75,9.25,1.25,4.8,9.5,1.25,5.0,10.0,1.3,5.76,11.66,1.29,5.0,9.0,1.29,5.5,9.0,1.29,5.75,10.5,45,1.31,1.27,6.25,5.28,13.0,10.02,34,1.62,1.57,2.52,2.29,22.0,-1.5,1.93,1.87,2.08,1.96,1.38,5.36,9.04,1779.63,1502.29
B1,16/03/14,Gent,Waregem,0,1,A,0,0,D,2.0,3.4,3.75,1.9,3.25,3.75,1.9,3.3,3.5,2.0,3.1,3.5,1.99,3.57,4.05,2.0,3.3,3.5,1.95,3.3,3.75,2.0,3.4,3.9,45,2.05,1.96,3.57,3.34,4.05,3.7,41,2.04,1.95,1.93,1.81,18.0,-0.5,2.03,1.97,1.93,1.88,1.85,3.96,4.27,1654.33,1702.31
B1,16/03/14,Kortrijk,Genk,2,2,D,2,0,H,2.6,3.25,2.7,2.65,3.1,2.5,2.75,3.2,2.3,2.55,3.1,2.62,2.61,3.42,2.81,2.4,3.3,2.7,2.5,3.2,2.75,2.55,3.3,2.8,45,2.75,2.54,3.5,3.2,2.81,2.69,40,1.97,1.88,2.02,1.89,22.0,0.0,1.9,1.84,2.06,1.98,3.04,3.16,2.63,1586.82,1645.2
B1,16/03/14,Lierse,Lokeren,1,2,A,0,0,D,3.75,3.4,2.0,3.5,3.2,2.0,3.3,3.2,2.0,3.6,3.25,1.95,3.93,3.62,2.0,3.4,3.4,2.0,3.8,3.3,1.95,3.9,3.4,2.0,45,4.25,3.68,3.65,3.37,2.05,1.96,40,1.96,1.83,2.01,1.93,19.0,0.5,1.91,1.86,2.02,1.97,4.08,3.6,1.99,1532.17,1682.87
B1,16/03/14,Mechelen,Charleroi,0,3,A,0,1,A,1.75,3.6,4.75,1.7,3.5,4.5,1.75,3.4,4.0,1.7,3.5,4.5,1.81,3.81,4.69,1.8,3.5,4.0,1.8,3.4,4.5,1.8,3.6,4.6,45,1.82,1.77,3.81,3.49,5.4,4.45,40,1.89,1.79,2.12,1.98,19.0,-0.75,2.07,2.01,1.89,1.83,1.74,4.0,4.99,1567.47,1533.73
B1,16/03/14,Waasland-Beveren,Standard,1,1,D,1,0,H,7.0,3.75,1.53,5.25,3.75,1.55,5.5,3.5,1.55,6.0,3.75,1.5,7.0,4.19,1.54,5.5,4.0,1.53,6.25,3.75,1.53,6.5,4.0,1.55,45,7.2,6.24,4.2,3.83,1.58,1.53,40,1.96,1.82,2.02,1.95,22.0,1.0,1.98,1.9,1.98,1.93,5.12,3.75,1.77,1555.13,1775.95
