Div,Date,Time,HomeTeam,AwayTeam,FTHG,FTAG,FTR,HTHG,HTAG,HTR,Referee,HY,AY,HR,AR,B365H,B365D,B365A,BFDH,BFDD,BFDA,BMGMH,BMGMD,BMGMA,BVH,BVD,BVA,BWH,BWD,BWA,CLH,CLD,CLA,LBH,LBD,LBA,PSH,PSD,PSA,MaxH,MaxD,MaxA,AvgH,AvgD,AvgA,BFEH,BFED,BFEA,B365>2.5,B365<2.5,P>2.5,P<2.5,Max>2.5,Max<2.5,Avg>2.5,Avg<2.5,BFE>2.5,BFE<2.5,AHh,B365AHH,B365AHA,PAHH,PAHA,MaxAHH,MaxAHA,AvgAHH,AvgAHA,BFEAHH,BFEAHA,B365CH,B365CD,B365CA,BFDCH,BFDCD,BFDCA,BMGMCH,BMGMCD,BMGMCA,BVCH,BVCD,BVCA,BWCH,BWCD,BWCA,CLCH,CLCD,CLCA,LBCH,LBCD,LBCA,PSCH,PSCD,PSCA,MaxCH,MaxCD,MaxCA,AvgCH,AvgCD,AvgCA,BFECH,BFECD,BFECA,B365C>2.5,B365C<2.5,PC>2.5,PC<2.5,MaxC>2.5,MaxC<2.5,AvgC>2.5,AvgC<2.5,BFEC>2.5,BFEC<2.5,AHCh,B365CAHH,B365CAHA,PCAHH,PCAHA,MaxCAHH,MaxCAHA,AvgCAHH,AvgCAHA,BFECAHH,BFECAHA,EloHome,EloAway
EC,09/08/2025,15:00,Altrincham,Aldershot,3,2,H,2,0,H,N Smith,5,3,0,0,1.9,3.8,3.6,1.91,3.6,3.6,1.87,3.65,3.25,1.87,3.6,3.5,1.87,3.5,3.25,1.91,3.5,3.3,1.91,3.5,3.3,1.88,3.8,3.65,1.95,3.8,3.6,1.88,3.63,3.38,1.85,3.9,3.65,1.62,2.25,1.61,2.26,1.62,2.26,1.58,2.21,1.61,2.3,-0.5,1.9,1.9,1.89,1.91,1.93,1.9,1.87,1.84,,,1.9,3.8,3.6,1.91,3.6,3.6,1.87,3.7,3.25,1.85,3.7,3.5,1.87,3.5,3.25,1.91,3.5,3.3,1.91,3.5,3.3,1.91,3.9,3.67,1.91,3.8,3.6,1.88,3.64,3.41,2.0,4.0,3.85,1.62,2.25,1.63,2.28,1.62,2.26,1.58,2.21,1.65,2.36,-0.5,1.9,1.9,1.92,1.93,1.9,1.9,1.86,1.84,2.0,1.99,1106.53,1090.78
EC,09/08/2025,15:00,Boreham Wood,Rochdale,0,2,A,0,0,D,W Cartmel,0,3,0,0,2.88,3.4,2.38,3.0,3.1,2.38,2.75,3.25,2.28,2.9,3.2,2.3,2.87,3.1,2.2,2.87,3.1,2.25,2.87,3.1,2.25,3.07,3.19,2.35,3.1,3.4,2.38,2.87,3.19,2.29,2.92,3.0,2.32,2.05,1.75,2.06,1.74,2.05,1.75,1.99,1.72,1.97,1.64,0.25,1.8,2.0,1.8,2.01,1.8,2.0,1.76,1.95,,,2.7,3.4,2.5,2.8,3.1,2.5,2.75,3.3,2.25,2.7,3.13,2.45,2.65,3.1,2.35,2.8,3.1,2.25,2.8,3.1,2.25,2.87,3.22,2.56,2.85,3.4,2.5,2.75,3.17,2.37,2.96,3.4,2.66,2.05,1.75,2.09,1.76,2.05,1.75,1.98,1.73,2.14,1.82,0.0,2.0,1.8,2.05,1.82,2.02,1.8,1.96,1.75,2.06,1.89,1093.8,1148.86
EC,09/08/2025,15:00,Brackley Town,Eastleigh,1,0,H,1,0,H,D Brown,1,2,0,0,2.05,3.5,3.4,2.05,3.3,3.5,2.04,3.4,3.0,2.0,3.3,3.4,2.0,3.25,3.2,2.0,3.25,3.2,2.0,3.25,3.2,2.03,3.41,3.54,2.05,3.5,3.5,2.02,3.35,3.24,2.12,3.3,3.6,1.98,1.83,1.96,1.83,1.98,1.83,1.9,1.79,1.84,1.71,-0.5,2.05,1.75,2.04,1.78,2.05,1.75,1.99,1.72,,,2.0,3.5,3.4,2.05,3.3,3.5,2.04,3.45,3.05,2.0,3.4,3.3,2.05,3.25,3.1,2.05,3.25,3.1,2.0,3.25,3.2,2.15,3.46,3.38,2.06,3.5,3.5,2.01,3.37,3.26,2.06,3.55,3.85,1.95,1.85,2.0,1.84,1.95,1.85,1.89,1.8,2.02,1.93,-0.5,2.0,1.8,2.14,1.72,2.03,1.8,1.96,1.75,2.06,1.84,1120.0,1083.73
EC,09/08/2025,15:00,Braintree Town,Halifax,3,0,H,2,0,H,I Searle,4,3,0,0,2.25,3.2,3.2,2.25,3.1,3.2,2.1,3.15,3.1,2.2,3.13,3.1,2.1,3.1,3.1,2.1,3.1,3.1,2.1,3.1,3.1,2.29,3.23,3.14,2.25,3.25,3.25,2.16,3.14,3.11,2.28,3.15,3.15,2.1,1.7,2.09,1.71,2.1,1.7,2.04,1.68,2.08,1.73,-0.25,1.95,1.85,1.97,1.84,1.95,1.85,1.89,1.82,,,2.25,3.2,3.3,2.2,3.1,3.25,2.1,3.25,3.05,2.2,3.13,3.13,2.15,3.1,3.0,2.15,3.1,3.0,2.15,3.1,3.0,2.29,3.3,3.22,2.25,3.25,3.3,2.17,3.14,3.11,2.3,3.3,3.6,2.15,1.67,2.12,1.74,2.15,1.73,2.06,1.67,2.26,1.7,-0.25,1.93,1.88,1.97,1.88,1.93,1.88,1.88,1.82,1.97,1.98,1105.25,1130.41
EC,09/08/2025,15:00,Gateshead,Southend,0,3,A,0,1,A,S Morland,1,1,0,0,3.1,3.5,2.2,3.1,3.4,2.15,3.0,3.4,2.07,3.0,3.4,2.15,2.87,3.3,2.1,2.9,3.3,2.15,2.9,3.3,2.15,3.15,3.44,2.19,3.15,3.5,2.2,3.0,3.37,2.12,3.1,3.55,2.24,1.8,2.0,1.78,2.0,1.8,2.0,1.73,1.98,1.76,2.0,0.25,1.9,1.9,1.9,1.9,1.9,1.9,1.85,1.85,,,3.6,3.6,1.95,3.5,3.5,1.95,3.0,3.45,2.05,3.1,3.4,2.1,3.2,3.4,1.95,3.1,3.4,2.0,2.9,3.3,2.15,3.2,3.5,2.22,3.6,3.6,2.15,3.2,3.44,2.02,3.55,3.8,2.12,1.75,2.05,1.78,2.0,1.75,2.05,1.72,1.99,1.8,2.12,0.5,1.83,1.98,1.67,2.19,1.83,2.04,1.75,1.96,1.84,2.12,1089.8,1165.94
EC,09/08/2025,15:00,Solihull,Forest Green,2,2,D,1,0,H,B Atkinson,2,0,1,0,3.8,3.4,1.95,3.5,3.3,2.05,3.55,3.35,1.9,3.5,3.4,1.95,3.3,3.25,1.95,3.3,3.25,1.95,3.3,3.25,1.95,3.69,3.4,1.99,3.8,3.4,2.05,3.49,3.33,1.94,1.09,3.3,1.99,1.98,1.83,1.98,1.81,1.98,1.83,1.93,1.76,1.96,1.81,0.5,1.8,2.0,1.81,2.0,1.8,2.0,1.77,1.94,,,3.0,3.25,2.3,3.0,3.2,2.3,2.65,3.2,2.35,3.13,3.3,2.1,2.87,3.2,2.15,3.1,3.2,2.05,3.2,3.25,2.0,3.46,3.51,2.1,3.2,3.5,2.35,2.91,3.23,2.23,3.15,3.55,2.46,1.98,1.83,1.99,1.85,1.98,1.83,1.93,1.76,2.02,1.94,0.25,1.78,2.03,2.04,1.82,1.82,2.03,1.78,1.92,1.87,2.11,1082.73,1163.64
EC,09/08/2025,15:00,Tamworth,Scunthorpe,1,2,A,1,2,A,E Swallow,2,2,0,0,2.1,3.6,3.2,2.1,3.4,3.25,2.04,3.5,2.95,2.1,3.4,3.13,2.0,3.3,3.1,2.0,3.3,3.1,2.0,3.3,3.1,2.08,3.54,3.28,2.13,3.6,3.25,2.06,3.42,3.09,2.06,3.6,3.45,1.8,2.0,1.79,2.0,1.8,2.0,1.76,1.93,1.78,2.0,-0.25,1.83,1.98,1.82,1.99,1.83,1.98,1.8,1.9,,,2.25,3.5,2.9,2.3,3.4,2.88,2.38,3.35,2.48,2.2,3.4,2.88,2.2,3.3,2.75,2.1,3.3,2.9,2.1,3.3,2.9,2.28,3.46,3.09,2.38,3.5,3.0,2.26,3.35,2.77,2.42,3.6,3.05,1.8,2.0,1.83,2.01,1.8,2.0,1.78,1.91,1.89,2.06,-0.25,2.0,1.8,1.98,1.87,2.0,1.8,1.93,1.78,2.02,1.9,1122.46,1120.0
EC,09/08/2025,15:00,Wealdstone,Truro,2,0,H,1,0,H,A Farmer,1,0,0,0,2.3,3.6,2.75,2.3,3.3,2.88,2.33,3.35,2.63,2.3,3.3,2.8,2.25,3.2,2.7,2.25,3.2,2.7,2.25,3.2,2.7,2.37,3.3,2.93,2.33,3.6,2.88,2.29,3.34,2.72,2.38,3.45,2.86,1.9,1.9,1.88,1.91,1.9,1.91,1.83,1.85,1.86,1.79,-0.25,2.05,1.75,2.05,1.77,2.05,1.77,1.99,1.73,,,2.35,3.6,2.7,2.4,3.3,2.75,2.3,3.4,2.63,2.38,3.3,2.7,2.25,3.25,2.7,2.25,3.25,2.7,2.25,3.25,2.7,2.46,3.38,2.88,2.4,3.6,2.8,2.33,3.34,2.69,2.56,3.5,2.86,1.88,1.93,1.9,1.93,1.88,1.93,1.83,1.85,1.95,2.0,0.0,1.8,2.0,1.78,2.09,1.8,2.04,1.75,1.98,1.87,2.08,1079.41,1120.0
EC,09/08/2025,15:00,Woking,Carlisle,0,2,A,0,0,D,A Young,3,2,0,0,4.5,3.6,1.73,4.6,3.6,1.7,4.35,3.55,1.65,4.4,3.6,1.7,4.33,3.6,1.65,4.2,3.6,1.65,4.2,3.6,1.65,4.55,3.73,1.71,4.6,3.75,1.75,4.36,3.6,1.68,4.7,3.65,1.71,1.88,1.93,1.89,1.89,1.88,1.93,1.82,1.87,1.88,1.88,0.75,1.85,1.95,1.87,1.93,1.85,1.95,1.82,1.88,,,3.1,3.3,2.25,3.1,3.25,2.2,3.3,3.35,1.98,3.13,3.3,2.1,2.9,3.25,2.1,3.1,3.25,2.05,3.25,3.25,2.0,4.09,3.65,1.87,3.33,3.35,2.25,3.15,3.28,2.09,3.85,3.5,2.1,1.9,1.9,1.95,1.88,1.93,1.9,1.89,1.8,2.02,1.94,0.25,1.85,1.95,2.32,1.63,1.91,1.95,1.85,1.85,1.93,1.97,1119.99,1060.19
EC,09/08/2025,15:00,Yeovil,Hartlepool,0,0,D,0,0,D,R Massey-Ellis,3,2,0,0,2.38,3.5,2.75,2.4,3.2,2.8,2.32,3.4,2.6,2.4,3.2,2.75,2.3,3.2,2.65,2.3,3.2,2.7,2.3,3.2,2.7,2.51,3.17,2.85,2.45,3.5,2.85,2.35,3.28,2.7,2.48,3.15,2.82,2.05,1.75,2.05,1.75,2.05,1.75,1.99,1.72,2.04,1.76,0.0,1.78,2.03,1.78,2.04,1.78,2.03,1.73,1.98,,,2.45,3.5,2.7,2.5,3.25,2.63,2.3,3.45,2.55,2.45,3.13,2.7,2.37,3.1,2.6,2.4,3.1,2.6,2.4,3.1,2.6,2.67,3.28,2.71,2.5,3.5,2.83,2.4,3.26,2.62,2.68,3.3,2.84,2.05,1.75,2.07,1.78,2.05,1.75,1.97,1.73,2.12,1.85,0.0,1.83,1.98,1.91,1.94,1.83,1.98,1.78,1.94,1.89,2.02,1042.83,1102.19
EC,09/08/2025,15:00,York,Sutton,2,2,D,1,1,D,A Miller,1,1,0,0,1.55,4.2,5.75,1.53,4.0,5.5,1.46,4.25,5.4,1.5,4.1,5.5,1.46,4.2,5.25,1.48,4.2,5.0,1.48,4.2,5.0,1.52,4.29,5.45,1.55,4.33,5.75,1.49,4.19,5.34,1.52,4.2,6.0,1.7,2.1,1.68,2.16,1.7,2.15,1.64,2.11,1.68,2.16,-1.0,1.9,1.9,1.88,1.92,1.9,1.91,1.83,1.86,,,1.48,4.5,6.5,1.44,4.33,6.5,1.47,4.2,5.3,1.44,4.4,5.75,1.44,4.33,5.25,1.44,4.2,5.25,1.48,4.2,5.0,1.52,4.41,5.83,1.48,4.5,6.5,1.45,4.27,5.72,1.48,5.0,7.2,1.67,2.15,1.7,2.18,1.67,2.2,1.64,2.11,1.73,2.28,-1.25,2.03,1.78,2.16,1.72,2.03,1.78,1.97,1.74,2.05,1.86,1243.89,1093.7
EC,16/08/2025,12:30,Rochdale,Altrincham,2,1,H,1,1,D,W Davis,1,5,0,0,1.85,3.4,3.8,1.91,3.5,3.75,1.81,3.45,3.6,1.87,3.5,3.6,1.83,3.4,3.5,1.85,3.4,3.5,1.85,3.4,3.5,1.9,3.61,3.77,1.93,3.6,3.8,1.86,3.45,3.61,1.97,3.55,3.8,1.75,2.05,1.77,1.98,1.77,2.05,1.74,1.97,1.78,2.0,-0.5,1.9,1.9,1.92,1.9,1.9,1.9,1.86,1.84,1.97,1.9,1.75,3.5,4.33,1.73,3.6,4.33,1.8,3.5,3.75,1.83,3.6,3.7,1.73,3.5,3.8,1.8,3.5,3.6,1.8,3.5,3.6,1.95,3.55,3.89,1.84,3.6,4.5,1.78,3.53,3.92,1.83,3.8,4.5,1.8,2.0,1.83,2.01,1.8,2.0,1.75,1.95,1.84,2.08,-0.75,1.98,1.83,2.24,1.66,2.05,1.83,1.96,1.76,2.05,1.85,1162.97,1115.01
EC,16/08/2025,15:00,Aldershot,Boston Utd,2,3,A,0,1,A,R Martin,3,2,1,0,2.15,3.3,3.1,2.2,3.3,3.1,2.1,3.25,2.95,2.15,3.3,3.1,2.1,3.25,2.9,2.15,3.25,2.9,2.15,3.25,2.9,2.18,3.4,3.19,2.2,3.4,3.2,2.13,3.28,3.03,1.09,3.35,1.67,1.85,1.95,1.88,1.93,1.85,1.95,1.82,1.87,1.75,1.88,-0.25,1.88,1.93,1.9,1.92,1.88,1.93,1.84,1.86,1.68,1.85,2.2,3.25,3.0,2.3,3.25,3.0,2.1,3.3,3.05,2.2,3.3,3.0,2.1,3.25,2.9,2.15,3.25,2.9,2.15,3.25,2.9,2.24,3.45,3.19,2.3,3.4,3.05,2.17,3.28,2.98,2.36,3.45,3.05,1.88,1.93,1.89,1.94,1.88,1.93,1.84,1.85,1.91,1.99,-0.25,1.95,1.85,1.94,1.91,1.95,1.85,1.89,1.81,2.03,1.89,1082.3,1112.3
EC,16/08/2025,15:00,Carlisle,Boreham Wood,3,3,D,0,1,A,J Westgate,1,1,0,0,1.6,3.7,4.75,1.62,3.75,5.0,1.6,3.85,4.5,1.62,3.75,4.8,1.58,3.75,4.5,1.6,3.75,4.4,1.6,3.75,4.4,1.65,4.26,4.36,1.66,4.0,5.0,1.61,3.79,4.59,1.65,4.2,5.1,1.75,2.05,1.78,2.01,1.75,2.05,1.73,1.98,1.78,2.02,-0.75,1.8,2.0,1.83,1.99,1.8,2.0,1.78,1.92,1.83,2.01,1.65,3.6,4.5,1.62,3.75,5.0,1.61,3.85,4.4,1.62,3.75,4.8,1.58,3.75,4.5,1.6,3.75,4.4,1.6,3.75,4.4,1.64,4.36,4.61,1.66,4.0,5.0,1.62,3.78,4.55,1.69,4.3,5.3,1.75,2.05,1.78,2.07,1.75,2.05,1.74,1.97,1.79,2.2,-0.75,1.83,1.98,1.82,2.05,1.83,1.98,1.79,1.92,1.85,2.09,1078.07,1079.69
EC,16/08/2025,15:00,Eastleigh,Gateshead,0,2,A,0,2,A,C Hicks,2,1,0,0,1.83,3.5,3.7,1.83,3.4,3.6,1.93,3.4,3.3,1.91,3.6,3.4,1.93,3.4,3.25,1.95,3.4,3.25,1.95,3.4,3.25,1.88,3.94,3.51,1.95,3.8,3.75,1.9,3.5,3.42,1.84,3.9,3.95,1.73,2.08,1.75,2.07,1.75,2.08,1.72,2.0,1.73,2.1,-0.5,1.88,1.93,1.9,1.92,1.91,1.93,1.85,1.85,1.84,2.02,1.83,3.6,3.75,1.83,3.4,3.6,1.94,3.35,3.35,1.87,3.6,3.5,1.85,3.5,3.4,1.85,3.5,3.4,1.85,3.5,3.4,1.95,4.01,3.46,1.94,3.8,3.75,1.87,3.51,3.49,1.94,4.2,3.85,1.75,2.05,1.76,2.08,1.75,2.05,1.73,1.98,1.79,2.16,-0.5,1.85,1.95,1.96,1.89,1.9,1.95,1.84,1.86,1.94,2.01,1075.9,1076.44
EC,16/08/2025,15:00,Forest Green,Yeovil,2,0,H,0,0,D,A Humphries,1,3,0,1,1.7,3.9,4.0,1.7,3.6,4.6,1.74,3.5,4.0,1.7,3.5,4.5,1.7,3.4,4.2,1.7,3.4,4.2,1.7,3.4,4.2,1.72,3.75,4.47,1.77,3.9,4.6,1.72,3.53,4.24,1.74,3.65,5.1,2.1,1.7,2.09,1.71,2.1,1.74,2.02,1.7,2.08,1.73,-0.75,1.95,1.85,1.96,1.86,1.96,1.85,1.92,1.79,1.97,1.86,1.8,3.75,3.6,1.8,3.5,4.33,1.73,3.55,3.95,1.75,3.4,4.33,1.75,3.3,4.0,1.75,3.3,4.0,1.75,3.3,4.0,1.75,3.77,4.64,1.83,3.75,4.33,1.77,3.45,4.04,1.89,3.65,4.8,2.15,1.67,2.13,1.73,2.15,1.73,2.04,1.69,2.2,1.79,-0.75,2.08,1.73,1.98,1.88,2.08,1.73,2.03,1.7,2.18,1.81,1164.33,1041.37
EC,16/08/2025,15:00,Hartlepool,Braintree Town,2,0,H,1,0,H,G Rhodes,1,1,0,1,2.1,3.25,3.2,2.2,3.3,3.1,2.02,3.2,3.25,2.15,3.4,3.0,2.1,3.3,2.95,2.1,3.3,2.9,2.1,3.3,2.9,2.21,3.37,3.15,2.2,3.4,3.25,2.11,3.28,3.08,2.2,3.35,3.15,1.85,1.95,1.88,1.93,1.88,1.95,1.84,1.85,1.87,1.93,-0.25,1.9,1.9,1.93,1.89,1.9,1.9,1.86,1.84,1.92,1.88,2.0,3.25,3.5,2.0,3.4,3.5,2.02,3.25,3.25,2.05,3.5,3.13,1.95,3.3,3.2,2.05,3.3,3.1,2.05,3.3,3.1,2.22,3.43,3.24,2.08,3.5,3.6,2.03,3.32,3.29,2.12,3.6,3.75,1.88,1.93,1.89,1.94,1.91,1.93,1.84,1.85,1.97,2.0,-0.25,1.75,2.05,1.93,1.93,1.78,2.05,1.74,1.96,1.82,2.17,1103.65,1115.1
EC,16/08/2025,15:00,Scunthorpe,Woking,3,1,H,2,0,H,J Bancroft,2,2,0,0,1.9,3.75,3.3,1.91,3.5,3.75,1.93,3.45,3.3,1.91,3.4,3.6,1.9,3.2,3.5,1.91,3.25,3.5,1.91,3.25,3.5,1.94,3.62,3.61,1.98,3.75,3.75,1.92,3.43,3.46,1.72,3.55,1.1,1.95,1.85,1.95,1.85,1.95,1.85,1.91,1.79,1.86,1.73,-0.5,1.93,1.88,1.96,1.86,1.95,1.88,1.9,1.81,1.72,1.8,1.85,3.8,3.3,1.83,3.5,4.0,1.94,3.4,3.35,1.85,3.4,3.8,1.85,3.2,3.7,1.85,3.25,3.7,1.85,3.25,3.7,1.89,3.77,3.88,1.94,3.8,4.0,1.87,3.45,3.62,1.96,3.7,4.1,1.93,1.88,1.94,1.89,1.93,1.88,1.9,1.79,2.0,1.95,-0.5,1.9,1.9,1.9,1.95,1.9,1.9,1.83,1.87,1.96,2.01,1136.08,1102.11
EC,16/08/2025,15:00,Southend,Tamworth,2,0,H,1,0,H,N Hair,2,1,0,0,1.57,3.9,5.0,1.6,4.0,5.0,1.58,4.0,4.4,1.57,3.9,5.0,1.55,3.9,4.6,1.55,3.9,4.6,1.55,3.9,4.6,1.58,3.69,5.93,1.6,4.0,6.0,1.57,3.89,4.87,1.59,4.2,5.9,1.73,2.08,1.74,2.06,1.73,2.1,1.69,2.04,1.75,2.08,-1.0,2.0,1.8,2.04,1.79,2.0,1.8,1.95,1.76,1.93,1.8,1.5,4.0,5.5,1.5,4.0,6.0,1.52,4.1,4.9,1.53,4.1,5.0,1.51,4.0,5.0,1.55,3.9,4.6,1.55,3.9,4.6,1.58,3.8,6.23,1.55,4.2,6.66,1.52,3.99,5.29,1.56,4.3,7.0,1.73,2.08,1.75,2.1,1.73,2.1,1.68,2.05,1.81,2.18,-1.0,1.9,1.9,2.02,1.83,1.9,1.9,1.86,1.85,1.91,2.0,1179.3,1106.38
EC,16/08/2025,15:00,Sutton,Solihull,0,0,D,0,0,D,A Farmer,3,3,0,0,1.85,3.4,3.75,1.91,3.4,3.75,1.81,3.5,3.65,1.87,3.4,3.75,1.83,3.3,3.6,1.83,3.3,3.6,1.83,3.3,3.6,1.91,3.58,3.78,1.92,3.6,3.8,1.85,3.41,3.67,1.04,1.03,1.04,1.95,1.85,1.95,1.85,1.98,1.85,1.91,1.79,1.86,1.74,-0.5,1.9,1.9,1.93,1.89,1.9,1.9,1.87,1.83,1.04,1.78,1.91,3.4,3.6,1.91,3.4,3.75,1.82,3.45,3.7,1.9,3.4,3.6,1.9,3.3,3.4,1.83,3.3,3.6,1.91,3.3,3.4,1.88,3.7,3.97,1.96,3.66,3.75,1.88,3.4,3.58,2.04,3.65,3.75,1.95,1.85,1.93,1.89,1.95,1.85,1.91,1.78,1.97,1.94,-0.5,1.98,1.83,1.89,1.96,1.98,1.83,1.9,1.8,2.04,1.9,1101.41,1082.04
EC,16/08/2025,15:00,Wealdstone,Halifax,2,1,H,1,1,D,P Wright,4,3,0,1,2.3,3.2,2.88,2.3,3.2,3.0,2.33,3.15,2.7,2.3,3.25,2.9,2.2,3.2,2.75,2.25,3.2,2.8,2.25,3.2,2.8,2.4,3.35,2.85,2.42,3.4,3.0,2.29,3.2,2.82,2.42,3.3,2.92,1.98,1.83,2.01,1.8,1.98,1.83,1.94,1.76,2.0,1.82,-0.25,2.0,1.8,2.07,1.74,2.0,1.8,1.96,1.75,2.08,1.65,2.38,3.2,2.75,2.4,3.2,2.8,2.3,3.15,2.75,2.38,3.2,2.75,2.3,3.2,2.7,2.25,3.2,2.8,2.25,3.2,2.8,2.4,3.41,2.94,2.42,3.3,2.9,2.34,3.18,2.76,2.48,3.4,3.15,2.03,1.78,2.03,1.82,2.03,1.8,1.95,1.76,2.08,1.88,0.0,1.75,2.05,1.74,2.14,1.8,2.07,1.73,1.99,1.76,2.25,1089.79,1120.56
EC,16/08/2025,17:30,Truro,York,0,2,A,0,0,D,R Massey-Ellis,2,2,0,0,3.9,4.0,1.7,4.5,3.6,1.73,3.8,3.75,1.71,4.2,3.7,1.7,4.0,3.6,1.7,4.0,3.6,1.7,4.0,3.6,1.7,5.1,3.46,1.7,5.0,4.0,1.75,4.13,3.65,1.71,4.8,3.85,1.7,1.8,2.0,1.78,2.02,1.8,2.0,1.76,1.94,1.78,2.02,0.75,1.85,1.95,1.89,1.93,1.85,1.95,1.8,1.9,1.96,1.9,4.2,4.0,1.62,5.0,3.75,1.62,4.2,3.95,1.63,4.5,3.75,1.65,4.4,3.7,1.61,4.2,3.6,1.65,4.2,3.6,1.65,5.29,3.69,1.68,5.66,4.0,1.7,4.49,3.76,1.63,5.7,4.3,1.61,1.8,2.0,1.77,2.07,1.8,2.02,1.73,1.97,1.8,2.18,0.75,1.95,1.85,1.97,1.88,1.95,1.88,1.92,1.79,2.16,1.78,1109.62,1236.18
EC,19/08/2025,19:45,Altrincham,Hartlepool,0,2,A,0,2,A,G Rollason,1,1,0,0,2.15,3.5,2.88,2.25,3.4,2.88,2.18,3.5,2.7,2.2,3.5,2.88,2.15,3.4,2.8,2.15,3.4,2.8,2.15,3.4,2.8,2.32,3.47,3.02,2.25,3.5,3.0,2.19,3.42,2.83,2.36,3.7,3.05,1.7,2.1,1.71,2.13,1.71,2.1,1.68,2.05,1.76,2.16,-0.25,1.98,1.83,2.02,1.84,1.98,1.83,1.92,1.79,2.04,1.88,2.45,3.5,2.5,2.5,3.4,2.6,2.18,3.5,2.7,2.4,3.4,2.6,2.35,3.3,2.5,2.37,3.4,2.5,2.37,3.4,2.5,2.32,3.47,3.02,2.5,3.5,2.7,2.36,3.42,2.59,2.6,3.65,2.72,1.7,2.1,1.71,2.13,1.7,2.1,1.67,2.06,1.73,2.26,0.0,1.85,1.95,1.68,2.2,1.85,1.95,1.8,1.91,1.91,2.0,1107.53,1113.03
EC,19/08/2025,19:45,Boston Utd,Halifax,0,1,A,0,1,A,C Walchester,2,3,0,0,2.2,3.4,2.88,2.3,3.2,3.0,2.18,3.4,2.75,2.25,3.13,3.0,2.2,3.1,2.87,2.25,3.1,2.9,2.25,3.1,2.9,2.33,3.34,3.11,2.3,3.4,3.0,2.23,3.24,2.9,2.36,3.25,3.2,2.15,1.67,2.15,1.71,2.15,1.7,2.06,1.67,2.14,1.75,-0.25,2.0,1.8,2.02,1.84,2.0,1.8,1.94,1.76,2.02,1.88,2.1,3.4,3.0,2.2,3.25,3.2,2.2,3.35,2.8,2.25,3.13,3.0,2.1,3.1,3.0,2.25,3.1,2.9,2.25,3.1,2.9,2.31,3.35,3.15,2.25,3.4,3.33,2.18,3.24,2.99,2.24,3.4,3.5,2.1,1.7,2.15,1.71,2.1,1.7,2.06,1.67,2.18,1.78,-0.25,1.9,1.9,1.99,1.86,1.91,1.9,1.87,1.84,1.93,2.01,1127.28,1110.52
EC,19/08/2025,19:45,Carlisle,Solihull,1,1,D,0,0,D,A Miller,2,0,0,0,1.5,4.1,5.25,1.5,4.0,6.5,1.49,4.1,5.3,1.45,4.0,6.0,1.47,3.9,5.5,1.48,3.9,5.5,1.48,3.9,5.5,1.5,4.31,6.29,1.5,4.25,6.5,1.48,4.02,5.69,1.54,4.3,5.9,1.83,1.98,1.85,1.99,1.83,1.98,1.79,1.91,1.86,2.04,-1.0,1.85,1.95,1.86,1.99,1.85,1.95,1.8,1.91,1.58,2.05,1.53,4.0,5.0,1.5,4.0,6.0,1.49,4.1,5.3,1.5,3.9,5.75,1.5,3.8,5.25,1.48,3.9,5.5,1.48,3.9,5.5,1.5,4.31,6.29,1.55,4.25,6.0,1.5,3.98,5.52,1.57,4.1,7.2,1.85,1.95,1.85,1.99,1.85,1.95,1.8,1.9,1.93,2.04,-1.0,1.95,1.85,1.86,1.99,1.95,1.89,1.86,1.85,1.96,1.93,1074.62,1086.17
EC,19/08/2025,19:45,Tamworth,Truro,2,0,H,2,0,H,S Copeland,2,2,0,0,1.83,3.8,3.5,1.83,3.5,4.0,1.78,3.85,3.45,1.8,3.5,3.9,1.8,3.4,3.7,1.8,3.4,3.7,1.8,3.4,3.7,1.83,3.74,4.13,1.88,3.85,4.0,1.81,3.58,3.7,1.92,3.55,4.1,1.95,1.85,1.77,1.98,1.95,1.95,1.81,1.88,1.94,1.94,-0.5,1.85,1.95,1.83,2.01,1.85,1.95,1.81,1.89,1.92,1.96,1.83,3.75,3.6,1.83,3.5,4.0,1.78,3.8,3.5,1.8,3.4,4.0,1.82,3.25,3.8,1.83,3.25,3.8,1.83,3.25,3.8,1.91,3.56,4.03,1.88,3.8,4.1,1.82,3.52,3.75,1.93,3.65,4.3,2.0,1.8,1.97,1.86,2.0,1.97,1.86,1.84,2.06,1.89,-0.5,1.85,1.95,1.92,1.93,1.85,1.95,1.82,1.88,1.93,2.01,1099.63,1098.07
EC,19/08/2025,19:45,Woking,Wealdstone,1,2,A,0,1,A,I Searle,1,5,0,0,2.15,3.4,3.0,2.2,3.3,3.1,2.04,3.4,3.05,2.2,3.3,3.0,2.1,3.25,2.95,2.1,3.25,3.0,2.1,3.25,3.0,2.25,3.48,3.15,2.22,3.5,3.1,2.13,3.33,3.02,2.26,3.5,3.2,1.88,1.93,1.91,1.93,1.88,1.93,1.84,1.85,1.92,1.98,-0.25,1.93,1.88,1.95,1.9,1.93,1.88,1.87,1.83,1.97,1.95,2.2,3.3,3.0,2.2,3.3,3.1,2.05,3.4,3.05,2.2,3.3,3.0,2.1,3.25,2.95,2.1,3.25,3.0,2.1,3.25,3.0,2.24,3.51,3.14,2.22,3.5,3.1,2.14,3.32,3.02,2.36,3.6,3.2,1.88,1.93,1.88,1.96,1.91,1.93,1.84,1.84,1.91,1.99,-0.25,1.95,1.85,1.94,1.91,1.95,1.85,1.88,1.82,2.03,1.92,1094.2,1099.83
EC,20/08/2025,19:45,Aldershot,Eastleigh,2,3,A,0,1,A,J Richardson,3,3,0,1,1.9,3.5,3.5,1.95,3.4,3.6,1.89,3.45,3.4,1.93,3.5,3.5,1.93,3.25,3.4,1.95,3.25,3.4,1.95,3.25,3.4,1.97,3.49,3.64,2.0,3.5,3.66,1.93,3.4,3.45,2.0,3.45,3.65,1.83,1.98,1.85,1.96,1.85,1.98,1.81,1.89,1.84,1.95,-0.5,1.95,1.85,1.99,1.83,1.97,1.85,1.91,1.78,2.01,1.83,2.38,3.4,2.63,2.4,3.3,2.8,2.15,3.4,2.8,2.25,3.3,2.88,2.3,3.2,2.6,1.95,3.3,3.3,2.05,3.25,3.1,1.93,3.65,3.87,2.4,3.45,3.3,2.25,3.33,2.81,2.12,3.75,3.6,1.8,2.0,1.83,2.01,1.92,2.0,1.81,1.88,1.88,2.04,-0.25,2.1,1.7,1.68,2.24,2.1,1.81,1.99,1.72,1.84,2.12,1067.32,1059.92
EC,20/08/2025,19:45,Boreham Wood,Braintree Town,2,1,H,1,1,D,H Wager,2,1,0,1,2.1,3.5,3.0,2.1,3.3,3.3,2.02,3.2,3.25,2.1,3.25,3.25,2.05,3.2,3.1,2.05,3.2,3.1,2.05,3.2,3.1,2.13,3.37,3.34,2.12,3.5,3.33,2.06,3.26,3.21,2.16,3.45,3.4,2.0,1.8,2.04,1.78,2.02,1.8,1.98,1.74,1.34,1.16,-0.25,1.8,2.0,1.85,1.98,1.82,2.0,1.79,1.92,1.86,2.0,1.7,3.6,4.5,1.73,3.5,4.5,1.81,3.4,3.8,1.7,3.6,4.4,1.7,3.4,4.2,1.7,3.4,4.2,1.7,3.4,4.2,1.87,3.56,4.21,1.81,3.6,4.5,1.74,3.47,4.19,1.81,3.8,5.0,1.9,1.9,1.97,1.87,1.97,1.9,1.9,1.79,1.97,1.96,-0.75,1.95,1.85,2.15,1.73,2.01,1.85,1.93,1.78,2.05,1.87,1083.14,1105.72
EC,20/08/2025,19:45,Forest Green,Sutton,4,0,H,2,0,H,E Swallow,1,3,0,0,1.95,3.5,3.4,1.91,3.4,3.75,1.9,3.55,3.25,1.87,3.4,3.7,1.87,3.3,3.5,1.85,3.3,3.5,1.85,3.3,3.5,1.95,3.65,3.55,1.96,3.6,3.75,1.89,3.44,3.48,1.97,3.5,3.75,1.9,1.9,1.9,1.9,1.9,1.9,1.84,1.85,1.9,1.9,-0.5,1.93,1.88,1.97,1.85,1.93,1.88,1.88,1.82,1.97,1.89,1.65,3.9,4.33,1.67,3.75,4.6,1.73,3.7,3.8,1.65,3.7,4.6,1.63,3.6,4.33,1.65,3.6,4.33,1.65,3.6,4.33,1.74,4.02,4.33,1.73,4.0,4.6,1.67,3.72,4.28,1.72,4.2,5.1,1.75,2.05,1.82,2.03,1.77,2.05,1.74,1.97,1.8,2.12,-0.75,1.85,1.95,1.97,1.88,1.87,1.95,1.83,1.87,1.94,2.04,1169.75,1097.28
EC,20/08/2025,19:45,Rochdale,Gateshead,4,0,H,2,0,H,P Marsden,1,4,0,0,1.57,4.1,4.75,1.6,4.0,5.0,1.58,3.85,4.6,1.57,3.9,4.8,1.58,3.8,4.4,1.6,3.8,4.4,1.6,3.8,4.4,1.61,3.99,4.96,1.62,4.1,5.0,1.58,3.89,4.72,1.74,3.95,3.75,1.7,2.1,1.69,2.08,1.73,2.1,1.69,2.03,1.25,1.43,-1.0,2.03,1.78,2.06,1.72,2.04,1.8,2.0,1.73,1.74,1.75,1.55,4.2,4.75,1.6,4.0,5.0,1.66,3.75,4.2,1.57,3.9,5.0,1.55,4.0,4.5,1.6,3.8,4.33,1.6,3.8,4.33,1.75,3.88,4.49,1.66,4.2,5.0,1.6,3.9,4.62,1.64,4.3,5.8,1.65,2.2,1.74,2.12,1.78,2.2,1.68,2.07,1.75,2.26,-1.0,1.98,1.83,2.34,1.63,2.08,1.83,1.97,1.75,2.11,1.84,1170.45,1092.42
EC,20/08/2025,19:45,Southend,York,0,0,D,0,0,D,J Miles,2,3,0,0,2.2,3.7,2.7,2.3,3.5,2.8,2.23,3.45,2.65,2.25,3.4,2.8,2.15,3.4,2.75,2.2,3.4,2.75,2.2,3.4,2.75,2.25,3.66,2.87,2.3,3.7,2.88,2.22,3.47,2.75,2.44,3.45,2.96,1.75,2.05,1.7,2.12,1.8,2.08,1.73,1.98,1.79,2.02,-0.25,1.98,1.83,1.98,1.83,1.98,1.83,1.93,1.78,2.1,1.84,2.38,3.5,2.6,2.5,3.3,2.63,2.25,3.35,2.7,2.45,3.25,2.63,2.3,3.2,2.65,2.3,3.2,2.7,2.3,3.2,2.7,2.37,3.4,3.0,2.5,3.5,2.75,2.35,3.29,2.67,2.56,3.6,2.88,2.0,1.8,2.04,1.81,2.05,1.83,1.91,1.79,2.06,1.89,0.0,1.78,2.03,1.71,2.18,1.78,2.03,1.76,1.96,1.85,2.09,1186.05,1247.73
EC,20/08/2025,19:45,Yeovil,Brackley Town,2,1,H,1,0,H,A Ajibola,4,2,0,0,2.2,3.25,3.0,2.3,3.2,3.0,2.2,3.25,2.8,2.25,3.2,3.0,2.15,3.2,2.95,2.15,3.2,3.0,2.15,3.2,3.0,2.28,3.23,3.14,2.3,3.35,3.1,2.21,3.22,2.95,1.04,1.09,1.09,2.05,1.75,2.04,1.75,2.1,1.75,2.01,1.71,1.9,1.65,-0.25,1.95,1.85,1.97,1.85,1.95,1.85,1.9,1.8,1.2,1.8,2.88,3.1,2.35,2.88,3.1,2.4,2.55,3.25,2.43,2.75,3.1,2.45,2.75,3.0,2.3,2.6,3.1,2.45,2.7,3.1,2.37,2.61,3.2,2.83,3.0,3.25,2.5,2.75,3.13,2.39,3.2,3.3,2.5,2.2,1.65,2.17,1.7,2.2,1.67,2.12,1.63,2.24,1.76,0.0,2.03,1.78,1.85,2.01,2.08,1.78,2.0,1.73,2.25,1.76,1035.95,1127.83
EC,23/08/2025,12:30,Morecambe,Altrincham,2,1,H,1,1,D,O Mackey,4,3,0,0,3.8,3.75,1.7,,,,,,,4.1,3.6,1.75,3.7,3.6,1.75,3.7,3.6,1.75,3.7,3.6,1.75,3.08,3.34,2.23,4.2,3.9,1.78,3.91,3.68,1.75,,,,1.75,2.05,1.84,1.93,1.75,2.05,1.73,2.0,,,0.5,2.05,1.75,1.63,2.23,2.05,1.8,1.98,1.74,,,2.8,3.6,2.1,2.8,3.4,2.2,2.45,3.45,2.38,2.75,3.4,2.3,2.65,3.4,2.2,2.62,3.4,2.25,2.62,3.4,2.25,3.56,3.81,1.88,2.9,3.6,2.4,2.71,3.45,2.24,2.82,3.7,2.48,1.7,2.1,1.75,2.02,1.8,2.1,1.73,1.97,1.8,2.14,0.25,1.9,1.9,2.18,1.66,1.9,2.04,1.76,1.96,1.81,2.16,994.67,1091.71
EC,23/08/2025,15:00,Brackley Town,Rochdale,2,1,H,1,0,H,I Searle,3,4,0,0,3.1,3.6,2.05,3.2,3.4,2.1,2.95,3.4,2.06,3.25,3.2,2.1,3.0,3.3,2.05,3.0,3.3,2.05,3.0,3.3,2.05,3.11,3.67,2.12,3.25,3.6,2.15,3.07,3.38,2.07,,,,2.05,1.75,2.03,1.76,2.05,1.83,1.94,1.76,,,0.25,1.95,1.85,1.95,1.86,1.95,1.85,1.9,1.81,,,1.91,3.6,3.3,1.95,3.4,3.6,1.9,3.45,3.35,1.95,3.3,3.6,1.95,3.25,3.25,2.1,3.25,3.0,2.0,3.25,3.25,3.02,3.71,2.22,2.1,3.65,3.8,1.96,3.37,3.38,2.08,3.5,4.0,2.05,1.75,2.07,1.78,2.05,1.8,1.96,1.74,2.14,1.84,-0.25,1.75,2.05,2.64,1.5,1.75,2.05,1.69,2.04,1.78,2.21,1115.62,1177.05
EC,23/08/2025,15:00,Braintree Town,Yeovil,1,0,H,0,0,D,P Wright,2,2,0,0,2.15,3.4,3.0,2.2,3.25,3.2,2.0,3.3,3.25,2.15,3.13,3.2,2.15,3.2,2.95,2.15,3.2,3.0,2.15,3.2,3.0,2.21,3.21,3.32,2.22,3.4,3.25,2.12,3.23,3.14,1.04,1.02,1.04,2.15,1.67,2.14,1.66,2.15,1.7,2.07,1.66,1.01,1.24,-0.25,1.9,1.9,1.91,1.91,1.9,1.9,1.85,1.85,1.18,1.01,2.15,3.4,2.9,2.25,3.2,3.1,2.1,3.25,3.0,2.2,3.13,3.1,2.15,3.2,2.95,2.15,3.2,3.0,2.15,3.2,3.0,2.24,3.27,3.38,2.33,3.4,3.25,2.18,3.19,3.04,2.38,3.25,3.4,2.15,1.67,2.14,1.66,2.15,1.67,2.09,1.65,2.24,1.73,-0.25,1.98,1.83,1.93,1.93,1.98,1.85,1.9,1.8,2.02,1.93,1095.96,1048.16
EC,23/08/2025,15:00,Eastleigh,Boston Utd,2,0,H,0,0,D,B Atkinson,1,3,0,0,2.2,3.4,2.9,2.3,3.25,3.0,,,,2.25,3.2,3.0,2.2,3.1,2.85,2.2,3.2,2.87,2.2,3.2,2.87,2.29,3.37,3.0,2.3,3.4,3.0,2.24,3.24,2.95,1.09,1.1,1.09,2.08,1.73,2.07,1.73,2.08,1.75,2.01,1.72,1.01,1.25,-0.25,1.98,1.83,2.0,1.83,1.98,1.83,1.93,1.78,1.45,1.01,2.25,3.4,2.8,2.3,3.3,2.88,2.23,3.2,2.85,2.25,3.2,3.0,2.25,3.2,2.7,2.3,3.2,2.7,2.3,3.2,2.7,2.51,3.49,2.74,2.34,3.5,3.0,2.25,3.25,2.85,2.34,3.6,3.2,2.05,1.75,2.09,1.76,2.05,1.75,2.0,1.71,2.12,1.82,-0.25,2.1,1.7,2.18,1.71,2.1,1.76,1.98,1.73,2.01,1.93,1076.17,1110.73
EC,23/08/2025,15:00,Gateshead,Tamworth,2,1,H,1,0,H,J O'Connor,2,2,0,0,2.5,3.3,2.55,2.5,3.3,2.63,2.25,3.55,2.6,2.45,3.4,2.55,2.4,3.2,2.5,2.45,3.2,2.5,2.45,3.2,2.5,2.5,3.63,2.56,2.5,3.6,2.63,2.41,3.38,2.55,1.09,3.6,2.36,1.8,2.0,1.76,2.03,1.8,2.15,1.69,2.03,1.68,1.88,0.0,1.85,1.95,1.88,1.93,1.85,1.95,1.82,1.89,1.64,1.73,2.55,3.4,2.45,2.6,3.4,2.5,2.38,3.55,2.43,2.55,3.4,2.45,2.45,3.25,2.4,2.5,3.3,2.45,2.5,3.3,2.45,2.67,3.77,2.43,2.62,3.66,2.5,2.5,3.42,2.44,2.7,3.75,2.54,1.75,2.05,1.77,2.06,1.75,2.14,1.69,2.04,1.84,2.12,0.0,1.95,1.85,2.02,1.84,1.95,1.85,1.9,1.81,2.02,1.88,1085.82,1108.58
EC,23/08/2025,15:00,Halifax,Forest Green,1,2,A,1,1,D,G Rhodes,2,3,0,0,2.75,3.3,2.35,2.88,3.2,2.38,2.85,3.25,2.18,2.9,3.13,2.3,2.7,3.1,2.3,2.75,3.2,2.3,2.75,3.2,2.3,2.86,3.3,2.43,2.9,3.33,2.4,2.82,3.2,2.29,2.96,3.45,2.36,2.15,1.67,2.16,1.68,2.15,1.71,2.05,1.67,2.08,1.73,0.25,1.75,2.05,1.73,2.09,1.75,2.05,1.72,2.0,1.89,2.04,3.0,3.4,2.15,3.5,3.3,2.05,3.45,3.35,1.91,3.6,3.2,1.95,3.25,3.2,1.98,3.3,3.25,2.0,3.3,3.25,2.0,3.38,3.6,2.1,3.75,3.5,2.15,3.41,3.3,1.98,4.2,3.6,2.02,2.15,1.67,2.13,1.73,2.15,1.73,2.04,1.69,2.16,1.77,0.25,1.9,1.9,2.03,1.83,2.05,1.9,1.97,1.75,2.32,1.74,1127.07,1176.51
EC,23/08/2025,15:00,Hartlepool,Woking,3,0,H,2,0,H,T Parsons,0,2,0,0,1.7,3.9,4.0,1.7,3.6,4.6,1.72,3.65,3.95,1.7,3.6,4.4,1.68,3.5,4.1,1.7,3.5,4.0,1.7,3.5,4.0,1.72,3.75,4.45,1.75,3.9,4.6,1.71,3.63,4.16,1.51,3.4,3.95,1.85,1.95,1.87,1.93,1.85,1.97,1.78,1.91,1.81,1.81,-0.75,1.98,1.83,1.96,1.85,1.98,1.83,1.92,1.79,1.93,1.75,1.73,3.9,3.9,1.7,3.6,4.6,1.72,3.7,3.85,1.67,3.6,4.5,1.7,3.5,4.0,1.67,3.6,4.2,1.7,3.5,4.0,1.72,3.9,4.63,1.75,3.9,4.6,1.7,3.66,4.14,1.75,4.0,5.2,1.85,1.95,1.88,1.96,1.85,1.97,1.78,1.9,1.94,2.04,-0.75,1.95,1.85,1.94,1.91,1.95,1.85,1.89,1.81,1.98,1.95,1128.85,1078.39
EC,23/08/2025,15:00,Solihull,Aldershot,1,5,A,0,2,A,J Bancroft,2,2,0,0,2.05,3.4,3.1,2.1,3.4,3.25,,,,2.1,3.4,3.1,2.05,3.25,3.0,2.1,3.25,3.0,2.1,3.25,3.0,2.12,3.56,3.17,2.12,3.5,3.25,2.09,3.37,3.12,2.14,3.5,3.25,1.83,1.98,1.83,1.98,1.83,1.98,1.79,1.93,1.82,1.98,-0.25,1.85,1.95,1.86,1.95,1.85,1.95,1.8,1.9,1.86,1.95,2.05,3.5,3.2,2.1,3.4,3.25,2.14,3.55,2.75,2.05,3.4,3.2,2.05,3.4,3.0,2.05,3.4,3.0,2.05,3.4,3.0,2.15,3.63,3.23,2.14,3.66,3.33,2.07,3.47,3.04,2.1,3.75,3.6,1.8,2.0,1.85,1.99,1.83,2.05,1.78,1.92,1.77,2.2,-0.25,1.8,2.0,1.88,1.97,1.84,2.0,1.78,1.93,1.83,2.13,1089.29,1051.07
EC,23/08/2025,15:00,Sutton,Scunthorpe,2,3,A,1,1,D,A Humphries,1,2,1,0,2.2,3.4,2.88,2.3,3.3,2.88,2.12,3.45,2.85,2.25,3.3,2.88,2.2,3.2,2.8,2.2,3.25,2.8,2.2,3.25,2.8,2.32,3.37,2.95,2.3,3.45,3.0,2.21,3.32,2.86,2.32,3.3,3.0,1.88,1.93,1.87,1.93,1.88,1.93,1.81,1.89,1.76,1.9,-0.25,2.0,1.8,2.02,1.81,2.0,1.8,1.94,1.77,2.01,1.81,2.4,3.3,2.63,2.4,3.25,2.8,2.5,3.45,2.38,2.45,3.2,2.63,2.2,3.2,2.75,2.25,3.2,2.8,2.25,3.2,2.8,2.42,3.36,2.95,2.5,3.45,2.8,2.4,3.29,2.63,2.6,3.4,2.78,1.98,1.83,1.97,1.86,1.98,1.9,1.87,1.83,2.02,1.92,0.0,1.8,2.0,1.74,2.13,1.8,2.0,1.77,1.95,1.87,2.02,1090.52,1143.99
EC,23/08/2025,15:00,Truro,Southend,0,1,A,0,0,D,S Mulhall,5,0,0,0,5.0,4.0,1.53,5.5,4.0,1.53,4.6,4.0,1.56,5.5,3.8,1.53,5.0,3.75,1.53,5.0,3.75,1.53,5.0,3.75,1.53,5.44,4.09,1.55,5.5,4.2,1.57,5.09,3.9,1.54,,,,1.9,1.9,1.89,1.91,1.9,2.04,1.78,1.91,,,1.0,1.83,1.98,1.83,2.0,1.83,1.98,1.78,1.94,,,4.5,3.75,1.62,5.5,3.75,1.6,4.7,3.9,1.57,5.0,3.7,1.6,4.8,3.75,1.55,4.8,3.75,1.55,4.8,3.75,1.55,5.46,4.09,1.59,5.5,4.0,1.65,4.86,3.78,1.58,6.0,4.0,1.66,1.95,1.85,1.95,1.88,1.95,1.94,1.84,1.85,2.0,1.94,0.75,2.0,1.8,2.1,1.76,2.0,1.8,1.95,1.76,2.07,1.84,1089.12,1184.68
EC,23/08/2025,17:30,Wealdstone,Carlisle,0,1,A,0,1,A,S Parkinson,0,3,0,0,3.75,3.9,1.75,4.0,3.75,1.8,,,,3.75,3.5,1.83,3.5,3.7,1.78,3.5,3.7,1.8,3.5,3.7,1.8,3.64,3.82,1.88,4.0,3.9,1.88,3.68,3.71,1.81,,,,1.75,2.05,1.78,2.0,1.75,2.05,1.74,1.99,,,0.5,2.03,1.78,1.93,1.89,2.03,1.81,1.92,1.79,,,3.0,3.7,2.05,3.0,3.4,2.1,2.85,3.55,2.08,3.1,3.4,2.1,3.0,3.3,2.05,3.0,3.3,2.05,3.0,3.3,2.05,3.39,3.85,2.01,3.4,3.75,2.15,3.02,3.47,2.06,3.45,3.85,2.14,1.75,2.05,1.83,2.02,1.77,2.05,1.74,1.96,1.83,2.14,0.25,1.93,1.88,2.1,1.77,1.94,1.88,1.89,1.81,2.08,1.86,1115.64,1071.5
EC,25/08/2025,15:00,Aldershot,Morecambe,4,0,H,0,0,D,B Atkinson,3,2,0,0,,,,,,,,,,,,,,,,,,,,,,,,,,,,,,,,,,,,,,,,,,,,,,,,,,,,,,,1.6,4.0,4.5,1.57,3.75,5.0,1.65,3.85,4.0,1.62,3.9,4.5,1.6,3.8,4.2,1.61,3.8,4.2,1.61,3.8,4.2,1.69,4.12,4.52,1.67,4.25,5.33,1.61,3.9,4.41,1.7,4.5,5.0,1.62,2.25,1.65,2.26,1.64,2.25,1.61,2.15,1.64,2.44,-0.75,1.75,2.05,1.88,1.96,1.83,2.05,1.75,1.96,1.87,2.07,1068.3,1007.06
EC,25/08/2025,15:00,Altrincham,Solihull,2,0,H,1,0,H,R Massey-Ellis,4,1,0,0,,,,,,,,,,,,,,,,,,,,,,,,,,,,,,,,,,,,,,,,,,,,,,,,,,,,,,,1.85,3.6,3.6,1.83,3.5,3.6,1.79,3.6,3.65,1.85,3.5,3.7,1.82,3.5,3.5,1.83,3.5,3.5,1.83,3.5,3.5,1.92,3.82,3.72,1.91,3.75,3.75,1.83,3.55,3.61,2.0,3.9,3.85,1.73,2.08,1.74,2.12,1.74,2.08,1.71,1.99,1.77,2.2,-0.5,1.9,1.9,1.93,1.93,1.9,1.9,1.84,1.86,2.0,1.94,1079.32,1072.06
EC,25/08/2025,15:00,Boreham Wood,Truro,2,1,H,1,1,D,C Walchester,2,2,0,0,,,,,,,,,,,,,,,,,,,,,,,,,,,,,,,,,,,,,,,,,,,,,,,,,,,,,,,1.67,3.7,4.5,1.67,3.5,4.6,1.74,3.7,3.8,1.7,3.6,4.33,1.65,3.6,4.2,1.7,3.5,4.0,1.7,3.5,4.0,1.72,3.81,4.71,1.74,3.8,5.0,1.69,3.62,4.24,1.69,4.2,5.3,1.85,1.95,1.87,1.96,1.85,1.95,1.79,1.89,1.9,2.04,-0.75,1.9,1.9,1.95,1.9,1.93,1.9,1.88,1.82,1.88,2.03,1092.9,1076.46
EC,25/08/2025,15:00,Boston Utd,Wealdstone,2,1,H,0,0,D,R Eley,0,2,0,0,,,,,,,,,,,,,,,,,,,,,,,,,,,,,,,,,,,,,,,,,,,,,,,,,,,,,,,2.4,3.25,2.7,2.38,3.1,2.8,2.32,3.25,2.7,2.3,3.25,2.8,2.2,3.2,2.8,2.2,3.25,2.8,2.2,3.25,2.8,2.45,3.33,2.94,2.42,3.3,2.88,2.32,3.22,2.76,2.6,3.45,2.94,1.95,1.85,2.02,1.83,1.96,1.85,1.88,1.81,2.02,1.88,0.0,1.78,2.03,1.76,2.11,1.78,2.07,1.71,2.03,1.87,2.11,1100.56,1098.23
EC,25/08/2025,15:00,Carlisle,Braintree Town,5,0,H,2,0,H,S Jackson,0,2,0,0,,,,,,,,,,,,,,,,,,,,,,,,,,,,,,,,,,,,,,,,,,,,,,,,,,,,,,,1.44,4.33,6.0,1.44,4.0,6.5,1.47,4.2,5.25,1.45,4.2,6.0,1.47,4.1,5.25,1.48,4.0,5.25,1.48,4.0,5.25,1.56,4.39,5.27,1.48,4.5,6.5,1.46,4.18,5.72,1.5,4.7,7.4,1.73,2.08,1.76,2.09,1.73,2.1,1.67,2.07,1.76,2.2,-1.0,1.78,2.03,1.96,1.88,1.78,2.03,1.76,1.96,1.82,2.17,1088.91,1103.44
EC,25/08/2025,15:00,Forest Green,Eastleigh,1,0,H,0,0,D,A Farmer,4,2,0,0,,,,,,,,,,,,,,,,,,,,,,,,,,,,,,,,,,,,,,,,,,,,,,,,,,,,,,,1.57,3.9,5.0,1.53,3.75,5.5,1.58,3.95,4.4,1.55,3.9,5.25,1.53,3.9,4.8,1.53,3.9,4.8,1.53,3.9,4.8,1.58,4.1,5.52,1.58,4.2,5.5,1.55,3.9,4.97,1.58,4.4,6.0,1.8,2.0,1.88,1.96,1.8,2.06,1.74,1.97,1.87,2.08,-1.0,2.0,1.8,2.04,1.82,2.0,1.8,1.95,1.77,2.04,1.9,1190.82,1086.34
EC,25/08/2025,15:00,Rochdale,Sutton,1,0,H,0,0,D,D Brown,1,0,0,0,,,,,,,,,,,,,,,,,,,,,,,,,,,,,,,,,,,,,,,,,,,,,,,,,,,,,,,1.42,4.33,6.25,1.4,4.2,6.5,1.5,4.1,5.0,1.45,4.2,6.0,1.43,4.4,5.25,1.44,4.33,5.25,1.44,4.33,5.25,1.63,4.26,4.81,1.5,4.75,6.5,1.44,4.27,5.73,1.55,4.7,6.4,1.62,2.25,1.71,2.16,1.71,2.28,1.64,2.12,1.7,2.32,-1.25,1.95,1.85,2.43,1.58,2.04,1.85,1.96,1.76,2.06,1.85,1165.93,1076.36
EC,25/08/2025,15:00,Scunthorpe,Halifax,1,1,D,0,0,D,A Miller,2,2,1,0,,,,,,,,,,,,,,,,,,,,,,,,,,,,,,,,,,,,,,,,,,,,,,,,,,,,,,,1.9,3.4,3.7,1.9,3.3,3.75,1.93,3.5,3.25,1.9,3.4,3.6,1.88,3.3,3.4,1.91,3.3,3.4,2.0,3.25,3.2,1.99,3.39,3.56,2.0,3.6,4.0,1.91,3.39,3.53,1.94,3.75,4.3,1.95,1.85,1.93,1.83,1.95,1.85,1.87,1.82,1.94,1.98,-0.5,1.9,1.9,2.03,1.76,1.96,1.9,1.88,1.82,1.93,2.01,1158.15,1112.76
EC,25/08/2025,15:00,Southend,Hartlepool,1,1,D,1,0,H,J Richardson,1,3,0,0,,,,,,,,,,,,,,,,,,,,,,,,,,,,,,,,,,,,,,,,,,,,,,,,,,,,,,,1.75,3.5,4.2,1.73,3.5,4.2,1.79,3.55,3.7,1.75,3.5,4.2,1.73,3.5,3.9,1.75,3.5,3.9,1.75,3.5,3.9,1.9,3.59,4.04,1.83,3.6,4.33,1.77,3.5,4.0,1.87,3.95,4.6,1.93,1.88,1.89,1.94,1.93,1.91,1.84,1.84,1.96,1.99,-0.5,1.78,2.03,1.91,1.94,1.8,2.03,1.75,1.96,1.87,2.12,1197.34,1136.25
EC,25/08/2025,15:00,Tamworth,Brackley Town,1,1,D,1,0,H,A Jackson,2,1,0,0,,,,,,,,,,,,,,,,,,,,,,,,,,,,,,,,,,,,,,,,,,,,,,,,,,,,,,,2.2,3.3,3.0,2.15,3.2,3.1,2.18,3.35,2.8,2.15,3.25,3.1,2.15,3.2,2.87,2.1,3.25,3.0,2.1,3.25,3.0,2.25,3.49,3.14,2.25,3.4,3.2,2.16,3.27,2.99,2.4,3.55,3.2,2.0,1.8,1.97,1.86,2.0,1.81,1.91,1.78,2.08,1.9,-0.25,1.95,1.85,1.95,1.9,1.95,1.89,1.87,1.83,2.06,1.89,1098.81,1126.74
EC,25/08/2025,15:00,Woking,York,1,1,D,1,0,H,E Swallow,3,4,0,0,,,,,,,,,,,,,,,,,,,,,,,,,,,,,,,,,,,,,,,,,,,,,,,,,,,,,,,5.75,4.33,1.48,6.5,4.0,1.44,5.6,4.25,1.43,5.75,3.9,1.5,5.75,4.2,1.42,5.75,4.2,1.44,5.75,4.2,1.44,7.25,4.67,1.42,6.66,4.4,1.5,5.89,4.16,1.45,7.2,4.6,1.52,1.75,2.05,1.72,2.14,1.75,2.05,1.7,2.0,1.77,2.16,1.0,2.03,1.78,2.24,1.68,2.03,1.82,1.94,1.78,2.1,1.82,1070.99,1249.1
EC,25/08/2025,15:00,Yeovil,Gateshead,3,4,A,3,0,H,H Wager,1,3,0,0,,,,,,,,,,,,,,,,,,,,,,,,,,,,,,,,,,,,,,,,,,,,,,,,,,,,,,,1.9,3.5,3.6,1.9,3.3,3.6,1.96,3.45,3.2,1.9,3.4,3.6,1.9,3.4,3.3,1.91,3.4,3.3,1.91,3.4,3.3,2.18,3.48,3.28,1.99,3.6,3.66,1.92,3.43,3.43,1.97,3.7,4.1,1.83,1.98,1.88,1.95,1.83,1.98,1.8,1.89,1.88,2.08,-0.5,1.9,1.9,2.18,1.71,1.96,1.9,1.89,1.81,1.97,1.98,1040.68,1095.59
EC,30/08/2025,12:30,Solihull,Southend,1,2,A,0,1,A,P Marsden,2,0,0,0,4.75,3.6,1.65,5.0,3.6,1.67,4.1,3.6,1.68,4.75,3.6,1.65,4.2,3.6,1.66,4.2,3.6,1.67,4.2,3.6,1.67,4.71,3.72,1.73,5.0,3.7,1.73,4.45,3.59,1.67,5.0,3.65,1.8,1.9,1.9,1.93,1.88,1.91,1.9,1.84,1.84,1.92,1.89,0.75,1.93,1.88,1.88,1.95,1.93,1.88,1.86,1.85,1.89,2.01,5.0,3.6,1.6,5.0,3.75,1.62,4.2,3.6,1.68,5.0,3.7,1.6,4.6,3.6,1.6,4.5,3.6,1.61,4.5,3.6,1.61,4.73,3.72,1.74,5.33,3.8,1.68,4.68,3.64,1.63,5.8,4.0,1.69,1.98,1.83,1.94,1.88,1.98,1.89,1.85,1.83,2.0,1.96,0.75,1.98,1.83,1.88,1.97,1.98,1.85,1.92,1.79,2.11,1.85,1063.3,1191.93
EC,30/08/2025,15:00,Braintree Town,Forest Green,0,0,D,0,0,D,R Eley,4,2,0,0,4.0,3.4,1.83,3.75,3.4,1.9,3.1,3.35,2.0,3.9,3.4,1.83,3.5,3.3,1.88,3.5,3.3,1.91,3.5,3.3,1.91,3.87,3.59,1.88,4.0,3.6,2.0,3.58,3.38,1.9,3.95,3.05,1.89,1.98,1.83,1.94,1.86,1.98,1.9,1.87,1.82,1.82,1.75,0.5,1.95,1.85,1.93,1.89,1.95,1.93,1.86,1.84,1.98,1.89,4.75,3.9,1.6,5.0,3.75,1.62,4.35,3.75,1.64,4.8,3.8,1.62,4.33,3.75,1.61,4.33,3.75,1.61,4.33,3.75,1.61,4.43,3.98,1.73,5.0,4.0,1.65,4.59,3.8,1.61,5.8,4.1,1.7,1.67,2.15,1.83,2.01,1.77,2.15,1.71,2.0,1.87,2.12,0.75,2.03,1.78,1.9,1.95,2.03,1.81,1.95,1.76,2.08,1.89,1093.95,1196.71
EC,30/08/2025,15:00,Eastleigh,Altrincham,2,1,H,0,1,A,R Martin,1,3,0,0,2.6,3.5,2.35,2.75,3.4,2.38,2.48,3.3,2.48,2.6,3.4,2.4,2.55,3.4,2.25,2.6,3.4,2.3,2.6,3.4,2.3,2.64,3.55,2.47,2.75,3.6,2.5,2.58,3.38,2.39,2.7,3.45,2.42,1.75,2.05,1.75,2.07,1.75,2.06,1.72,1.99,1.74,2.06,0.0,2.0,1.8,1.97,1.85,2.0,1.8,1.95,1.77,2.01,1.81,2.25,3.4,2.8,2.3,3.25,3.0,2.45,3.3,2.48,2.3,3.3,2.8,2.25,3.2,2.7,2.3,3.3,2.62,2.3,3.3,2.62,2.73,3.43,2.56,2.45,3.4,3.0,2.33,3.28,2.73,2.38,3.5,3.1,1.98,1.83,1.87,1.96,1.98,1.93,1.84,1.86,1.97,1.96,-0.25,2.03,1.78,2.36,1.61,2.03,1.78,1.98,1.74,2.09,1.85,1080.45,1088.08
EC,30/08/2025,15:00,Gateshead,Aldershot,3,3,D,1,2,A,D Watson,4,4,0,0,2.15,3.6,2.88,2.2,3.5,3.0,2.23,3.45,2.7,2.15,3.6,2.88,2.1,3.5,2.8,2.1,3.5,2.8,2.1,3.5,2.8,2.21,3.81,2.84,2.25,3.8,3.0,2.17,3.54,2.79,2.22,3.75,2.88,1.6,2.3,1.6,2.32,1.61,2.3,1.58,2.2,1.6,2.38,-0.25,1.95,1.85,1.96,1.85,1.95,1.85,1.9,1.81,1.96,1.88,2.38,3.6,2.55,2.4,3.6,2.63,2.23,3.45,2.65,2.38,3.5,2.55,2.2,3.5,2.6,2.2,3.5,2.62,2.2,3.5,2.62,2.27,4.03,2.77,2.42,4.0,2.65,2.3,3.56,2.57,2.6,4.0,2.6,1.57,2.35,1.56,2.44,1.61,2.38,1.56,2.27,1.58,2.56,0.0,1.83,1.98,1.74,2.13,1.83,2.0,1.78,1.94,1.96,1.97,1109.7,1075.38
EC,30/08/2025,15:00,Halifax,Yeovil,3,2,H,1,0,H,R Aspinall,4,2,0,0,2.38,2.9,3.0,2.4,2.88,3.1,2.18,3.1,3.0,2.38,2.9,3.1,2.3,2.9,2.9,2.3,2.9,2.9,2.3,2.9,2.9,2.42,3.09,3.05,2.42,3.1,3.1,2.3,2.97,3.01,2.22,2.8,2.8,2.6,1.48,2.62,1.47,2.6,1.58,2.41,1.5,2.4,1.41,-0.25,2.03,1.78,2.08,1.76,2.03,1.78,1.98,1.73,1.87,1.54,2.38,2.9,3.0,2.4,3.0,3.0,2.23,3.0,3.05,2.4,2.9,3.0,2.25,2.95,2.9,2.25,3.0,2.9,2.25,3.0,2.9,2.54,3.15,2.97,2.5,3.05,3.1,2.33,2.96,2.98,2.6,3.15,3.2,2.5,1.5,2.66,1.48,2.5,1.52,2.42,1.49,2.72,1.52,-0.25,2.05,1.75,2.16,1.72,2.05,1.75,2.01,1.71,2.19,1.81,1117.71,1026.57
EC,30/08/2025,15:00,Hartlepool,Boreham Wood,0,0,D,0,0,D,J O'Connor,2,1,1,0,1.73,3.9,3.9,1.73,3.6,4.33,1.8,3.55,3.6,1.75,3.5,4.2,1.75,3.4,3.9,1.75,3.4,3.9,1.75,3.4,3.9,1.76,3.69,4.29,1.8,3.9,4.33,1.76,3.56,3.95,1.68,3.3,3.85,1.9,1.9,1.91,1.89,1.9,2.02,1.8,1.89,1.78,1.76,-0.75,2.0,1.8,2.03,1.81,2.01,1.8,1.96,1.75,1.86,1.69,1.85,3.75,3.4,1.83,3.5,4.0,1.79,3.6,3.65,1.8,3.5,3.9,1.8,3.4,3.7,1.75,3.4,3.9,1.75,3.4,3.9,1.79,3.77,4.38,1.85,3.75,4.0,1.81,3.53,3.76,1.96,3.8,4.2,1.95,1.85,1.93,1.91,1.95,2.04,1.8,1.9,1.94,1.96,-0.5,1.9,1.9,1.79,2.07,1.9,1.91,1.82,1.88,2.0,1.96,1141.66,1101.36
EC,30/08/2025,15:00,Morecambe,Woking,0,2,A,0,0,D,D Brown,2,2,0,0,2.25,3.4,2.75,2.3,3.4,2.88,2.1,3.4,2.9,2.25,3.4,2.8,2.2,3.3,2.75,2.2,3.3,2.75,2.2,3.3,2.75,2.33,3.51,2.84,2.3,3.5,2.9,2.2,3.38,2.82,2.18,3.25,2.6,1.7,2.1,1.72,2.1,1.7,2.15,1.67,2.06,1.62,1.96,-0.25,2.03,1.78,2.05,1.79,2.03,1.8,1.95,1.76,1.94,1.67,2.4,3.3,2.63,2.4,3.3,2.8,2.28,3.4,2.65,2.4,3.4,2.63,2.3,3.3,2.55,2.3,3.4,2.6,2.3,3.4,2.6,2.56,3.53,2.66,2.43,3.5,2.8,2.35,3.35,2.65,2.58,3.5,2.84,1.83,1.98,1.75,2.08,1.85,2.05,1.75,1.95,1.91,2.02,0.0,1.8,2.0,1.89,1.96,1.8,2.0,1.76,1.95,1.9,2.05,999.98,1073.75
EC,30/08/2025,15:00,Sutton,Carlisle,2,1,H,0,0,D,D Drysdale,0,1,0,0,3.3,3.4,2.0,3.4,3.4,2.05,3.1,3.4,2.02,3.25,3.4,2.05,3.1,3.4,1.98,3.1,3.4,2.0,3.1,3.4,2.0,3.33,3.62,2.04,3.4,3.6,2.08,3.21,3.41,2.01,1.09,3.25,1.9,1.83,1.98,1.85,1.96,1.83,1.98,1.77,1.93,1.74,1.84,0.25,2.03,1.78,2.04,1.79,2.03,1.78,1.96,1.75,2.11,1.68,4.33,3.75,1.67,4.6,3.75,1.67,4.25,3.8,1.64,4.5,3.75,1.65,4.1,3.75,1.63,4.2,3.75,1.65,4.2,3.75,1.65,4.56,4.19,1.68,4.6,4.2,1.69,4.35,3.78,1.65,4.9,4.1,1.75,1.75,2.05,1.72,2.14,1.75,2.1,1.69,2.03,1.78,2.22,0.75,1.93,1.88,1.98,1.87,1.93,1.88,1.88,1.83,2.0,1.95,1070.08,1098.4
EC,30/08/2025,15:00,Truro,Boston Utd,3,0,H,1,0,H,N Smith,0,3,0,0,3.0,3.3,2.2,3.0,3.3,2.25,2.55,3.25,2.43,2.9,3.25,2.25,2.87,3.3,2.1,2.87,3.3,2.15,2.87,3.3,2.15,2.9,3.63,2.25,3.0,3.5,2.43,2.81,3.3,2.26,2.7,3.25,2.08,1.95,1.85,1.95,1.85,1.95,1.86,1.88,1.82,1.92,1.86,0.25,1.83,1.98,1.84,1.98,1.83,1.98,1.79,1.91,1.69,1.8,2.05,3.3,3.3,2.15,3.25,3.25,1.98,3.4,3.15,2.1,3.3,3.13,2.0,3.3,3.1,2.1,3.3,3.0,2.1,3.3,3.0,2.77,3.31,2.58,2.21,3.4,3.3,2.06,3.31,3.16,2.18,3.55,3.55,2.0,1.8,1.99,1.85,2.0,1.9,1.87,1.82,2.02,1.91,-0.25,1.8,2.0,2.38,1.6,1.89,2.0,1.81,1.89,1.88,2.06,1068.0,1109.48
EC,30/08/2025,15:00,Wealdstone,Rochdale,1,3,A,0,2,A,L Swabey,1,3,0,0,3.6,3.3,1.95,3.4,3.4,2.05,3.0,3.3,2.08,3.3,3.4,2.0,3.2,3.3,1.95,3.25,3.3,1.95,3.25,3.3,1.95,3.45,3.31,2.1,3.6,3.5,2.08,3.25,3.32,2.02,3.1,3.0,2.02,1.9,1.9,1.91,1.89,1.9,1.9,1.81,1.87,1.79,1.79,0.25,2.05,1.75,2.0,1.83,2.05,1.77,1.98,1.73,1.84,1.77,3.6,3.5,1.9,3.6,3.5,1.95,3.25,3.4,1.95,3.5,3.5,1.91,3.1,3.4,1.98,3.1,3.4,2.0,3.1,3.4,2.0,3.47,3.54,2.08,3.75,3.6,2.0,3.36,3.44,1.94,3.85,3.7,2.0,1.73,2.08,1.78,2.06,1.75,2.08,1.73,1.97,1.78,2.14,0.5,1.85,1.95,1.78,2.08,1.85,1.98,1.8,1.91,1.92,2.0,1089.31,1172.21
EC,30/08/2025,17:30,Brackley Town,Scunthorpe,1,1,D,0,0,D,C Walchester,4,5,0,1,2.05,3.25,3.4,2.15,3.3,3.2,1.89,3.4,3.5,2.05,3.3,3.25,2.0,3.2,3.2,2.05,3.2,3.2,2.05,3.2,3.2,2.08,3.39,3.43,2.15,3.4,3.5,2.01,3.31,3.32,1.95,3.0,3.05,1.9,1.9,1.9,1.9,1.9,1.93,1.8,1.89,1.78,1.76,-0.25,1.78,2.03,1.81,2.02,1.78,2.03,1.76,1.96,1.66,1.82,2.2,3.1,3.2,2.1,3.3,3.3,2.12,3.35,2.88,2.05,3.3,3.25,2.05,3.25,3.0,2.0,3.3,3.1,2.0,3.3,3.1,2.12,3.3,3.63,2.25,3.35,3.35,2.12,3.26,3.08,2.24,3.5,3.35,2.0,1.8,2.0,1.85,2.0,1.9,1.89,1.8,2.02,1.9,-0.25,1.98,1.83,1.82,2.04,1.98,1.93,1.83,1.87,1.95,1.98,1129.3,1153.2
EC,02/09/2025,19:45,Braintree Town,Tamworth,1,2,A,0,1,A,W Cartmel,2,0,0,0,2.7,3.5,2.3,2.75,3.25,2.3,2.7,3.3,2.25,2.8,3.3,2.3,2.7,3.4,2.2,2.7,3.4,2.2,2.7,3.4,2.2,2.76,3.54,2.47,2.8,3.5,2.4,2.73,3.35,2.28,2.82,3.6,2.56,1.85,1.95,1.89,1.94,1.85,1.95,1.8,1.89,1.91,1.98,0.0,2.05,1.75,2.04,1.83,2.05,1.75,2.01,1.72,2.06,1.88,2.75,3.4,2.25,2.75,3.25,2.3,2.7,3.35,2.28,2.88,3.3,2.25,2.65,3.3,2.25,2.62,3.3,2.3,2.62,3.3,2.3,2.87,3.54,2.39,2.88,3.45,2.38,2.74,3.33,2.3,2.96,3.75,2.44,1.88,1.93,1.89,1.94,1.88,1.93,1.81,1.89,1.94,2.02,0.25,1.8,2.0,1.79,2.08,1.8,2.03,1.74,1.97,1.84,2.12,1094.05,1096.25
EC,02/09/2025,19:45,Morecambe,Forest Green,1,3,A,1,2,A,Z Kennard-Kettle,2,1,0,0,5.25,4.75,1.42,6.0,4.33,1.4,5.2,4.0,1.49,6.5,4.5,1.4,5.5,4.4,1.42,5.5,4.4,1.4,5.5,4.4,1.4,6.26,4.75,1.46,6.5,4.75,1.49,5.78,4.38,1.43,7.2,4.9,1.48,1.53,2.4,1.56,2.43,1.63,2.42,1.54,2.3,1.62,2.46,1.25,1.85,1.95,1.87,1.99,1.85,1.95,1.8,1.9,1.94,2.0,5.75,4.75,1.4,6.5,4.33,1.4,6.0,4.35,1.41,7.0,4.6,1.36,6.0,4.4,1.39,5.75,4.4,1.4,5.75,4.4,1.4,6.59,4.77,1.44,7.0,4.8,1.41,6.3,4.52,1.39,8.0,5.0,1.45,1.57,2.35,1.59,2.38,1.63,2.38,1.55,2.29,1.66,2.46,1.25,1.93,1.88,1.92,1.93,1.93,1.88,1.87,1.83,2.0,1.91,986.54,1196.61
EC,02/09/2025,19:45,Solihull,Yeovil,0,1,A,0,1,A,H Blair,0,2,0,0,2.55,3.3,2.5,2.6,3.1,2.5,2.6,3.05,2.5,2.6,3.13,2.55,2.45,3.2,2.5,2.45,3.2,2.5,2.45,3.2,2.5,2.72,3.42,2.57,2.66,3.4,2.6,2.56,3.18,2.51,2.78,3.4,2.64,2.05,1.75,2.04,1.81,2.05,1.75,2.0,1.72,2.04,1.89,0.0,1.93,1.88,1.98,1.87,1.93,1.88,1.88,1.83,1.99,1.9,2.38,3.4,2.63,2.5,3.1,2.6,2.6,3.05,2.48,2.5,3.2,2.63,2.4,3.2,2.5,2.45,3.2,2.5,2.45,3.2,2.5,2.5,3.42,2.8,2.6,3.4,2.75,2.5,3.21,2.58,2.6,3.6,2.94,1.98,1.83,2.0,1.84,2.05,1.83,1.97,1.74,2.02,1.94,0.0,1.83,1.98,1.82,2.05,1.84,1.98,1.8,1.91,1.87,2.11,1051.83,1020.33
EC,02/09/2025,19:45,Wealdstone,Southend,3,2,H,1,1,D,J Oldham,4,4,0,0,4.0,3.7,1.75,4.0,3.4,1.8,3.8,3.45,1.78,4.2,3.5,1.75,3.9,3.4,1.75,3.9,3.4,1.75,3.9,3.4,1.75,4.6,3.65,1.78,4.5,3.75,1.89,3.97,3.48,1.77,5.3,3.7,1.81,1.98,1.83,1.96,1.87,1.98,1.83,1.89,1.8,1.98,1.9,0.75,1.78,2.03,1.83,2.04,1.78,2.03,1.75,1.97,1.89,2.06,3.8,3.7,1.8,4.0,3.4,1.8,4.2,3.55,1.68,4.1,3.4,1.8,4.0,3.4,1.73,4.0,3.4,1.73,4.0,3.4,1.73,4.62,3.65,1.78,4.5,3.7,1.89,4.04,3.49,1.76,4.7,3.85,1.84,1.93,1.88,1.93,1.91,1.93,1.88,1.86,1.84,2.02,1.96,0.75,1.75,2.05,1.83,2.03,1.76,2.05,1.73,1.99,1.86,2.08,1076.2,1203.4
EC,03/09/2025,19:45,Brackley Town,Carlisle,0,1,A,0,0,D,A Byrne,2,2,0,0,2.9,3.3,2.2,2.8,3.2,2.3,2.9,3.35,2.14,2.9,3.3,2.25,2.7,3.2,2.25,2.7,3.2,2.25,2.7,3.2,2.25,2.95,3.54,2.25,3.0,3.5,2.32,2.85,3.29,2.22,,,,1.9,1.9,1.89,1.91,1.9,1.95,1.8,1.89,,,0.25,1.83,1.98,1.85,1.98,1.83,1.99,1.78,1.92,,,3.2,3.4,2.05,3.2,3.25,2.05,2.9,3.45,2.1,3.2,3.4,2.05,2.95,3.25,2.1,3.0,3.25,2.1,2.75,3.25,2.25,3.05,3.44,2.32,3.33,3.45,2.25,3.1,3.35,2.1,3.6,3.7,2.16,1.88,1.93,1.92,1.92,1.88,1.97,1.8,1.9,1.88,2.06,0.25,2.0,1.8,1.85,2.01,2.0,1.82,1.91,1.79,2.1,1.87,1126.61,1088.44
EC,03/09/2025,19:45,Gateshead,Altrincham,0,2,A,0,2,A,A Bannister,0,0,1,0,2.7,3.6,2.25,2.63,3.4,2.3,2.6,3.5,2.25,2.7,3.6,2.25,2.6,3.3,2.25,2.62,3.3,2.25,2.62,3.3,2.25,2.7,3.81,2.31,2.71,3.75,2.45,2.63,3.48,2.28,2.76,3.7,2.42,1.57,2.35,1.58,2.31,1.6,2.35,1.57,2.23,1.59,2.36,-0.25,2.38,1.55,2.37,1.57,2.38,1.66,2.28,1.56,2.43,1.6,2.55,3.7,2.35,2.5,3.5,2.38,2.35,3.55,2.48,2.5,3.7,2.38,2.45,3.5,2.35,2.45,3.5,2.37,2.5,3.4,2.3,2.52,3.94,2.5,2.57,3.8,2.48,2.47,3.59,2.4,2.68,4.1,2.56,1.5,2.5,1.54,2.49,1.57,2.55,1.51,2.4,1.58,2.68,0.0,1.98,1.83,1.93,1.92,1.98,1.85,1.9,1.81,2.03,1.95,1105.09,1078.83
EC,03/09/2025,19:45,Halifax,Woking,1,1,D,0,0,D,A Jackson,3,2,0,0,1.85,3.5,3.7,1.9,3.25,3.75,1.98,3.3,3.3,1.83,3.4,3.9,1.87,3.25,3.5,1.91,3.25,3.5,1.91,3.25,3.5,1.88,3.5,4.0,1.98,3.5,4.0,1.91,3.33,3.6,1.91,3.3,4.2,2.0,1.8,2.06,1.76,2.0,1.8,1.92,1.77,2.08,1.76,-0.5,1.88,1.93,1.89,1.93,1.95,1.93,1.86,1.84,1.91,1.95,1.85,3.5,3.75,1.83,3.3,4.0,1.9,3.3,3.55,1.8,3.4,4.1,1.8,3.3,3.8,1.8,3.3,3.9,1.85,3.25,3.6,1.84,3.64,4.27,1.9,3.55,4.25,1.85,3.36,3.86,1.91,3.7,4.6,2.03,1.78,2.05,1.81,2.03,1.8,1.93,1.77,2.04,1.89,-0.5,1.9,1.9,1.85,2.01,1.9,1.91,1.82,1.89,1.9,2.06,1123.95,1087.19
EC,03/09/2025,19:45,Hartlepool,Boston Utd,1,1,D,1,0,H,A Miller,2,2,0,0,1.6,3.8,4.75,1.6,3.6,5.0,1.63,3.75,4.3,1.62,3.7,4.8,1.62,3.6,4.5,1.61,3.6,4.5,1.61,3.6,4.5,1.59,3.93,5.27,1.67,3.8,5.33,1.62,3.69,4.64,1.63,4.0,5.5,1.85,1.95,1.84,1.96,1.85,2.06,1.76,1.93,1.84,1.97,-0.75,1.78,2.03,1.78,2.06,1.84,2.03,1.77,1.93,1.79,2.05,1.42,4.5,6.0,1.36,4.33,7.0,1.44,4.1,5.8,1.36,4.5,7.0,1.39,4.33,6.0,1.36,4.33,6.5,1.48,4.0,5.5,1.41,4.76,7.22,1.48,5.0,7.5,1.4,4.39,6.38,1.44,5.0,9.0,1.67,2.15,1.71,2.16,1.75,2.16,1.65,2.09,1.73,2.28,-1.25,1.95,1.85,1.93,1.92,1.95,1.87,1.86,1.84,1.94,2.0,1136.87,1099.07
EC,03/09/2025,19:45,Sutton,Boreham Wood,3,4,A,2,1,H,J Richardson,2,2,0,0,2.55,3.2,2.55,2.5,3.1,2.6,2.3,3.35,2.65,2.55,3.3,2.5,2.4,3.2,2.5,2.45,3.2,2.5,2.45,3.2,2.5,2.69,3.33,2.55,2.71,3.4,2.65,2.46,3.26,2.56,2.76,3.45,2.5,1.9,1.9,1.9,1.9,1.9,1.9,1.82,1.86,1.87,1.92,0.0,1.93,1.88,1.96,1.86,1.93,1.88,1.88,1.83,2.02,1.83,2.7,3.4,2.3,2.63,3.25,2.4,2.7,3.3,2.28,2.75,3.4,2.3,2.6,3.3,2.3,2.62,3.3,2.3,2.5,3.2,2.4,2.81,3.5,2.45,2.8,3.45,2.42,2.69,3.33,2.34,2.94,3.8,2.46,1.73,2.08,1.82,2.03,1.85,2.08,1.75,1.96,1.86,2.08,0.0,2.08,1.73,2.07,1.8,2.08,1.75,2.02,1.71,2.17,1.82,1080.04,1106.15
EC,03/09/2025,19:45,Truro,Aldershot,2,2,D,0,1,A,J Durkin,1,2,0,2,2.63,3.4,2.4,2.63,3.25,2.38,2.35,3.35,2.55,2.6,3.4,2.4,2.6,3.3,2.25,2.62,3.3,2.3,2.62,3.3,2.3,2.65,3.58,2.44,2.7,3.6,2.55,2.56,3.37,2.4,,,,1.75,2.05,1.83,1.98,1.78,2.05,1.72,1.99,,,0.0,2.0,1.8,1.99,1.83,2.0,1.8,1.94,1.77,,,2.63,3.5,2.35,2.63,3.4,2.3,2.75,3.45,2.18,2.63,3.6,2.3,2.6,3.4,2.25,2.6,3.4,2.25,2.6,3.3,2.3,2.82,3.88,2.28,2.8,3.6,2.38,2.67,3.48,2.29,2.8,4.0,2.48,1.57,2.35,1.67,2.23,1.73,2.35,1.61,2.18,1.64,2.46,0.0,2.0,1.8,2.15,1.73,2.02,1.8,1.99,1.73,2.11,1.86,1078.41,1079.99
EC,06/09/2025,12:30,Altrincham,Sutton,2,1,H,0,1,A,R Aspinall,0,6,0,0,1.85,3.75,3.5,1.9,3.6,3.6,1.9,3.55,3.35,1.83,3.7,3.6,1.82,3.5,3.5,1.83,3.5,3.5,1.83,3.5,3.5,1.85,4.17,3.43,1.9,4.0,3.6,1.86,3.65,3.5,1.88,3.95,3.7,1.62,2.25,1.62,2.28,1.66,2.25,1.62,2.16,1.54,2.28,-0.5,1.85,1.95,1.88,1.94,1.86,1.95,1.82,1.88,1.88,2.0,1.75,3.9,3.75,1.8,3.75,4.0,1.8,3.55,3.65,1.73,3.75,4.0,1.75,3.5,3.75,1.75,3.5,3.75,1.75,3.5,3.75,1.83,4.29,3.66,1.8,4.2,4.0,1.77,3.73,3.8,1.84,4.5,4.1,1.6,2.3,1.63,2.31,1.65,2.3,1.61,2.18,1.69,2.38,-0.75,2.0,1.8,2.07,1.79,2.0,1.8,1.95,1.76,2.06,1.89,1095.68,1064.92
EC,06/09/2025,15:00,Boreham Wood,Morecambe,3,0,H,2,0,H,I Searle,3,3,0,1,1.5,3.8,5.75,1.5,4.2,6.0,1.55,4.0,4.7,1.5,4.1,5.5,1.5,3.9,5.0,1.5,3.9,5.0,1.5,3.9,5.0,1.51,4.36,5.51,1.55,4.33,6.0,1.51,4.04,5.29,1.53,4.3,6.0,1.67,2.15,1.69,2.15,1.67,2.28,1.63,2.15,1.66,2.22,-1.0,1.83,1.98,1.84,1.98,1.85,1.98,1.82,1.89,1.87,2.02,1.38,4.2,6.5,1.4,4.5,7.0,1.42,4.35,5.75,1.4,4.4,6.5,1.42,4.2,5.75,1.4,4.2,5.75,1.4,4.2,5.75,1.45,4.71,6.51,1.42,5.0,7.0,1.4,4.41,6.3,1.43,5.2,8.0,1.57,2.35,1.65,2.27,1.6,2.35,1.57,2.26,1.66,2.44,-1.25,1.9,1.9,1.98,1.87,1.9,1.9,1.86,1.84,1.89,1.98,1121.27,977.87
EC,06/09/2025,15:00,Boston Utd,Solihull,1,2,A,1,1,D,G Laflin,1,3,0,0,2.15,3.3,3.1,2.15,3.3,3.2,2.14,3.3,2.95,2.15,3.3,3.1,2.1,3.25,2.95,2.1,3.25,3.0,2.1,3.25,3.0,2.23,3.5,3.02,2.22,3.5,3.2,2.14,3.31,3.05,2.1,3.25,2.8,1.9,1.9,1.93,1.88,1.9,1.9,1.84,1.85,1.81,1.88,-0.25,1.9,1.9,1.95,1.87,1.9,1.9,1.86,1.84,1.94,1.77,2.35,3.4,2.75,2.38,3.3,2.8,2.18,3.3,2.88,2.2,3.4,2.9,2.15,3.25,2.87,2.05,3.3,3.0,2.05,3.3,3.0,2.1,3.75,3.25,2.38,3.5,3.25,2.21,3.35,2.9,2.4,3.8,2.98,1.8,2.0,1.79,2.04,1.82,2.0,1.78,1.93,1.84,2.12,-0.25,2.05,1.75,1.84,2.02,2.05,1.79,1.96,1.75,2.08,1.87,1103.78,1034.81
EC,06/09/2025,15:00,Carlisle,Truro,3,0,H,2,0,H,D Watson,3,1,0,0,1.5,4.5,5.0,1.5,4.2,6.0,1.43,4.25,5.8,1.45,4.2,5.75,1.47,4.0,5.25,1.48,4.0,5.25,1.48,4.0,5.25,1.53,4.44,5.14,1.53,4.5,6.0,1.47,4.2,5.53,,,,1.67,2.15,1.7,2.12,1.67,2.2,1.63,2.14,,,-1.0,1.8,2.0,1.89,1.93,1.81,2.0,1.79,1.91,,,1.38,5.0,6.25,1.36,4.6,7.5,1.37,4.5,6.4,1.36,4.5,7.0,1.38,4.33,6.5,1.36,4.2,6.5,1.36,4.2,6.5,1.41,5.03,6.75,1.4,5.0,7.5,1.37,4.54,6.71,1.42,5.2,8.4,1.65,2.2,1.67,2.24,1.67,2.25,1.62,2.17,1.69,2.34,-1.25,1.83,1.98,1.91,1.93,1.86,1.98,1.82,1.88,1.89,2.02,1105.66,1074.96
EC,06/09/2025,15:00,Forest Green,Hartlepool,1,0,H,1,0,H,M Barlow,2,2,0,0,1.67,3.5,4.75,1.7,3.6,4.6,1.73,3.6,3.85,1.67,3.6,4.6,1.68,3.4,4.4,1.7,3.4,4.4,1.7,3.4,4.4,1.63,3.85,4.97,1.73,3.8,5.33,1.69,3.56,4.47,1.68,3.55,5.1,1.93,1.88,1.87,1.93,1.93,1.96,1.82,1.87,1.79,1.9,-0.75,1.88,1.93,1.84,1.99,1.9,1.93,1.84,1.86,1.87,1.95,1.67,3.6,4.5,1.7,3.6,4.6,1.65,3.7,4.25,1.67,3.6,4.6,1.68,3.4,4.4,1.7,3.4,4.4,1.7,3.4,4.4,1.69,3.68,5.22,1.72,3.7,5.33,1.68,3.57,4.54,1.72,4.0,5.5,1.88,1.93,1.9,1.93,1.88,1.97,1.81,1.89,1.93,2.0,-0.75,1.9,1.9,1.9,1.95,1.9,1.9,1.85,1.85,1.92,2.03,1205.28,1132.16
EC,06/09/2025,15:00,Rochdale,Braintree Town,2,0,H,2,0,H,J Westgate,0,0,0,0,1.45,4.2,6.5,1.44,4.33,6.0,1.46,4.1,5.5,1.44,4.33,6.0,1.44,4.2,5.5,1.44,4.2,5.5,1.44,4.2,5.5,1.45,4.58,5.97,1.48,4.75,6.5,1.45,4.28,5.83,1.45,4.7,6.6,1.57,2.35,1.59,2.32,1.61,2.38,1.56,2.28,1.57,2.42,-1.25,2.0,1.8,2.01,1.81,2.0,1.81,1.94,1.77,1.99,1.83,1.33,4.75,8.5,1.33,5.0,8.0,1.38,4.4,6.25,1.33,4.75,7.5,1.33,4.6,7.0,1.35,4.5,6.5,1.35,4.5,6.5,1.42,4.9,6.77,1.42,5.0,8.5,1.35,4.65,7.07,1.38,5.6,9.6,1.57,2.35,1.58,2.39,1.58,2.38,1.56,2.28,1.63,2.52,-1.5,1.95,1.85,2.17,1.71,2.15,1.85,1.98,1.74,2.06,1.87,1185.32,1078.12
EC,06/09/2025,15:00,Scunthorpe,Wealdstone,2,1,H,2,1,H,D Bourne,1,2,0,0,1.85,3.4,3.9,1.91,3.4,3.75,1.92,3.5,3.25,1.87,3.4,3.75,1.82,3.4,3.6,1.83,3.4,3.6,1.83,3.4,3.6,1.92,3.71,3.59,1.95,3.66,3.9,1.89,3.44,3.59,1.92,3.35,3.9,1.9,1.9,1.88,1.93,1.9,2.05,1.8,1.91,1.87,1.92,-0.5,1.9,1.9,1.93,1.88,1.9,1.9,1.86,1.84,1.92,1.8,1.75,3.5,4.2,1.8,3.5,4.2,1.7,3.6,4.0,1.75,3.5,4.2,1.78,3.4,3.75,1.8,3.4,3.75,1.8,3.4,3.75,1.91,3.68,3.9,1.83,3.75,4.25,1.77,3.53,4.02,1.89,3.75,4.5,1.9,1.9,1.97,1.87,1.9,1.98,1.82,1.89,1.96,2.0,-0.5,1.78,2.03,1.92,1.93,1.81,2.03,1.76,1.95,1.89,2.07,1155.89,1089.68
EC,06/09/2025,15:00,Southend,Halifax,3,0,H,1,0,H,R Carter,1,2,0,1,1.55,3.8,5.25,1.62,3.5,5.0,1.52,3.75,5.4,1.53,3.7,5.75,1.53,3.6,5.25,1.53,3.6,5.25,1.53,3.6,5.25,1.57,3.79,5.77,1.62,3.95,6.0,1.54,3.71,5.47,1.58,3.75,6.0,2.05,1.75,2.06,1.74,2.05,1.8,1.96,1.75,2.06,1.75,-1.0,2.0,1.8,2.05,1.78,2.0,1.8,1.95,1.77,2.07,1.78,1.5,4.0,5.5,1.53,4.0,5.0,1.5,3.8,5.4,1.5,3.8,6.0,1.51,3.75,5.25,1.53,3.75,5.25,1.53,3.75,5.25,1.56,4.09,5.94,1.54,4.2,6.0,1.51,3.87,5.52,1.57,4.3,7.0,1.93,1.88,1.93,1.9,1.93,1.88,1.88,1.82,2.0,1.93,-1.0,1.93,1.88,1.98,1.88,1.93,1.88,1.88,1.83,1.97,1.96,1189.92,1119.27
EC,06/09/2025,15:00,Tamworth,Eastleigh,1,0,H,0,0,D,M Mcquillan,1,3,1,1,2.0,3.5,3.3,2.05,3.3,3.4,1.87,3.5,3.45,2.0,3.3,3.4,2.0,3.2,3.25,2.0,3.2,3.25,2.0,3.2,3.25,1.99,3.45,3.62,2.05,3.5,3.6,1.98,3.35,3.39,2.02,3.1,3.65,1.95,1.85,1.93,1.86,1.95,1.98,1.86,1.84,1.92,1.87,-0.5,2.03,1.78,2.01,1.81,2.03,1.78,1.98,1.73,2.02,1.8,1.95,3.5,3.4,1.95,3.4,3.6,1.87,3.5,3.45,1.93,3.4,3.6,1.9,3.25,3.4,1.91,3.25,3.4,1.91,3.25,3.4,1.95,3.55,3.89,1.99,3.5,3.75,1.93,3.39,3.51,2.06,3.6,3.9,1.95,1.85,1.95,1.88,1.95,1.98,1.87,1.84,2.0,1.96,-0.5,1.98,1.83,1.96,1.89,1.98,1.83,1.92,1.79,2.06,1.89,1112.18,1089.7
EC,06/09/2025,15:00,Woking,Gateshead,5,0,H,2,0,H,A Dale,0,1,0,0,2.1,3.5,2.9,2.2,3.4,3.0,2.25,3.45,2.63,2.15,3.4,2.9,2.1,3.3,2.85,2.15,3.3,2.87,2.15,3.3,2.87,2.19,3.52,3.06,2.25,3.55,3.14,2.18,3.4,2.87,2.18,3.2,3.0,1.73,2.08,1.72,2.09,1.73,2.1,1.69,2.05,1.64,2.1,-0.25,1.9,1.9,1.92,1.89,1.9,1.9,1.86,1.85,1.9,1.87,2.0,3.6,3.2,2.1,3.5,3.1,2.12,3.4,2.85,2.05,3.5,3.1,2.05,3.3,3.0,2.15,3.3,2.87,2.15,3.3,2.87,2.25,3.6,3.04,2.2,3.75,3.4,2.09,3.45,3.03,2.12,3.75,3.5,1.67,2.15,1.73,2.11,1.7,2.15,1.67,2.07,1.78,2.2,-0.25,1.78,2.03,1.97,1.88,1.83,2.03,1.77,1.94,1.86,2.07,1091.87,1088.24
EC,06/09/2025,15:00,Yeovil,York,1,3,A,0,2,A,L Sandoe,2,1,0,0,4.2,3.4,1.8,4.2,3.5,1.8,4.1,3.5,1.73,4.1,3.4,1.8,3.9,3.4,1.73,3.9,3.4,1.75,3.9,3.4,1.75,4.22,3.53,1.82,4.2,3.5,1.84,4.06,3.44,1.78,4.4,3.5,1.82,1.95,1.85,1.99,1.83,1.95,1.85,1.89,1.81,1.83,1.83,0.5,2.03,1.78,1.99,1.83,2.03,1.82,1.93,1.77,1.98,1.82,4.5,3.5,1.73,4.6,3.6,1.7,4.1,3.5,1.73,4.5,3.5,1.7,4.2,3.4,1.7,4.2,3.4,1.7,4.2,3.4,1.7,4.58,3.66,1.78,4.75,3.66,1.8,4.35,3.51,1.72,5.0,3.85,1.8,1.98,1.83,2.0,1.85,1.98,1.83,1.91,1.8,2.04,1.9,0.75,1.85,1.95,1.83,2.04,1.85,1.95,1.8,1.9,1.9,2.03,1037.35,1246.34
EC,06/09/2025,17:30,Aldershot,Brackley Town,2,2,D,1,0,H,R Watkins,2,3,1,0,2.4,3.3,2.63,2.5,3.3,2.63,2.4,3.3,2.55,2.4,3.4,2.6,2.3,3.3,2.6,2.3,3.3,2.6,2.3,3.3,2.6,2.44,3.58,2.65,2.5,3.6,2.7,2.39,3.34,2.61,,,,1.7,2.1,1.68,2.15,1.74,2.12,1.69,2.04,,,0.0,1.83,1.98,1.83,1.99,1.83,1.98,1.78,1.93,,,2.4,3.4,2.63,2.38,3.4,2.75,2.43,3.3,2.5,2.38,3.5,2.6,2.3,3.3,2.55,2.3,3.3,2.6,2.3,3.3,2.6,2.46,3.65,2.7,2.45,3.6,2.75,2.38,3.38,2.62,2.46,3.65,2.8,1.65,2.2,1.7,2.18,1.74,2.2,1.67,2.08,1.7,2.32,0.0,1.8,2.0,1.84,2.02,1.8,2.0,1.78,1.94,1.84,2.06,1083.44,1109.39
EC,09/09/2025,19:45,York,Tamworth,4,0,H,0,0,D,D Watson,1,1,0,0,1.48,4.33,5.25,1.44,4.2,5.5,1.45,4.2,5.5,1.45,4.2,5.75,1.46,4.1,5.25,1.48,4.2,5.25,1.48,4.2,5.25,1.5,4.53,5.99,1.5,4.4,5.8,1.47,4.23,5.53,1.51,4.5,6.0,1.6,2.3,1.61,2.31,1.61,2.3,1.58,2.24,1.63,2.42,-1.0,1.8,2.0,1.81,2.06,1.8,2.0,1.78,1.94,1.82,2.07,1.45,4.5,5.25,1.44,4.2,6.0,1.45,4.25,5.5,1.44,4.33,6.0,1.46,4.1,5.25,1.48,4.2,5.25,1.48,4.2,5.25,1.5,4.54,5.99,1.48,4.75,6.33,1.45,4.3,5.69,1.49,5.1,7.2,1.57,2.35,1.62,2.32,1.6,2.35,1.57,2.25,1.66,2.44,-1.0,1.8,2.0,1.81,2.06,1.8,2.05,1.72,2.01,1.79,2.2,1255.04,1120.45
EC,13/09/2025,12:30,Yeovil,Woking,1,0,H,0,0,D,A Quelch,4,3,0,0,2.0,3.3,3.4,2.0,3.25,3.6,2.12,3.15,3.05,2.05,3.2,3.4,1.98,3.2,3.25,2.0,3.2,3.3,2.0,3.2,3.3,2.06,3.49,3.4,2.12,3.5,3.6,2.03,3.24,3.34,2.16,3.2,3.25,2.1,1.7,2.13,1.7,2.1,1.7,2.09,1.66,2.1,1.72,-0.5,2.03,1.78,2.07,1.76,2.03,1.78,1.99,1.73,2.16,1.7,2.2,3.25,3.0,2.25,3.2,3.1,2.14,3.15,3.05,2.2,3.13,3.1,2.05,3.2,3.1,2.05,3.2,3.1,2.05,3.2,3.1,2.02,3.62,3.57,2.25,3.4,3.1,2.17,3.2,3.07,2.4,3.6,3.2,2.1,1.7,2.14,1.72,2.12,1.7,2.09,1.66,2.16,1.81,-0.25,1.95,1.85,1.76,2.11,1.95,1.85,1.89,1.81,2.06,1.9,1028.65,1100.75
EC,13/09/2025,15:00,Boreham Wood,Altrincham,3,1,H,3,0,H,A Ajibola,2,2,0,1,1.9,3.5,3.7,1.95,3.5,3.5,1.98,3.45,3.1,1.91,3.5,3.5,1.9,3.4,3.3,1.91,3.4,3.3,1.91,3.4,3.3,1.93,3.79,3.46,1.98,3.8,3.7,1.94,3.49,3.37,1.95,3.65,3.6,1.73,2.08,1.74,2.05,1.74,2.08,1.72,2.0,1.75,2.06,-0.5,1.95,1.85,1.95,1.86,1.95,1.85,1.9,1.79,1.95,1.86,1.9,3.5,3.7,1.95,3.5,3.5,2.04,3.35,3.1,1.91,3.5,3.5,1.9,3.4,3.3,1.91,3.4,3.3,1.91,3.4,3.3,2.07,3.73,3.34,2.04,3.8,3.7,1.96,3.48,3.37,2.12,3.85,3.5,1.73,2.08,1.77,2.07,1.75,2.08,1.72,2.01,1.8,2.18,-0.5,1.95,1.85,2.07,1.79,1.95,1.85,1.91,1.79,2.12,1.85,1126.21,1103.69
EC,13/09/2025,15:00,Braintree Town,York,2,3,A,1,0,H,H Blair,4,1,0,0,5.25,3.9,1.57,5.5,4.0,1.53,4.6,3.7,1.6,5.25,3.9,1.55,4.6,3.8,1.57,4.6,3.8,1.57,4.6,3.8,1.57,5.34,4.18,1.54,5.5,4.2,1.6,4.97,3.89,1.56,5.4,4.1,1.57,1.67,2.15,1.65,2.19,1.73,2.15,1.68,2.07,1.67,2.22,1.0,1.8,2.0,1.86,1.96,1.81,2.0,1.79,1.93,1.86,1.95,5.0,3.9,1.57,5.5,4.0,1.53,4.6,3.7,1.6,5.0,4.0,1.55,4.75,3.8,1.55,4.8,3.7,1.57,4.8,3.8,1.55,5.48,4.24,1.57,5.5,4.2,1.6,4.97,3.89,1.57,5.7,4.3,1.63,1.67,2.15,1.69,2.19,1.73,2.15,1.67,2.08,1.79,2.2,1.0,1.8,2.0,1.87,1.98,1.8,2.0,1.78,1.94,1.86,2.08,1072.3,1260.19
EC,13/09/2025,15:00,Carlisle,Aldershot,2,0,H,0,0,D,P Cooper,1,1,0,0,1.48,4.5,5.0,1.5,4.33,5.5,1.5,4.2,4.8,1.5,4.2,5.25,1.47,4.2,5.0,1.48,4.2,5.0,1.48,4.2,5.0,1.52,4.7,4.87,1.54,4.6,5.5,1.5,4.28,5.06,1.53,4.1,4.4,1.5,2.5,1.5,2.53,1.52,2.55,1.49,2.44,1.44,2.46,-1.0,1.8,2.0,1.87,1.95,1.81,2.0,1.79,1.92,1.77,1.83,1.44,4.75,5.25,1.44,4.5,6.0,1.5,4.2,4.8,1.44,4.4,5.75,1.46,4.33,5.0,1.48,4.2,5.0,1.48,4.2,5.0,1.48,5.04,5.49,1.5,4.75,6.0,1.47,4.42,5.3,1.52,5.3,6.2,1.44,2.7,1.43,2.82,1.5,2.7,1.46,2.54,1.44,3.05,-1.25,2.0,1.8,2.0,1.86,2.0,1.8,1.96,1.75,2.0,1.9,1113.67,1080.82
EC,13/09/2025,15:00,Forest Green,Scunthorpe,1,1,D,0,1,A,R Joyce,2,1,0,0,1.53,4.0,5.0,1.53,4.0,5.5,1.55,3.8,4.9,1.53,3.8,5.5,1.52,3.9,5.0,1.53,3.9,4.8,1.53,3.9,4.8,1.56,4.11,5.27,1.57,4.2,5.5,1.54,3.91,5.17,1.55,3.7,5.1,1.8,2.0,1.88,1.92,1.81,2.0,1.76,1.95,1.77,1.84,-1.0,1.98,1.83,2.03,1.8,1.98,1.83,1.93,1.79,1.93,1.62,1.62,3.9,4.33,1.62,3.75,5.0,1.54,3.85,4.9,1.62,3.75,4.8,1.6,3.7,4.5,1.57,3.8,4.6,1.57,3.8,4.6,1.62,4.12,5.11,1.67,4.1,5.33,1.59,3.83,4.81,1.67,4.3,5.5,1.8,2.0,1.92,1.92,1.85,2.0,1.78,1.93,1.91,2.06,-0.75,1.85,1.95,1.81,2.05,1.85,2.01,1.77,1.95,1.87,2.11,1212.02,1162.83
EC,13/09/2025,15:00,Hartlepool,Brackley Town,0,0,D,0,0,D,J Oldham,1,1,0,0,1.95,3.5,3.5,2.0,3.3,3.6,1.98,3.25,3.35,1.91,3.4,3.6,1.93,3.3,3.3,1.95,3.3,3.3,1.95,3.3,3.3,1.95,3.5,3.7,2.0,3.5,3.75,1.95,3.35,3.47,1.96,3.4,3.85,1.95,1.85,1.94,1.86,1.95,1.85,1.93,1.79,1.94,1.86,-0.5,1.95,1.85,1.97,1.85,2.0,1.85,1.91,1.79,1.96,1.86,2.0,3.4,3.3,2.05,3.3,3.4,1.97,3.25,3.4,1.95,3.4,3.5,1.95,3.3,3.2,1.95,3.3,3.25,1.95,3.3,3.3,2.1,3.44,3.53,2.1,3.5,3.55,1.99,3.33,3.38,2.18,3.5,3.7,1.95,1.85,1.98,1.85,1.97,1.85,1.92,1.79,2.06,1.91,-0.25,1.75,2.05,1.82,2.05,1.75,2.05,1.71,2.02,1.88,2.09,1125.42,1112.01
EC,13/09/2025,15:00,Solihull,Morecambe,4,4,D,2,1,H,J Durkin,1,0,0,0,1.53,4.1,5.0,1.53,4.0,5.5,1.48,4.25,5.0,1.5,4.0,5.5,1.52,4.0,4.8,1.53,4.0,4.8,1.53,4.0,4.8,1.54,4.64,4.78,1.61,4.3,5.5,1.52,4.09,5.09,1.59,4.1,5.4,1.67,2.15,1.68,2.17,1.67,2.25,1.63,2.14,1.6,2.0,-1.0,1.9,1.9,1.91,1.91,1.93,1.9,1.89,1.82,1.85,1.97,1.48,4.2,5.5,1.44,4.33,6.5,1.47,4.3,5.1,1.45,4.2,6.0,1.46,4.2,5.25,1.44,4.2,5.25,1.44,4.2,5.25,1.49,4.78,5.74,1.5,4.5,6.5,1.46,4.27,5.62,1.55,5.0,6.2,1.67,2.15,1.67,2.22,1.67,2.25,1.61,2.18,1.71,2.36,-1.25,2.05,1.75,2.07,1.8,2.05,1.75,2.01,1.71,2.08,1.8,1052.95,972.93
EC,13/09/2025,15:00,Southend,Boston Utd,1,1,D,0,0,D,I Searle,0,4,0,0,1.33,4.5,7.5,1.36,4.5,8.0,1.38,4.3,6.5,1.33,4.5,8.0,1.35,4.5,6.75,1.35,4.5,6.5,1.35,4.5,6.5,1.35,4.78,7.91,1.38,4.75,8.0,1.36,4.47,7.26,1.38,4.8,9.2,1.7,2.1,1.71,2.1,1.71,2.1,1.69,2.05,1.72,2.1,-1.25,1.83,1.98,1.85,1.97,1.83,1.98,1.79,1.92,1.74,1.83,1.36,4.75,7.0,1.33,4.6,8.5,1.37,4.35,6.75,1.33,4.5,8.0,1.35,4.5,6.75,1.35,4.5,6.5,1.35,4.5,6.5,1.35,5.01,8.64,1.37,5.33,8.5,1.34,4.61,7.5,1.39,5.3,10.5,1.7,2.1,1.72,2.15,1.71,2.1,1.68,2.06,1.74,2.24,-1.25,1.78,2.03,1.82,2.04,1.78,2.03,1.74,1.97,1.82,2.12,1196.73,1085.64
EC,13/09/2025,15:00,Sutton,Tamworth,2,3,A,2,3,A,A Miller,2,3,0,0,2.45,3.25,2.55,2.6,3.3,2.5,2.6,3.3,2.35,2.5,3.3,2.6,2.55,3.25,2.35,2.6,3.25,2.37,2.6,3.25,2.37,2.43,3.51,2.71,2.6,3.5,2.71,2.54,3.31,2.48,2.48,3.4,2.8,1.85,1.95,1.9,1.9,1.85,1.95,1.79,1.91,1.9,1.9,0.0,1.85,1.95,1.81,2.02,1.87,1.95,1.82,1.89,1.82,2.01,2.1,3.6,3.0,2.15,3.4,3.1,2.18,3.35,2.8,2.1,3.4,3.1,2.15,3.25,2.8,2.2,3.3,2.8,2.2,3.3,2.8,2.17,3.63,3.19,2.5,3.6,3.14,2.18,3.38,2.93,2.2,3.65,3.55,1.83,1.98,1.87,1.97,1.83,1.98,1.79,1.92,1.92,2.04,-0.25,1.85,1.95,1.89,1.96,1.93,1.95,1.84,1.86,1.9,2.06,1056.91,1115.3
EC,13/09/2025,15:00,Truro,Rochdale,0,1,A,0,1,A,R Watkins,2,2,0,0,4.1,3.75,1.73,4.33,3.6,1.73,3.6,3.45,1.82,4.33,3.6,1.7,3.9,3.4,1.75,3.9,3.4,1.75,3.9,3.4,1.75,4.41,3.72,1.74,4.33,3.75,1.82,4.03,3.55,1.75,4.6,3.65,1.74,1.83,1.98,1.85,1.96,1.86,1.98,1.82,1.88,,,0.75,1.83,1.98,1.84,1.98,1.83,1.98,1.78,1.92,,,3.9,3.6,1.8,4.2,3.5,1.8,4.0,3.5,1.74,4.2,3.5,1.75,3.9,3.5,1.73,3.9,3.4,1.75,3.9,3.5,1.75,4.62,3.49,1.82,4.5,3.6,1.83,4.1,3.5,1.76,4.5,3.6,1.88,1.93,1.88,1.98,1.86,1.93,1.88,1.87,1.83,1.98,1.9,0.5,2.0,1.8,2.04,1.83,2.0,1.8,1.95,1.75,2.05,1.88,1066.95,1191.14
EC,13/09/2025,15:00,Wealdstone,Gateshead,2,2,D,1,1,D,N Smith,2,2,0,0,1.9,3.8,3.3,1.91,3.6,3.6,1.97,3.6,3.05,1.9,3.6,3.4,1.88,3.5,3.2,1.91,3.5,3.25,1.91,3.5,3.25,1.95,3.81,3.4,1.97,3.8,3.6,1.93,3.62,3.29,1.97,3.75,3.5,1.62,2.25,1.68,2.17,1.64,2.3,1.59,2.22,1.64,2.24,-0.5,1.93,1.88,1.97,1.85,1.95,1.88,1.89,1.82,1.97,1.87,1.67,4.1,4.0,1.7,4.0,4.2,1.68,3.85,3.85,1.67,3.9,4.2,1.68,3.75,3.8,1.7,3.75,3.8,1.7,3.75,3.8,1.75,4.25,4.06,1.73,4.1,4.2,1.69,3.9,3.99,1.79,4.4,4.3,1.6,2.3,1.6,2.35,1.6,2.32,1.56,2.27,1.63,2.44,-0.75,1.9,1.9,1.97,1.88,1.91,1.9,1.86,1.84,2.0,1.96,1082.74,1079.36
EC,13/09/2025,17:30,Halifax,Eastleigh,2,2,D,0,2,A,D Baines,3,3,0,0,2.0,3.2,3.6,2.1,3.2,3.5,1.98,3.1,3.55,2.0,3.2,3.5,1.98,3.2,3.25,2.0,3.2,3.25,2.0,3.2,3.25,2.06,3.22,3.67,2.1,3.25,3.6,2.02,3.17,3.46,1.94,3.05,3.45,2.15,1.67,2.15,1.68,2.15,1.67,2.12,1.65,1.98,1.61,-0.5,2.03,1.78,2.06,1.75,2.04,1.78,2.0,1.71,1.94,1.68,2.0,3.1,3.5,2.1,3.2,3.5,2.0,3.1,3.5,2.05,3.2,3.4,1.98,3.2,3.25,2.0,3.2,3.25,2.0,3.2,3.25,2.08,3.29,3.75,2.1,3.25,3.6,2.04,3.17,3.44,2.16,3.25,3.85,2.15,1.67,2.17,1.7,2.15,1.67,2.11,1.66,2.18,1.75,-0.5,2.05,1.75,2.08,1.78,2.05,1.75,2.03,1.7,2.16,1.81,1112.46,1081.43
EC,20/09/2025,12:30,Brackley Town,Sutton,1,0,H,0,0,D,M Barlow,3,2,0,0,1.83,3.5,3.8,1.83,3.5,4.0,1.74,3.55,3.9,1.83,3.5,3.8,1.8,3.5,3.6,1.8,3.5,3.6,1.8,3.5,3.6,1.85,3.63,3.93,1.85,3.6,4.0,1.81,3.5,3.8,1.81,3.5,3.7,1.8,2.0,1.81,2.0,1.8,2.0,1.76,1.95,1.7,1.85,-0.5,1.85,1.95,1.87,1.95,1.85,1.95,1.81,1.88,1.81,1.83,1.83,3.5,3.8,1.83,3.5,4.0,1.75,3.55,3.9,1.8,3.5,3.9,1.8,3.4,3.6,1.8,3.4,3.6,1.8,3.4,3.6,1.83,3.75,4.18,1.85,3.6,4.0,1.81,3.49,3.82,1.94,3.9,4.2,1.8,2.0,1.82,2.03,1.8,2.0,1.77,1.94,1.91,2.04,-0.5,1.85,1.95,1.83,2.03,1.85,1.95,1.81,1.89,1.94,2.03,1115.95,1042.92
EC,20/09/2025,15:00,Aldershot,Hartlepool,1,0,H,1,0,H,P Johnson,5,2,0,0,2.88,3.3,2.25,2.88,3.4,2.3,2.55,3.4,2.33,2.75,3.5,2.25,2.6,3.4,2.2,2.62,3.4,2.2,2.62,3.4,2.2,2.79,3.63,2.31,2.88,3.6,2.33,2.7,3.43,2.27,2.78,3.7,2.4,1.62,2.25,1.62,2.25,1.65,2.25,1.61,2.17,1.62,2.28,0.25,1.8,2.0,1.79,2.04,1.8,2.0,1.75,1.95,1.79,2.1,2.8,3.3,2.3,2.8,3.5,2.3,2.8,3.45,2.16,2.75,3.5,2.25,2.65,3.5,2.2,2.7,3.5,2.2,2.75,3.5,2.15,2.87,3.8,2.28,2.83,3.66,2.3,2.77,3.48,2.23,2.92,3.9,2.42,1.65,2.2,1.6,2.35,1.65,2.25,1.61,2.18,1.62,2.44,0.25,1.78,2.03,1.85,2.01,1.78,2.03,1.76,1.94,1.87,2.11,1072.88,1121.48
EC,20/09/2025,15:00,Altrincham,Carlisle,1,2,A,1,2,A,R Watkins,1,4,1,1,3.1,3.5,2.05,3.25,3.5,2.05,2.88,3.5,2.08,3.1,3.5,2.05,3.0,3.4,1.98,3.1,3.4,2.0,3.1,3.4,2.0,3.2,3.68,2.07,3.25,3.6,2.08,3.07,3.48,2.05,2.96,3.4,1.95,1.67,2.15,1.69,2.13,1.71,2.15,1.66,2.1,,,0.25,2.0,1.8,2.0,1.83,2.0,1.8,1.92,1.77,,,3.25,3.5,2.0,3.25,3.5,2.05,2.88,3.5,2.1,3.13,3.5,2.05,3.0,3.4,1.98,3.0,3.4,2.0,3.0,3.4,2.0,3.34,3.83,2.04,3.25,3.66,2.1,3.08,3.48,2.05,3.3,3.95,2.16,1.7,2.1,1.69,2.19,1.7,2.15,1.65,2.11,,,0.5,1.78,2.03,1.82,2.05,1.78,2.05,1.72,2.0,,,1095.42,1121.61
EC,20/09/2025,15:00,Boston Utd,Boreham Wood,0,2,A,0,0,D,O Mackey,3,0,0,0,3.5,3.4,1.95,3.3,3.25,1.91,3.35,3.45,1.92,3.5,3.4,1.95,3.2,3.3,1.95,3.25,3.3,2.0,3.25,3.3,2.0,3.59,3.68,1.93,3.5,3.66,2.0,3.36,3.39,1.96,3.8,3.5,1.94,1.85,1.95,1.86,1.94,1.85,1.95,1.81,1.89,,,0.5,1.83,1.98,1.88,1.94,1.83,1.98,1.78,1.93,,,4.2,3.6,1.75,3.3,3.25,1.91,3.75,3.55,1.79,4.2,3.6,1.73,3.8,3.5,1.73,3.8,3.5,1.75,3.8,3.5,1.75,4.17,3.81,1.81,4.2,3.7,1.91,3.89,3.54,1.78,4.5,3.8,1.92,1.8,2.0,1.75,2.1,1.8,2.0,1.77,1.94,1.9,2.06,0.5,2.03,1.78,2.04,1.83,2.03,1.8,1.95,1.75,2.06,1.92,1092.42,1134.48
EC,20/09/2025,15:00,Eastleigh,Braintree Town,1,3,A,1,1,D,S Mulhall,3,4,0,0,1.85,3.1,4.1,1.9,3.3,4.0,1.88,3.45,3.45,1.83,3.4,3.9,1.83,3.25,3.7,1.85,3.25,3.7,1.85,3.25,3.7,1.92,3.44,3.91,1.92,3.5,4.1,1.87,3.34,3.75,2.0,3.6,3.95,2.05,1.75,2.07,1.75,2.05,1.89,1.94,1.78,2.06,1.76,-0.5,1.9,1.9,1.93,1.88,1.9,1.9,1.85,1.85,2.0,1.88,1.7,3.4,4.75,1.73,3.6,4.5,1.63,3.8,4.25,1.7,3.6,4.4,1.71,3.5,4.0,1.73,3.5,4.0,1.73,3.5,4.0,1.87,3.74,4.0,1.85,4.0,4.75,1.7,3.63,4.26,1.76,4.2,4.9,1.83,1.98,2.0,1.85,1.91,1.98,1.8,1.9,1.94,2.0,-0.75,1.95,1.85,2.15,1.73,1.95,1.85,1.88,1.81,1.97,1.98,1085.93,1062.9
EC,20/09/2025,15:00,Gateshead,Halifax,1,2,A,1,1,D,J Westgate,2,2,0,0,2.35,3.5,2.6,2.25,3.4,2.88,2.35,3.4,2.55,2.2,3.4,2.88,2.15,3.4,2.75,2.15,3.4,2.8,2.15,3.4,2.8,2.24,3.84,2.78,2.35,3.6,2.88,2.25,3.43,2.74,2.28,3.75,2.84,1.73,2.08,1.75,2.05,1.75,2.08,1.71,2.01,1.75,2.08,-0.25,2.08,1.73,1.99,1.83,2.08,1.78,1.94,1.76,2.0,1.82,2.63,3.4,2.38,2.75,3.4,2.38,2.55,3.35,2.38,2.7,3.3,2.38,2.55,3.3,2.35,2.5,3.3,2.37,2.5,3.3,2.37,2.69,3.95,2.35,2.75,3.6,2.45,2.62,3.38,2.38,2.76,3.7,2.6,1.8,2.0,1.75,2.11,1.81,2.05,1.76,1.96,1.87,2.04,0.0,2.03,1.78,2.07,1.8,2.03,1.8,1.96,1.75,2.08,1.89,1082.97,1107.96
EC,20/09/2025,15:00,Morecambe,Wealdstone,4,3,H,3,1,H,P Cooper,2,1,0,0,3.8,3.5,1.83,3.75,3.5,1.91,3.1,3.5,2.0,3.6,3.6,1.85,3.5,3.5,1.82,3.5,3.5,1.83,3.5,3.5,1.83,3.47,4.09,1.86,3.8,3.8,2.0,3.49,3.55,1.89,3.8,3.95,1.91,1.7,2.1,1.68,2.14,1.73,2.14,1.67,2.07,,,0.5,1.95,1.85,1.93,1.88,1.95,1.9,1.85,1.85,,,3.5,3.6,1.85,3.5,3.75,1.9,3.3,3.65,1.87,3.5,3.6,1.87,3.3,3.6,1.83,3.3,3.6,1.85,3.3,3.6,1.85,3.59,4.31,1.84,3.6,4.0,1.92,3.4,3.68,1.87,3.5,4.4,1.98,1.62,2.25,1.62,2.31,1.62,2.3,1.58,2.24,1.66,2.4,0.5,1.9,1.9,2.01,1.85,1.91,1.9,1.85,1.85,2.0,1.95,978.88,1079.13
EC,20/09/2025,15:00,Scunthorpe,Truro,4,0,H,1,0,H,N Hair,3,3,0,0,1.65,3.7,4.5,1.67,3.75,4.6,1.74,3.65,3.8,1.65,3.7,4.6,1.66,3.6,4.2,1.67,3.6,4.2,1.67,3.6,4.2,1.65,3.83,4.84,1.74,4.0,4.75,1.67,3.69,4.33,1.65,3.9,5.3,1.8,2.0,1.83,1.97,1.8,2.05,1.75,1.96,,,-0.75,1.83,1.98,1.86,1.96,1.83,1.98,1.79,1.91,,,1.75,3.6,4.2,1.73,3.6,4.33,1.64,3.75,4.25,1.7,3.6,4.33,1.66,3.6,4.1,1.67,3.6,4.2,1.67,3.6,4.2,1.63,4.05,5.21,1.78,3.9,4.75,1.7,3.64,4.26,1.8,3.9,4.6,1.83,1.98,1.82,2.02,1.83,2.08,1.76,1.96,1.88,2.02,-0.75,2.0,1.8,1.81,2.06,2.0,1.8,1.93,1.77,1.98,1.87,1167.89,1055.32
EC,20/09/2025,15:00,Tamworth,Yeovil,1,0,H,0,0,D,D Baines,2,1,0,0,2.0,3.25,3.5,2.1,3.2,3.5,1.87,3.45,3.5,2.05,3.25,3.4,1.93,3.3,3.3,1.95,3.3,3.3,1.95,3.3,3.3,2.06,3.28,3.61,2.1,3.45,3.66,1.98,3.29,3.44,1.93,3.05,3.35,2.08,1.73,2.08,1.72,2.08,1.87,1.97,1.75,2.0,1.65,-0.5,2.03,1.78,2.06,1.75,2.03,1.78,1.99,1.71,1.93,1.69,2.1,3.2,3.3,2.1,3.2,3.5,1.88,3.4,3.5,2.05,3.25,3.3,1.98,3.25,3.2,2.0,3.25,3.2,2.0,3.25,3.2,2.09,3.34,3.67,2.1,3.4,3.5,2.02,3.27,3.36,2.2,3.35,3.75,2.08,1.73,2.08,1.76,2.08,1.86,1.97,1.75,2.14,1.83,-0.5,2.1,1.7,2.09,1.77,2.1,1.75,2.02,1.69,2.2,1.79,1129.29,1040.15
EC,20/09/2025,15:00,Woking,Forest Green,0,2,A,0,1,A,G Rollason,0,0,0,0,4.2,3.7,1.7,4.33,3.5,1.8,3.8,3.55,1.77,4.33,3.5,1.73,3.9,3.5,1.75,3.9,3.5,1.75,3.9,3.5,1.75,4.39,3.77,1.73,4.4,3.75,1.8,4.07,3.57,1.75,3.9,3.6,1.72,1.9,1.9,1.91,1.89,1.9,1.93,1.82,1.87,1.79,1.77,0.75,1.83,1.98,1.85,1.98,1.83,1.98,1.78,1.92,1.8,1.9,3.8,3.6,1.8,4.2,3.5,1.8,3.85,3.5,1.77,4.2,3.5,1.75,4.0,3.4,1.72,4.0,3.5,1.73,4.0,3.5,1.73,4.49,3.86,1.75,4.25,3.75,1.83,4.03,3.51,1.77,4.8,3.8,1.84,1.95,1.85,1.92,1.92,1.95,1.94,1.84,1.85,1.98,1.93,0.5,1.98,1.83,2.12,1.75,2.05,1.83,1.96,1.75,2.13,1.84,1089.25,1206.96
EC,20/09/2025,15:00,York,Solihull,0,1,A,0,0,D,A Bannister,3,0,0,2,1.33,5.0,8.0,1.3,5.0,8.5,1.3,4.8,7.5,1.3,4.8,8.5,1.31,4.8,7.0,1.3,4.8,7.0,1.3,4.8,7.0,1.29,5.2,8.98,1.35,5.33,9.5,1.31,4.86,7.82,1.35,5.2,9.0,1.6,2.3,1.6,2.29,1.6,2.33,1.56,2.27,1.62,2.32,-1.5,1.95,1.85,2.0,1.83,1.95,1.85,1.89,1.8,1.89,1.7,1.3,5.25,7.5,1.29,5.0,9.0,1.32,4.75,7.0,1.29,5.0,8.5,1.28,5.25,7.5,1.25,5.25,7.5,1.25,5.25,7.5,1.28,5.78,9.89,1.32,5.33,9.0,1.29,5.07,7.8,1.34,6.0,9.0,1.44,2.7,1.48,2.65,1.52,2.7,1.46,2.54,1.47,2.96,-1.5,1.83,1.98,1.88,1.97,1.85,1.98,1.81,1.9,1.96,1.94,1269.59,1047.0
EC,23/09/2025,19:45,Altrincham,Forest Green,1,2,A,1,1,D,A Jackson,1,3,1,0,3.4,3.5,1.95,3.4,3.4,2.05,3.0,3.4,2.08,3.4,3.5,1.95,3.2,3.3,1.98,3.2,3.3,2.0,3.2,3.3,2.0,3.41,3.75,2.04,3.4,3.66,2.08,3.24,3.43,2.01,3.7,3.85,2.04,1.75,2.05,1.76,2.09,1.75,2.05,1.73,1.99,1.78,2.12,0.5,1.83,1.98,1.82,2.04,1.83,2.0,1.76,1.96,1.9,2.04,3.5,3.5,1.9,3.4,3.4,2.05,3.2,3.45,1.97,3.6,3.5,1.87,3.3,3.3,1.9,3.4,3.4,1.91,3.4,3.4,1.91,3.57,3.83,1.96,3.6,3.75,2.05,3.39,3.47,1.94,3.55,4.0,2.06,1.73,2.08,1.75,2.1,1.75,2.08,1.72,2.0,1.79,2.16,0.5,1.85,1.95,1.88,1.97,1.85,1.95,1.8,1.91,1.92,2.06,1080.3,1218.82
EC,23/09/2025,19:45,Brackley Town,Truro,1,0,H,1,0,H,M Scholes,2,1,0,0,1.8,3.3,4.0,1.8,3.4,4.33,1.8,3.25,4.1,1.75,3.4,4.33,1.77,3.25,4.0,1.75,3.3,4.0,1.75,3.3,4.0,1.85,3.7,4.13,1.84,3.6,4.33,1.79,3.36,4.1,1.86,3.75,4.6,2.08,1.73,2.08,1.76,2.18,1.75,2.04,1.7,2.12,1.8,-0.5,1.83,1.98,1.85,2.0,1.83,1.98,1.77,1.93,1.86,2.12,1.65,3.4,4.75,1.67,3.5,5.0,1.68,3.4,4.5,1.65,3.5,5.0,1.65,3.4,4.6,1.65,3.4,4.6,1.65,3.4,4.6,1.69,3.87,4.87,1.68,3.8,5.33,1.66,3.48,4.81,1.7,4.0,5.9,2.08,1.73,2.08,1.77,2.08,1.75,2.02,1.71,2.14,1.81,-0.75,1.88,1.93,1.92,1.93,1.88,1.93,1.82,1.88,1.9,2.06,1122.69,1049.64
EC,23/09/2025,19:45,Gateshead,Hartlepool,0,1,A,0,0,D,W Davis,0,0,0,0,3.1,3.4,2.1,3.1,3.4,2.15,2.95,3.45,2.08,3.0,3.5,2.1,2.95,3.4,2.05,3.0,3.4,2.05,3.0,3.4,2.05,3.26,3.65,2.13,3.2,3.5,2.15,3.03,3.43,2.1,3.35,3.85,2.16,1.7,2.1,1.69,2.19,1.7,2.15,1.66,2.1,1.71,2.32,0.25,1.95,1.85,2.0,1.86,1.95,1.85,1.89,1.81,2.04,1.89,3.2,3.4,2.05,3.2,3.5,2.1,2.95,3.45,2.06,3.13,3.5,2.05,2.95,3.4,2.05,3.0,3.4,2.05,3.0,3.4,2.05,3.47,3.69,2.03,3.4,3.6,2.1,3.1,3.46,2.05,3.5,4.0,2.14,1.7,2.1,1.69,2.2,1.7,2.15,1.65,2.1,1.7,2.36,0.25,2.03,1.78,2.09,1.77,2.03,1.78,1.96,1.74,2.13,1.87,1067.81,1110.82
EC,23/09/2025,19:45,Rochdale,Solihull,4,1,H,3,0,H,S Copeland,3,2,0,0,1.48,4.2,5.0,1.5,4.2,6.0,1.49,4.0,5.25,1.5,4.1,5.75,1.47,4.0,5.25,1.48,4.0,5.25,1.48,4.0,5.25,1.5,4.44,6.06,1.5,4.25,6.0,1.49,4.1,5.48,1.52,4.6,6.0,1.65,2.2,1.67,2.21,1.67,2.2,1.65,2.12,1.69,2.3,-1.0,1.83,1.98,1.84,2.02,1.83,1.98,1.78,1.93,1.85,2.03,1.48,4.2,5.0,1.5,4.2,6.0,1.48,4.0,5.3,1.45,4.2,5.75,1.47,4.0,5.25,1.48,4.0,5.25,1.48,4.0,5.25,1.49,4.5,6.17,1.53,4.5,6.0,1.48,4.12,5.48,1.54,4.8,6.4,1.65,2.2,1.66,2.25,1.65,2.25,1.62,2.16,1.69,2.34,-1.0,1.83,1.98,1.81,2.05,1.83,1.98,1.77,1.94,1.86,2.04,1202.77,1068.62
EC,23/09/2025,19:45,Woking,Sutton,1,1,D,1,0,H,L Sandoe,0,3,0,0,2.15,3.3,3.1,2.15,3.4,3.1,2.04,3.4,3.05,2.15,3.4,3.0,2.05,3.3,2.95,2.1,3.3,3.0,2.1,3.3,3.0,2.22,3.61,3.1,2.2,3.5,3.1,2.12,3.36,3.02,2.34,3.6,3.15,1.83,1.98,1.84,2.0,1.83,2.0,1.76,1.95,1.86,2.04,-0.25,1.9,1.9,1.94,1.91,1.9,1.9,1.85,1.85,2.03,1.92,2.15,3.25,3.1,2.2,3.3,3.1,2.04,3.4,3.1,2.15,3.3,3.1,2.1,3.2,3.0,2.1,3.25,3.0,2.1,3.25,3.0,2.25,3.52,3.12,2.22,3.5,3.1,2.12,3.32,3.07,2.28,3.6,3.3,1.93,1.88,1.93,1.9,1.93,1.93,1.83,1.86,1.98,1.93,-0.25,1.9,1.9,1.95,1.9,1.9,1.9,1.85,1.85,1.99,1.99,1077.39,1036.18
EC,23/09/2025,19:45,York,Carlisle,5,0,H,3,0,H,Z Kennard-Kettle,4,5,0,0,1.91,3.6,3.3,1.95,3.5,3.5,1.81,3.55,3.6,1.95,3.5,3.4,1.88,3.3,3.4,1.91,3.4,3.4,1.91,3.4,3.4,2.01,3.57,3.67,1.96,3.6,3.75,1.91,3.47,3.47,2.04,3.7,3.7,1.73,2.08,1.8,2.03,1.75,2.08,1.7,2.04,1.81,2.12,-0.5,1.95,1.85,2.02,1.85,1.95,1.85,1.91,1.78,2.04,1.89,1.85,3.6,3.4,1.95,3.5,3.5,1.81,3.6,3.55,1.95,3.5,3.4,1.88,3.3,3.4,1.91,3.4,3.4,1.91,3.4,3.4,1.96,3.68,3.71,1.96,3.6,3.75,1.91,3.48,3.47,2.02,3.85,3.8,1.73,2.08,1.78,2.06,1.75,2.08,1.7,2.03,1.77,2.14,-0.5,1.95,1.85,1.97,1.88,1.95,1.85,1.91,1.78,2.02,1.94,1247.97,1136.73
EC,24/09/2025,19:45,Aldershot,Yeovil,1,4,A,0,3,A,S Parkinson,1,2,0,0,1.95,3.4,3.4,2.05,3.4,3.4,2.02,3.35,3.1,1.95,3.5,3.4,1.98,3.3,3.2,2.0,3.3,3.2,2.0,3.3,3.2,1.99,3.75,3.37,2.05,3.75,3.4,2.0,3.4,3.27,1.88,3.45,3.15,1.73,2.08,1.72,2.05,1.8,2.08,1.74,1.97,1.63,1.89,-0.5,2.0,1.8,2.01,1.82,2.0,1.8,1.95,1.76,1.88,1.7,1.9,3.5,3.5,1.95,3.5,3.6,1.95,3.4,3.3,1.95,3.5,3.4,1.93,3.4,3.2,1.95,3.4,3.2,1.95,3.4,3.2,2.01,3.82,3.43,2.0,3.8,3.6,1.94,3.48,3.38,2.02,3.85,3.85,1.7,2.1,1.72,2.14,1.77,2.1,1.72,2.01,1.81,2.16,-0.5,1.98,1.83,2.02,1.84,1.98,1.83,1.91,1.8,2.02,1.96,1083.54,1033.85
EC,24/09/2025,19:45,Boston Utd,Braintree Town,2,0,H,0,0,D,J O'Connor,2,3,0,0,2.05,3.5,3.1,2.1,3.3,3.3,2.25,3.3,2.75,2.1,3.4,3.1,2.05,3.3,3.0,2.05,3.3,3.0,2.05,3.3,3.0,2.09,3.57,3.23,2.25,3.6,3.3,2.11,3.35,3.04,1.94,3.25,2.92,1.85,1.95,1.84,1.96,1.85,1.95,1.81,1.88,1.73,1.82,-0.25,1.83,1.98,1.83,1.99,1.83,1.98,1.8,1.9,1.68,1.79,2.15,3.4,2.9,2.25,3.3,3.0,2.25,3.35,2.7,2.25,3.3,2.9,2.15,3.3,2.8,2.1,3.3,2.9,2.1,3.3,2.9,2.27,3.59,3.03,2.25,3.5,3.0,2.21,3.34,2.86,2.32,3.6,3.15,1.85,1.95,1.87,1.97,1.85,1.95,1.82,1.88,1.88,2.0,-0.25,1.95,1.85,1.98,1.88,1.95,1.85,1.91,1.79,2.08,1.89,1077.85,1079.65
EC,24/09/2025,19:45,Eastleigh,Southend,2,1,H,0,0,D,H Blair,0,1,0,0,4.5,3.75,1.65,4.6,3.6,1.7,3.9,3.45,1.77,4.6,3.6,1.67,4.33,3.5,1.65,4.33,3.5,1.65,4.33,3.5,1.65,4.62,3.87,1.68,4.75,3.8,1.77,4.36,3.58,1.69,2.02,3.45,1.58,1.9,1.9,1.89,1.91,1.9,1.9,1.85,1.84,1.77,1.79,0.75,1.95,1.85,1.93,1.89,1.95,1.85,1.86,1.83,1.51,1.58,5.25,4.0,1.53,5.0,3.75,1.62,4.6,3.65,1.61,5.25,3.8,1.55,4.6,3.7,1.58,4.6,3.7,1.6,4.6,3.7,1.6,5.14,4.21,1.6,5.33,4.0,1.62,4.91,3.76,1.59,5.5,4.1,1.67,1.83,1.98,1.91,1.93,1.85,1.98,1.82,1.88,1.91,1.99,1.0,1.83,1.98,1.78,2.08,1.83,2.0,1.73,1.99,1.73,2.14,1069.18,1189.95
EC,24/09/2025,19:45,Morecambe,Halifax,1,2,A,1,0,H,G Thomas,0,0,0,0,2.75,3.3,2.35,3.0,3.3,2.25,2.95,3.3,2.14,2.88,3.3,2.25,2.75,3.25,2.2,2.75,3.25,2.25,2.75,3.25,2.25,2.85,3.44,2.36,3.0,3.4,2.36,2.87,3.29,2.24,2.84,3.35,2.36,1.85,1.95,1.88,1.93,1.85,1.95,1.8,1.91,1.87,1.92,0.25,1.75,2.05,1.78,2.06,1.75,2.05,1.74,1.97,1.77,2.05,2.8,3.6,2.2,2.8,3.5,2.3,2.88,3.45,2.1,2.8,3.5,2.2,2.65,3.4,2.2,2.7,3.4,2.2,2.7,3.4,2.2,2.77,3.85,2.33,2.88,3.75,2.3,2.77,3.5,2.21,2.84,3.85,2.5,1.62,2.25,1.63,2.3,1.62,2.3,1.6,2.2,1.67,2.4,0.25,1.83,1.98,1.81,2.06,1.83,1.98,1.77,1.93,1.82,2.18,991.39,1123.12
EC,24/09/2025,19:45,Scunthorpe,Boreham Wood,1,1,D,0,1,A,G Rhodes,2,0,0,0,2.3,3.3,2.7,2.38,3.25,2.88,2.35,3.35,2.55,2.38,3.25,2.75,2.3,3.1,2.7,2.3,3.1,2.7,2.3,3.1,2.7,2.38,3.47,2.8,2.38,3.5,2.88,2.34,3.25,2.71,2.2,3.1,1.04,1.93,1.88,1.93,1.87,1.93,1.92,1.84,1.85,1.81,1.75,0.0,1.75,2.05,1.75,2.07,1.75,2.05,1.73,1.99,1.5,1.5,2.25,3.3,2.8,2.38,3.2,2.88,2.4,3.3,2.55,2.3,3.3,2.8,2.25,3.2,2.75,2.25,3.2,2.75,2.25,3.2,2.75,2.46,3.35,2.9,2.4,3.33,2.88,2.32,3.26,2.76,2.52,3.65,2.96,1.9,1.9,1.93,1.91,1.91,1.9,1.85,1.85,1.91,1.98,-0.25,1.98,1.83,2.12,1.75,2.0,1.83,1.97,1.74,2.17,1.82,1173.57,1149.05
EC,24/09/2025,19:45,Tamworth,Wealdstone,1,1,D,0,0,D,D Brown,2,3,0,0,2.05,3.4,3.2,2.05,3.4,3.4,1.91,3.5,3.3,2.05,3.4,3.25,1.93,3.3,3.25,1.95,3.4,3.25,1.95,3.4,3.25,2.1,3.5,3.28,2.1,3.5,3.4,2.0,3.4,3.28,1.96,3.2,2.96,1.8,2.0,1.83,1.98,1.8,2.04,1.73,1.99,1.71,1.84,-0.25,1.8,2.0,1.84,1.99,1.8,2.0,1.76,1.94,1.69,1.82,1.95,3.5,3.3,2.05,3.4,3.4,1.93,3.5,3.25,2.0,3.4,3.3,1.95,3.3,3.2,1.95,3.4,3.2,1.95,3.4,3.2,2.0,3.63,3.64,2.05,3.5,3.5,1.97,3.43,3.3,2.02,3.9,3.85,1.8,2.0,1.83,2.02,1.8,2.04,1.73,1.99,1.83,2.08,-0.5,1.98,1.83,2.0,1.85,2.0,1.83,1.95,1.76,2.02,1.95,1135.59,1066.62
EC,27/09/2025,12:30,Boreham Wood,Woking,1,0,H,1,0,H,R Eley,0,1,0,0,1.67,3.7,4.2,1.7,3.75,4.5,1.65,3.65,4.35,1.67,3.7,4.4,1.66,3.7,4.1,1.67,3.7,4.0,1.67,3.7,4.0,1.75,3.79,4.49,1.73,3.75,4.5,1.68,3.69,4.29,,,,1.8,2.0,1.84,1.98,1.8,2.05,1.73,1.99,,,-0.75,1.9,1.9,1.98,1.86,1.9,1.9,1.86,1.83,,,1.6,3.75,4.75,1.62,3.75,5.0,1.64,3.7,4.35,1.6,3.75,5.0,1.6,3.7,4.5,1.61,3.7,4.5,1.61,3.7,4.5,1.71,3.92,4.66,1.64,4.2,5.0,1.61,3.78,4.69,1.69,4.2,5.3,1.8,2.0,1.83,2.01,1.8,2.0,1.75,1.96,1.86,2.08,-1.0,2.05,1.75,2.25,1.64,2.05,1.75,2.01,1.7,2.13,1.83,1153.35,1072.57
EC,27/09/2025,15:00,Braintree Town,Gateshead,1,2,A,0,2,A,D Brown,0,2,0,0,2.15,3.4,3.1,2.15,3.4,3.1,2.1,3.5,2.85,2.15,3.5,2.9,2.05,3.4,2.9,2.05,3.4,2.9,2.05,3.4,2.9,2.21,3.54,3.01,2.22,3.5,3.1,2.12,3.44,2.95,2.18,3.45,2.86,1.7,2.1,1.72,2.08,1.7,2.16,1.65,2.11,1.62,1.93,-0.25,1.9,1.9,1.94,1.88,1.9,1.9,1.85,1.84,1.86,1.82,2.1,3.5,3.2,2.1,3.6,3.1,2.12,3.55,2.8,2.05,3.6,3.0,2.0,3.6,2.9,2.0,3.6,2.9,2.0,3.6,2.9,2.05,3.97,3.21,2.12,3.75,3.2,2.06,3.6,2.99,2.12,4.1,3.35,1.57,2.35,1.51,2.57,1.6,2.38,1.57,2.27,1.65,2.42,-0.25,1.8,2.0,1.81,2.05,1.8,2.0,1.77,1.93,1.87,2.09,1070.59,1053.28
EC,27/09/2025,15:00,Carlisle,Rochdale,0,2,A,0,1,A,O Yates,2,2,0,0,2.0,3.3,3.4,2.05,3.4,3.4,2.0,3.45,3.1,2.05,3.4,3.2,1.98,3.3,3.1,2.0,3.4,3.1,2.0,3.4,3.1,2.05,3.53,3.38,2.05,3.6,3.4,2.01,3.39,3.23,2.14,3.7,3.4,1.8,2.0,1.82,1.99,1.8,2.02,1.74,1.98,1.26,1.32,-0.5,2.0,1.8,2.06,1.76,2.0,1.8,1.98,1.73,2.14,1.78,2.05,3.3,3.2,2.1,3.4,3.2,1.98,3.45,3.15,2.1,3.4,3.13,2.05,3.3,3.0,2.05,3.3,3.0,2.05,3.3,3.0,2.18,3.67,3.13,2.12,3.6,3.2,2.06,3.39,3.11,2.24,3.8,3.35,1.8,2.0,1.83,2.01,1.8,2.02,1.75,1.97,1.8,2.12,-0.25,1.8,2.0,1.91,1.94,1.8,2.0,1.8,1.9,1.95,2.03,1131.01,1207.93
EC,27/09/2025,15:00,Halifax,Aldershot,4,2,H,2,1,H,I Searle,3,3,0,0,2.05,3.6,3.0,2.05,3.5,3.25,1.94,3.55,3.2,2.05,3.6,3.0,2.0,3.5,2.95,2.0,3.5,3.0,2.0,3.5,3.0,2.09,3.91,3.0,2.1,4.0,3.25,2.02,3.58,3.08,1.95,3.5,2.84,1.62,2.25,1.57,2.37,1.62,2.28,1.58,2.22,1.61,2.34,-0.25,1.8,2.0,1.86,1.96,1.8,2.0,1.79,1.91,1.71,1.93,1.91,3.7,3.25,1.95,3.6,3.4,1.91,3.6,3.25,1.91,3.6,3.4,1.88,3.6,3.2,1.91,3.6,3.2,1.91,3.6,3.2,1.91,4.1,3.51,2.0,3.8,3.4,1.92,3.64,3.29,2.04,4.0,3.6,1.57,2.35,1.57,2.43,1.58,2.38,1.56,2.28,1.59,2.5,-0.5,1.98,1.83,1.92,1.93,1.98,1.83,1.9,1.79,2.04,1.93,1134.48,1065.96
EC,27/09/2025,15:00,Hartlepool,Tamworth,1,1,D,0,0,D,D Bourne,3,2,0,0,2.0,3.5,3.4,2.05,3.4,3.4,1.83,3.6,3.5,2.0,3.4,3.3,1.95,3.3,3.2,1.95,3.4,3.2,1.95,3.4,3.2,2.0,3.58,3.47,2.05,3.6,3.5,1.95,3.45,3.35,2.02,3.5,3.45,1.8,2.0,1.81,2.0,1.8,2.07,1.73,1.99,1.79,2.0,-0.5,2.03,1.78,2.02,1.81,2.03,1.8,1.97,1.74,2.02,1.8,2.0,3.4,3.4,2.05,3.4,3.4,2.08,3.45,2.95,2.0,3.4,3.3,1.95,3.3,3.2,1.95,3.4,3.2,1.95,3.4,3.2,2.15,3.55,3.29,2.1,3.5,3.5,2.01,3.41,3.24,2.1,3.75,3.6,1.83,1.98,1.84,2.0,1.83,2.02,1.76,1.96,1.85,2.1,-0.5,2.0,1.8,2.15,1.73,2.05,1.8,1.97,1.74,2.09,1.84,1125.35,1129.95
EC,27/09/2025,15:00,Solihull,Brackley Town,1,0,H,0,0,D,N Hair,2,1,0,0,3.1,3.4,2.15,3.0,3.3,2.25,2.7,3.3,2.28,3.0,3.3,2.15,2.9,3.25,2.1,2.9,3.3,2.1,2.9,3.3,2.1,3.22,3.36,2.18,3.14,3.5,2.28,2.94,3.31,2.18,3.15,3.15,2.18,1.88,1.93,1.89,1.91,1.88,1.93,1.83,1.86,1.76,1.92,0.25,1.9,1.9,1.92,1.9,1.9,1.9,1.84,1.85,1.91,1.89,3.1,3.2,2.2,3.2,3.2,2.2,3.15,3.35,2.02,3.1,3.2,2.15,3.0,3.1,2.1,3.0,3.2,2.1,3.0,3.2,2.1,3.39,3.34,2.19,3.25,3.35,2.25,3.12,3.22,2.13,3.2,3.55,2.36,2.1,1.7,2.02,1.83,2.1,1.86,1.98,1.74,2.18,1.79,0.25,1.88,1.93,1.96,1.89,1.88,1.93,1.82,1.88,1.93,2.05,1063.46,1129.43
EC,27/09/2025,15:00,Southend,Scunthorpe,0,2,A,0,0,D,E Swallow,2,2,0,0,1.7,3.75,4.5,1.67,3.75,4.6,1.61,3.7,4.6,1.65,3.75,4.5,1.63,3.6,4.33,1.65,3.6,4.33,1.65,3.6,4.33,1.7,3.78,4.55,1.71,3.8,4.6,1.65,3.7,4.5,1.78,3.95,4.7,1.75,2.05,1.81,2.0,1.76,2.05,1.73,1.98,1.79,2.0,-0.75,1.9,1.9,1.93,1.89,1.9,1.9,1.84,1.85,1.97,1.89,1.7,3.7,4.33,1.7,3.75,4.5,1.58,3.75,4.6,1.73,3.6,4.2,1.66,3.6,4.1,1.67,3.6,4.0,1.67,3.6,4.0,1.7,3.92,4.72,1.78,3.75,4.6,1.68,3.67,4.3,1.86,3.95,4.4,1.8,2.0,1.82,2.03,1.8,2.0,1.74,1.98,1.82,2.04,-0.75,1.98,1.83,1.91,1.94,1.98,1.83,1.92,1.78,2.09,1.83,1176.7,1169.27
EC,27/09/2025,15:00,Sutton,Boston Utd,1,1,D,0,1,A,R Watkins,5,4,0,0,1.95,3.6,3.5,1.95,3.6,3.5,1.86,3.5,3.5,1.9,3.5,3.5,1.9,3.5,3.2,1.91,3.5,3.2,1.91,3.5,3.2,1.92,4.02,3.36,2.0,3.8,3.5,1.91,3.55,3.39,1.82,3.8,3.05,1.7,2.1,1.68,2.14,1.71,2.15,1.68,2.06,1.62,1.99,-0.5,1.98,1.83,1.93,1.88,1.98,1.83,1.9,1.79,1.82,1.75,2.05,3.4,3.4,2.05,3.4,3.4,1.86,3.5,3.5,1.95,3.4,3.5,1.98,3.3,3.2,2.0,3.3,3.2,2.0,3.3,3.2,2.0,3.82,3.47,2.08,3.6,3.5,1.98,3.4,3.37,2.14,3.65,3.6,1.9,1.9,1.77,2.07,1.9,1.97,1.81,1.89,1.87,2.04,-0.5,2.05,1.75,2.0,1.85,2.05,1.77,1.97,1.75,2.14,1.84,1041.0,1086.91
EC,27/09/2025,15:00,Truro,Morecambe,5,0,H,1,0,H,A Bannister,1,1,0,1,2.3,3.25,2.9,2.3,3.4,2.88,2.15,3.45,2.8,2.25,3.5,2.75,2.2,3.4,2.7,2.2,3.4,2.7,2.2,3.4,2.7,2.25,3.73,2.83,2.3,3.75,2.9,2.23,3.45,2.78,2.28,4.0,2.82,1.7,2.1,1.68,2.14,1.7,2.15,1.65,2.1,1.68,2.24,-0.25,2.0,1.8,1.99,1.83,2.0,1.8,1.94,1.76,2.02,1.89,2.15,3.4,3.1,2.15,3.5,2.88,2.15,3.4,2.85,2.15,3.5,2.88,2.1,3.5,2.8,2.1,3.5,2.8,2.1,3.5,2.8,2.13,3.98,3.03,2.16,3.8,3.1,2.14,3.5,2.88,2.3,3.95,2.98,1.62,2.25,1.68,2.21,1.64,2.25,1.6,2.2,1.61,2.56,-0.25,1.9,1.9,1.91,1.94,1.9,1.9,1.86,1.83,2.02,1.92,1042.9,980.03
EC,27/09/2025,15:00,Wealdstone,Eastleigh,0,0,D,0,0,D,A Jackson,3,2,0,1,2.1,3.4,3.1,2.15,3.4,3.1,1.98,3.4,3.2,2.15,3.4,3.0,2.05,3.4,2.9,2.05,3.4,2.9,2.05,3.4,2.9,2.19,3.61,3.0,2.16,3.5,3.2,2.09,3.4,3.05,2.2,3.5,3.0,1.7,2.1,1.76,2.05,1.75,2.1,1.71,2.02,1.65,1.9,-0.25,1.9,1.9,1.93,1.88,1.9,1.9,1.84,1.85,1.92,1.87,2.2,3.4,2.9,2.2,3.4,3.0,2.18,3.3,2.8,2.2,3.4,2.88,2.1,3.4,2.8,2.15,3.4,2.8,2.15,3.4,2.8,2.23,3.7,3.03,2.3,3.66,3.0,2.2,3.4,2.84,2.36,3.8,3.05,1.73,2.08,1.77,2.07,1.75,2.08,1.73,1.99,1.76,2.14,-0.25,1.98,1.83,1.95,1.9,1.98,1.83,1.93,1.78,2.07,1.9,1072.26,1082.43
EC,27/09/2025,15:00,Yeovil,Altrincham,1,0,H,1,0,H,W Cartmel,2,2,0,0,2.75,3.2,2.4,2.75,3.4,2.38,2.38,3.4,2.5,2.63,3.5,2.3,2.6,3.4,2.25,2.6,3.4,2.25,2.6,3.4,2.25,2.74,3.62,2.36,2.75,3.6,2.5,2.61,3.41,2.36,2.74,3.6,2.36,1.67,2.15,1.67,2.16,1.67,2.15,1.65,2.1,1.67,2.18,0.0,2.03,1.78,2.07,1.77,2.03,1.78,1.99,1.73,2.03,1.77,2.45,3.2,2.7,2.5,3.4,2.63,2.35,3.4,2.55,2.38,3.4,2.63,2.37,3.4,2.45,2.37,3.4,2.5,2.37,3.4,2.5,2.79,3.63,2.4,2.5,3.6,2.8,2.38,3.4,2.61,2.42,3.75,3.0,1.73,2.08,1.73,2.13,1.73,2.1,1.68,2.07,1.79,2.16,0.0,1.78,2.03,2.06,1.81,1.8,2.03,1.74,1.97,1.79,2.25,1051.43,1069.18
EC,27/09/2025,17:30,Forest Green,York,1,1,D,1,1,D,M Woods,1,1,0,0,2.3,3.25,2.75,2.4,3.25,2.8,2.38,3.35,2.55,2.3,3.3,2.8,2.3,3.25,2.65,2.3,3.25,2.7,2.3,3.25,2.7,2.37,3.34,2.9,2.4,3.35,2.88,2.34,3.28,2.72,2.36,3.4,2.82,1.83,1.98,1.82,1.99,1.83,1.98,1.8,1.9,1.3,1.85,0.0,1.7,2.1,1.72,2.12,1.75,2.1,1.69,2.03,1.75,2.06,2.25,3.3,2.8,2.3,3.3,2.88,2.35,3.3,2.6,2.25,3.4,2.8,2.2,3.25,2.7,2.25,3.3,2.75,2.25,3.3,2.75,2.29,3.53,3.02,2.35,3.4,3.0,2.28,3.32,2.77,2.38,3.55,3.0,1.8,2.0,1.79,2.05,1.8,2.0,1.78,1.94,1.81,2.1,-0.25,2.0,1.8,2.0,1.86,2.0,1.8,1.96,1.74,2.09,1.9,1229.94,1253.69
EC,30/09/2025,19:45,Aldershot,Braintree Town,1,1,D,0,0,D,C Brook,0,1,0,1,1.8,3.9,3.7,1.8,3.75,4.0,1.79,3.6,3.65,1.75,3.75,3.8,1.73,3.7,3.7,1.75,3.7,3.7,1.75,3.7,3.7,1.79,4.3,3.72,1.8,4.2,4.0,1.78,3.76,3.72,1.83,4.3,4.1,1.57,2.35,1.58,2.36,1.6,2.35,1.58,2.24,1.61,2.44,-0.5,1.8,2.0,1.79,2.04,1.8,2.0,1.77,1.93,1.83,2.12,1.75,3.9,3.8,1.8,3.75,4.0,1.81,3.6,3.6,1.75,3.75,3.9,1.73,3.7,3.7,1.75,3.7,3.7,1.75,3.7,3.7,1.8,4.36,3.72,1.81,4.2,4.0,1.78,3.76,3.72,1.89,4.4,3.85,1.57,2.35,1.56,2.43,1.6,2.38,1.57,2.27,1.58,2.52,-0.75,2.0,1.8,2.05,1.81,2.0,1.8,1.95,1.75,2.14,1.84,1059.09,1054.02
EC,30/09/2025,19:45,Boreham Wood,Southend,1,1,D,0,0,D,A Chilowicz,4,2,0,0,2.4,3.4,2.55,2.5,3.3,2.63,2.55,3.2,2.43,2.5,3.3,2.55,2.37,3.25,2.55,2.37,3.25,2.5,2.37,3.25,2.5,2.87,3.42,2.41,2.55,3.6,2.7,2.46,3.3,2.54,2.68,3.65,2.72,1.8,2.0,2.01,1.81,1.82,2.0,1.79,1.91,1.88,2.08,0.0,1.83,1.98,2.1,1.75,1.83,1.98,1.81,1.89,1.96,1.99,2.35,3.4,2.63,2.4,3.3,2.75,2.55,3.2,2.43,2.6,3.25,2.5,2.37,3.25,2.55,2.37,3.25,2.5,2.37,3.25,2.5,2.45,3.59,2.75,2.6,3.6,2.75,2.45,3.28,2.56,2.52,3.65,2.9,1.8,2.0,1.83,2.01,1.87,2.0,1.81,1.89,1.85,2.1,0.0,1.78,2.03,1.82,2.05,1.87,2.03,1.82,1.89,1.87,2.13,1159.88,1160.45
EC,30/09/2025,19:45,Morecambe,Gateshead,2,5,A,1,4,A,D Baines,1,1,0,0,2.45,3.5,2.45,2.5,3.6,2.5,2.48,3.6,2.32,2.4,3.7,2.45,2.37,3.5,2.37,2.37,3.6,2.4,2.37,3.6,2.4,2.53,3.82,2.51,2.5,3.8,2.5,2.44,3.6,2.42,2.52,4.0,2.5,1.44,2.7,1.45,2.7,1.46,2.7,1.44,2.59,1.48,2.88,0.0,1.9,1.9,1.93,1.91,1.9,1.9,1.84,1.86,1.94,1.94,2.25,3.5,2.7,2.4,3.6,2.6,2.5,3.6,2.32,2.3,3.7,2.55,2.3,3.6,2.45,2.37,3.6,2.4,2.37,3.6,2.4,2.54,3.89,2.51,2.5,3.8,2.7,2.37,3.63,2.49,2.38,4.1,2.84,1.44,2.7,1.43,2.79,1.47,2.7,1.44,2.59,1.45,2.96,0.0,1.73,2.08,1.93,1.92,1.8,2.08,1.76,1.95,1.79,2.19,973.0,1069.85
EC,30/09/2025,19:45,Solihull,Woking,0,3,A,0,0,D,A Farmer,2,2,0,0,2.45,3.2,2.7,2.3,3.3,2.88,2.08,3.35,3.0,2.25,3.3,2.88,2.3,3.2,2.65,2.3,3.2,2.7,2.3,3.2,2.7,1.92,3.9,3.58,2.45,3.6,3.0,2.26,3.31,2.82,2.4,3.65,2.9,1.9,1.9,1.88,1.94,1.9,1.9,1.84,1.86,1.91,1.96,0.0,1.8,2.0,1.46,2.74,1.8,2.09,1.71,2.02,1.77,2.11,2.4,3.2,2.75,2.4,3.25,2.8,2.38,3.25,2.6,2.25,3.3,2.9,2.37,3.2,2.55,2.4,3.2,2.6,2.4,3.2,2.6,2.54,3.59,2.65,2.42,3.6,2.9,2.37,3.27,2.69,2.54,3.7,2.9,1.9,1.9,1.91,1.93,1.9,1.9,1.85,1.85,1.93,2.04,0.0,1.8,2.0,1.88,1.96,1.8,2.13,1.71,2.03,1.86,2.12,1074.74,1066.04
EC,30/09/2025,19:45,Sutton,Yeovil,1,2,A,0,0,D,D Rock,2,2,0,0,2.35,3.25,2.8,2.38,3.2,2.88,2.23,3.3,2.8,2.3,3.25,2.8,2.3,3.2,2.7,2.3,3.2,2.7,2.3,3.2,2.7,2.5,3.36,2.81,2.45,3.33,2.88,2.33,3.24,2.78,2.5,3.3,2.84,1.98,1.83,1.99,1.83,1.98,1.83,1.91,1.8,2.0,1.89,0.0,1.73,2.08,1.81,2.04,1.75,2.08,1.71,2.02,1.81,2.06,2.35,3.25,2.8,2.38,3.2,2.88,2.23,3.3,2.8,2.3,3.25,2.8,2.3,3.2,2.7,2.3,3.2,2.7,2.3,3.2,2.7,2.5,3.39,2.81,2.38,3.33,3.0,2.31,3.25,2.8,2.56,3.45,3.05,1.95,1.85,1.99,1.85,1.95,1.85,1.91,1.8,2.0,1.98,0.0,1.7,2.1,1.82,2.05,1.75,2.1,1.68,2.05,1.83,2.2,1039.07,1061.02
EC,30/09/2025,19:45,Truro,Eastleigh,0,2,A,0,2,A,A Humphries,2,3,0,0,2.15,3.2,3.1,2.3,3.1,3.1,2.23,3.15,2.88,2.25,3.13,3.0,2.2,3.0,3.0,2.2,3.0,3.0,2.2,3.0,3.0,2.86,3.27,2.51,2.3,3.2,3.33,2.23,3.07,3.05,2.28,3.15,3.45,2.35,1.57,1.98,1.84,2.35,1.63,2.19,1.6,2.36,1.67,-0.25,1.9,1.9,2.45,1.56,1.92,1.9,1.89,1.81,1.95,1.92,2.1,3.3,3.2,2.15,3.2,3.3,2.25,3.15,2.88,2.3,3.2,2.88,2.05,3.1,3.1,2.1,3.1,3.2,2.1,3.1,3.2,2.25,3.23,3.37,2.3,3.3,3.4,2.17,3.15,3.14,2.28,3.35,3.7,2.15,1.67,2.12,1.74,2.15,1.75,2.06,1.68,2.22,1.77,-0.25,1.83,1.98,1.93,1.92,1.95,1.98,1.87,1.83,1.94,2.04,1049.93,1085.59
EC,01/10/2025,19:45,Altrincham,Tamworth,1,2,A,0,0,D,H Blair,1,3,0,0,1.91,3.5,3.5,1.95,3.5,3.5,1.88,3.55,3.25,1.91,3.6,3.4,1.93,3.5,3.1,1.95,3.5,3.1,1.95,3.5,3.1,1.96,3.71,3.45,1.95,3.66,3.5,1.93,3.53,3.32,1.97,3.65,3.45,1.67,2.15,1.67,2.17,1.67,2.15,1.65,2.11,1.68,2.18,-0.5,1.95,1.85,1.97,1.83,1.95,1.85,1.89,1.79,1.97,1.84,2.0,3.5,3.3,2.05,3.5,3.25,1.94,3.5,3.25,2.0,3.5,3.2,1.98,3.4,3.0,2.0,3.5,3.1,2.0,3.5,3.1,2.11,3.89,3.12,2.05,3.66,3.3,2.0,3.51,3.19,2.16,4.1,3.3,1.7,2.1,1.69,2.2,1.7,2.15,1.67,2.08,1.73,2.26,-0.25,1.75,2.05,1.87,1.99,1.75,2.05,1.74,1.96,1.9,2.07,1059.59,1133.3
EC,01/10/2025,19:45,Boston Utd,Forest Green,0,0,D,0,0,D,W Davis,1,0,0,0,5.0,3.8,1.6,5.5,3.75,1.6,4.4,3.7,1.63,5.0,3.7,1.6,4.6,3.8,1.57,4.6,3.8,1.57,4.6,3.8,1.57,5.28,3.86,1.6,5.5,3.8,1.63,4.81,3.75,1.6,5.4,3.9,1.61,1.85,1.95,1.87,1.92,1.85,1.95,1.78,1.93,1.86,1.93,0.75,2.05,1.75,2.03,1.79,2.05,1.75,1.97,1.73,2.03,1.78,5.75,3.9,1.53,6.0,3.75,1.53,5.5,3.85,1.5,5.5,3.8,1.53,5.25,3.8,1.51,5.0,3.8,1.53,5.0,3.8,1.53,6.1,4.03,1.55,6.0,4.0,1.55,5.53,3.84,1.52,6.6,4.3,1.61,1.95,1.85,1.93,1.9,1.95,1.91,1.84,1.85,1.94,2.0,1.0,1.85,1.95,1.88,1.97,1.85,1.95,1.8,1.9,1.91,2.02,1088.84,1227.24
EC,01/10/2025,19:45,Brackley Town,Wealdstone,0,2,A,0,1,A,R Martin,3,1,0,0,1.85,3.5,3.8,1.95,3.3,3.75,1.92,3.4,3.4,1.83,3.4,3.9,1.83,3.3,3.6,1.85,3.3,3.6,1.85,3.3,3.6,1.89,3.54,3.88,1.95,3.6,3.9,1.88,3.38,3.67,1.91,3.4,3.65,2.03,1.78,2.09,1.72,2.05,1.81,1.94,1.77,2.06,1.76,-0.5,1.88,1.93,1.9,1.9,1.9,1.93,1.84,1.85,1.91,1.89,1.83,3.4,3.9,1.83,3.3,4.2,1.71,3.6,4.0,1.83,3.4,3.9,1.78,3.3,3.9,1.8,3.3,3.9,1.8,3.3,3.9,1.8,3.69,4.39,1.85,3.66,4.25,1.8,3.42,3.99,1.89,3.95,4.5,2.08,1.73,2.07,1.78,2.08,1.87,1.96,1.76,2.1,1.84,-0.5,1.85,1.95,1.81,2.06,1.85,1.95,1.8,1.9,1.89,2.11,1118.15,1069.1
EC,01/10/2025,19:45,Carlisle,Hartlepool,3,1,H,1,0,H,S Mather,0,0,0,0,1.73,3.75,4.0,1.8,3.6,4.2,1.82,3.55,3.55,1.73,3.7,4.1,1.72,3.6,3.8,1.73,3.6,3.8,1.73,3.6,3.8,1.76,3.93,4.02,1.82,4.0,4.2,1.76,3.65,3.9,1.77,3.75,4.3,1.73,2.08,1.77,2.02,1.75,2.12,1.7,2.04,1.77,2.04,-0.75,1.98,1.83,2.0,1.81,1.98,1.83,1.92,1.78,2.0,1.81,1.67,3.8,4.2,1.8,3.6,4.2,1.66,3.75,4.1,1.7,3.7,4.2,1.68,3.6,4.0,1.67,3.6,4.0,1.67,3.6,4.0,1.76,4.09,4.18,1.8,4.2,4.33,1.69,3.72,4.15,1.75,4.2,4.9,1.75,2.05,1.77,2.07,1.75,2.18,1.69,2.04,1.79,2.2,-0.75,1.9,1.9,1.98,1.87,1.9,1.9,1.86,1.84,1.94,1.99,1117.68,1122.0
EC,01/10/2025,19:45,Rochdale,Halifax,1,2,A,0,1,A,S Oldham,4,3,0,0,1.55,3.8,5.25,1.6,3.75,5.5,1.61,3.7,4.5,1.55,3.9,5.25,1.55,3.9,4.75,1.55,3.9,4.6,1.55,3.9,4.6,1.59,3.95,5.22,1.61,4.0,5.5,1.58,3.82,4.93,1.6,3.95,5.5,1.8,2.0,1.86,1.93,1.81,2.0,1.74,1.97,1.82,1.99,-1.0,2.0,1.8,2.05,1.75,2.0,1.8,1.97,1.74,2.03,1.75,1.6,3.75,5.0,1.6,3.75,5.5,1.62,3.7,4.5,1.6,3.8,4.8,1.57,3.9,4.6,1.57,3.9,4.5,1.57,3.9,4.5,1.61,4.16,5.15,1.62,4.2,5.5,1.59,3.82,4.8,1.61,4.5,5.8,1.75,2.05,1.73,2.13,1.75,2.05,1.71,2.01,1.79,2.2,-1.0,2.05,1.75,2.08,1.79,2.05,1.77,2.0,1.72,2.11,1.85,1221.26,1141.35
EC,01/10/2025,19:45,York,Scunthorpe,1,3,A,0,1,A,S Stockbridge,2,2,0,0,1.55,4.1,5.0,1.53,4.0,5.5,1.41,4.35,5.8,1.53,4.0,5.25,1.53,3.9,4.75,1.53,3.9,4.6,1.53,3.9,4.6,1.57,4.14,5.09,1.57,4.35,5.8,1.51,4.06,5.22,1.58,4.1,5.3,1.7,2.1,1.69,2.13,1.7,2.28,1.63,2.14,1.7,2.14,-1.0,1.98,1.83,2.0,1.81,1.98,1.83,1.9,1.8,1.96,1.81,1.57,4.0,4.75,1.53,4.0,5.5,1.55,3.8,4.9,1.53,3.9,5.25,1.53,3.9,4.75,1.53,3.9,4.6,1.53,3.9,4.6,1.59,4.23,5.27,1.6,4.2,5.5,1.55,3.91,4.98,1.65,4.5,5.3,1.73,2.08,1.71,2.16,1.73,2.1,1.68,2.07,1.72,2.28,-1.0,2.0,1.8,2.01,1.85,2.0,1.8,1.93,1.77,2.08,1.83,1256.39,1185.52
EC,04/10/2025,12:30,Gateshead,Boston Utd,1,3,A,1,1,D,G Rhodes,1,1,0,0,2.05,3.5,3.0,2.1,3.5,3.1,1.91,3.55,3.25,2.05,3.5,3.1,2.0,3.6,2.95,2.0,3.6,2.9,2.0,3.6,2.9,2.15,3.76,2.98,2.16,3.66,3.25,2.03,3.55,3.06,2.22,3.5,3.1,1.73,2.08,1.68,2.16,1.73,2.14,1.67,2.07,1.78,2.04,-0.25,1.85,1.95,1.9,1.92,1.85,1.95,1.81,1.89,1.93,1.9,2.3,3.4,2.7,2.4,3.4,2.63,2.14,3.45,2.8,2.25,3.4,2.8,2.15,3.5,2.65,2.2,3.5,2.7,2.1,3.5,2.8,2.45,3.68,2.71,2.4,3.6,2.8,2.24,3.46,2.74,2.6,3.65,2.72,1.75,2.05,1.78,2.06,1.75,2.08,1.7,2.02,1.79,2.12,0.0,1.75,2.05,1.83,2.03,1.75,2.07,1.68,2.05,1.91,2.01,1082.46,1090.22
EC,04/10/2025,12:30,Hartlepool,York,1,2,A,0,1,A,D Baines,2,0,0,0,3.4,3.7,1.91,3.4,3.5,2.0,3.5,3.45,1.86,3.4,3.5,1.95,3.2,3.5,1.9,3.2,3.5,1.91,3.2,3.5,1.91,3.56,3.7,1.93,3.6,3.75,2.0,3.39,3.52,1.92,3.65,3.3,1.92,1.7,2.1,1.71,2.12,1.78,2.1,1.73,1.99,1.72,2.1,0.5,1.85,1.95,1.87,1.95,1.85,1.95,1.79,1.92,1.87,1.92,3.6,4.1,1.75,3.75,3.75,1.83,3.5,3.8,1.78,3.75,3.9,1.75,3.4,3.8,1.77,3.4,3.8,1.75,3.4,3.8,1.75,3.99,3.89,1.83,3.9,4.1,1.83,3.6,3.84,1.78,4.0,4.3,1.87,1.48,2.6,1.52,2.56,1.5,2.6,1.48,2.47,1.54,2.72,0.5,2.03,1.78,2.02,1.84,2.03,1.82,1.94,1.76,2.11,1.87,1112.86,1238.19
EC,04/10/2025,15:00,Braintree Town,Sutton,0,0,D,0,0,D,I Searle,1,3,0,0,2.4,3.3,2.7,2.4,3.3,2.75,2.23,3.4,2.7,2.38,3.3,2.7,2.35,3.2,2.6,2.37,3.2,2.62,2.37,3.2,2.62,2.48,3.28,2.79,2.45,3.4,2.75,2.36,3.28,2.69,2.5,3.35,2.74,1.83,1.98,1.85,1.95,1.83,2.0,1.77,1.94,1.84,1.97,0.0,1.78,2.03,1.8,2.03,1.78,2.03,1.75,1.97,1.82,1.98,2.38,3.4,2.7,2.4,3.3,2.75,2.23,3.4,2.7,2.38,3.3,2.7,2.3,3.2,2.65,2.3,3.2,2.62,2.3,3.2,2.62,2.54,3.37,2.78,2.45,3.5,2.75,2.34,3.32,2.7,2.6,3.65,2.88,1.75,2.05,1.85,1.99,1.8,2.05,1.75,1.96,1.83,2.08,0.0,1.78,2.03,1.84,2.02,1.78,2.03,1.74,1.98,1.88,2.09,1057.69,1023.81
EC,04/10/2025,15:00,Eastleigh,Solihull,1,1,D,0,0,D,K Dowle,2,2,0,0,2.0,3.5,3.3,2.05,3.4,3.4,1.98,3.4,3.2,2.05,3.3,3.3,1.95,3.3,3.25,1.95,3.3,3.25,1.95,3.3,3.25,2.05,3.49,3.41,2.05,3.5,3.5,2.0,3.36,3.29,1.95,3.15,3.05,1.9,1.9,1.91,1.89,1.9,1.91,1.83,1.87,1.78,1.77,-0.5,2.0,1.8,2.05,1.76,2.01,1.8,1.98,1.72,1.95,1.71,2.05,3.4,3.2,2.05,3.4,3.4,1.98,3.4,3.2,2.05,3.3,3.3,1.95,3.3,3.25,1.95,3.3,3.25,1.95,3.3,3.25,2.07,3.57,3.47,2.05,3.5,3.5,2.0,3.36,3.29,2.14,3.6,3.65,1.95,1.85,1.9,1.93,1.95,1.91,1.84,1.86,1.89,1.92,-0.25,1.83,1.98,1.81,2.06,1.83,1.98,1.76,1.94,1.85,2.09,1100.38,1058.45
EC,04/10/2025,15:00,Forest Green,Rochdale,0,1,A,0,1,A,T Reeves,2,3,0,0,1.95,3.3,3.5,2.05,3.3,3.4,1.9,3.4,3.45,2.05,3.3,3.3,1.95,3.25,3.3,1.95,3.25,3.3,1.95,3.25,3.3,2.09,3.31,3.5,2.05,3.4,3.6,1.99,3.3,3.38,2.16,3.25,3.15,1.98,1.83,1.99,1.82,1.98,1.93,1.88,1.82,1.31,1.25,-0.5,2.03,1.78,2.1,1.74,2.03,1.78,1.99,1.73,2.16,1.69,2.3,3.3,2.9,2.38,3.2,2.88,2.16,3.2,2.95,2.4,3.25,2.7,2.25,3.2,2.7,2.25,3.2,2.7,2.25,3.2,2.7,2.22,3.3,3.37,2.45,3.3,2.95,2.31,3.21,2.81,2.58,3.25,3.0,1.93,1.88,1.97,1.87,1.93,1.88,1.88,1.82,1.95,1.94,-0.25,2.0,1.8,1.92,1.93,2.04,1.8,2.02,1.7,2.22,1.77,1225.86,1202.81
EC,04/10/2025,15:00,Halifax,Brackley Town,2,0,H,0,0,D,D Watson,0,3,0,0,2.38,3.0,3.0,2.5,3.1,2.75,2.55,3.2,2.43,2.45,3.1,2.75,2.45,3.0,2.65,2.45,3.0,2.62,2.45,3.0,2.62,2.74,3.1,2.65,2.55,3.2,3.0,2.48,3.07,2.7,2.48,3.15,3.0,2.15,1.67,2.11,1.7,2.16,1.79,2.06,1.68,2.2,1.67,0.0,1.7,2.1,1.94,1.88,1.75,2.1,1.71,2.0,1.71,2.11,1.91,3.1,4.0,2.0,3.2,3.75,2.0,3.2,3.35,2.0,3.13,3.6,1.98,3.1,3.4,2.0,3.1,3.4,2.0,3.1,3.4,2.22,3.27,3.41,2.0,3.25,4.0,1.99,3.16,3.6,2.04,3.35,4.3,2.15,1.67,2.22,1.68,2.2,1.67,2.12,1.64,2.18,1.76,-0.5,2.0,1.8,2.19,1.68,2.0,1.8,1.95,1.76,2.05,1.92,1159.8,1100.59
EC,04/10/2025,15:00,Southend,Aldershot,3,0,H,1,0,H,L Sandoe,2,0,0,0,1.4,4.75,6.0,1.4,4.6,7.0,1.41,4.4,5.8,1.4,4.5,6.5,1.4,4.5,5.75,1.4,4.4,5.75,1.4,4.4,5.75,1.45,4.67,5.89,1.41,5.0,7.0,1.4,4.53,6.17,1.47,5.0,6.6,1.5,2.5,1.5,2.53,1.52,2.55,1.49,2.45,1.43,2.4,-1.25,1.88,1.93,2.0,1.83,1.88,1.93,1.83,1.87,1.88,1.9,1.36,5.0,6.25,1.4,4.6,7.0,1.41,4.4,5.8,1.36,4.75,6.5,1.38,4.5,6.0,1.36,4.5,6.0,1.36,4.5,6.0,1.38,5.21,7.15,1.41,5.33,7.0,1.38,4.67,6.29,1.41,5.3,7.6,1.48,2.6,1.47,2.68,1.52,2.6,1.48,2.47,1.5,2.78,-1.25,1.8,2.0,1.83,2.03,1.8,2.0,1.76,1.94,1.76,1.95,1163.93,1055.42
EC,04/10/2025,15:00,Tamworth,Morecambe,1,1,D,0,0,D,P Johnson,1,3,0,0,1.48,4.5,5.25,1.53,4.2,5.5,1.5,4.1,4.8,1.5,4.2,5.25,1.49,4.2,4.8,1.5,4.2,4.8,1.5,4.2,4.8,1.48,4.5,5.59,1.53,4.5,5.5,1.5,4.22,5.08,1.44,4.2,4.9,1.53,2.4,1.55,2.39,1.53,2.45,1.5,2.41,1.44,2.66,-1.0,1.83,1.98,1.81,2.02,1.85,1.98,1.8,1.91,,,1.33,5.25,6.5,1.33,5.0,7.5,1.38,4.6,6.0,1.33,5.0,7.0,1.33,4.8,6.5,1.33,4.8,6.5,1.33,4.8,6.5,1.38,5.09,7.35,1.38,5.33,7.5,1.35,4.9,6.69,1.4,6.2,7.4,1.44,2.7,1.46,2.55,1.44,2.8,1.41,2.67,1.47,2.92,-1.5,1.93,1.88,2.08,1.78,1.95,1.88,1.9,1.8,0.0,0.0,1146.74,960.39
EC,04/10/2025,15:00,Wealdstone,Altrincham,1,1,D,1,1,D,M Scholes,1,2,0,0,2.35,3.5,2.7,2.4,3.4,2.75,2.1,3.5,2.85,2.3,3.5,2.7,2.3,3.3,2.6,2.3,3.3,2.6,2.3,3.3,2.6,2.48,3.46,2.68,2.4,3.6,2.85,2.29,3.43,2.72,2.18,3.3,2.9,1.67,2.15,1.65,2.19,1.67,2.2,1.61,2.17,1.55,2.08,0.0,1.78,2.03,1.83,1.99,1.78,2.03,1.72,2.01,1.64,2.19,2.3,3.5,2.75,2.3,3.4,2.88,2.1,3.5,2.85,2.25,3.5,2.75,2.2,3.4,2.65,2.25,3.4,2.7,2.25,3.4,2.7,2.29,3.62,2.97,2.3,3.6,2.88,2.23,3.47,2.79,2.38,3.75,2.96,1.67,2.15,1.66,2.25,1.67,2.25,1.61,2.18,1.68,2.32,-0.25,2.0,1.8,2.0,1.85,2.0,1.8,1.95,1.75,2.08,1.87,1086.66,1046.15
EC,04/10/2025,15:00,Woking,Truro,2,2,D,1,0,H,C Walchester,2,2,0,0,2.1,3.5,3.1,2.15,3.3,3.25,1.88,3.4,3.5,2.1,3.3,3.2,2.05,3.25,3.0,2.05,3.3,3.0,2.05,3.3,3.0,2.08,3.53,3.31,2.16,3.5,3.5,2.05,3.34,3.21,2.04,3.2,2.98,1.95,1.85,1.96,1.85,1.95,1.86,1.88,1.82,1.82,1.73,-0.25,1.83,1.98,1.82,2.01,1.83,1.98,1.8,1.9,1.76,1.92,2.05,3.4,3.4,2.0,3.25,3.6,1.88,3.4,3.5,2.05,3.2,3.4,1.98,3.2,3.25,2.0,3.25,3.25,2.0,3.25,3.25,2.07,3.59,3.46,2.05,3.45,3.6,1.99,3.29,3.43,2.12,3.4,3.7,2.15,1.67,2.07,1.78,2.15,1.86,1.98,1.75,2.22,1.75,-0.25,1.8,2.0,1.81,2.07,1.8,2.0,1.75,1.96,1.82,2.09,1082.33,1035.14
EC,04/10/2025,15:00,Yeovil,Boreham Wood,0,3,A,0,2,A,N Smith,1,1,0,0,2.9,3.4,2.25,3.0,3.2,2.3,2.8,3.25,2.25,3.0,3.25,2.25,2.87,3.2,2.15,2.87,3.2,2.2,2.87,3.2,2.2,3.05,3.37,2.27,3.0,3.4,2.3,2.92,3.23,2.24,3.2,3.45,2.32,1.98,1.83,1.99,1.81,1.98,1.83,1.91,1.79,1.97,1.82,0.25,1.85,1.95,1.85,1.97,1.85,1.95,1.79,1.91,1.92,2.01,3.0,3.5,2.15,3.1,3.25,2.2,2.8,3.25,2.25,3.1,3.25,2.15,2.95,3.2,2.1,3.0,3.2,2.1,3.0,3.2,2.1,3.1,3.41,2.3,3.14,3.5,2.25,3.01,3.28,2.17,3.5,3.4,2.28,1.95,1.85,2.0,1.84,1.95,1.85,1.9,1.8,1.94,1.96,0.25,1.93,1.88,1.86,2.0,1.93,1.88,1.86,1.84,2.0,1.96,1076.28,1156.4
EC,04/10/2025,17:30,Scunthorpe,Carlisle,0,1,A,0,1,A,G Rollason,4,4,1,0,2.55,3.5,2.45,2.75,3.3,2.4,2.38,3.3,2.55,2.6,3.3,2.45,2.55,3.3,2.35,2.6,3.3,2.37,2.6,3.3,2.37,2.54,3.48,2.6,2.75,3.5,2.6,2.55,3.33,2.46,2.68,3.4,2.72,1.83,1.98,1.85,1.95,1.83,2.05,1.77,1.95,1.81,1.99,0.0,1.98,1.83,1.88,1.93,1.98,1.83,1.89,1.81,1.93,1.97,2.35,3.5,2.7,2.4,3.4,2.75,2.38,3.45,2.48,2.38,3.3,2.7,2.25,3.4,2.6,2.3,3.4,2.6,2.3,3.4,2.6,2.4,3.54,2.85,2.45,3.6,2.8,2.36,3.41,2.63,2.6,3.7,2.7,1.85,1.95,1.86,1.97,1.85,2.08,1.77,1.94,1.84,2.12,0.0,1.78,2.03,1.76,2.1,1.78,2.03,1.75,1.97,1.92,1.97,1203.72,1126.82
EC,07/10/2025,19:45,Scunthorpe,Morecambe,3,1,H,2,0,H,J Oldham,1,3,0,0,1.3,5.25,7.0,1.3,5.0,8.5,1.32,5.0,6.75,1.3,5.0,8.0,1.32,4.8,6.75,1.33,4.8,6.5,1.33,4.8,6.5,1.34,5.3,7.98,1.33,5.6,9.0,1.31,5.07,7.47,1.36,5.8,10.0,1.44,2.7,1.49,2.6,1.48,2.7,1.43,2.6,1.47,2.96,-1.5,1.9,1.9,1.97,1.88,1.9,1.9,1.85,1.85,1.96,1.97,1.33,5.25,6.5,1.3,5.0,8.5,1.25,5.4,8.0,1.3,5.25,7.5,1.3,5.25,6.75,1.3,5.25,6.5,1.3,5.25,6.5,1.28,5.74,9.45,1.35,5.4,9.0,1.3,5.15,7.45,1.37,5.3,11.5,1.4,2.88,1.4,2.9,1.4,3.0,1.37,2.86,1.44,3.15,-1.5,1.93,1.88,1.78,2.05,1.93,1.9,1.85,1.85,1.96,1.96,1185.35,968.86
EC,18/10/2025,12:30,Solihull,Braintree Town,2,0,H,1,0,H,R Eley,3,3,0,0,2.15,3.4,3.0,2.1,3.4,3.2,2.04,3.45,3.0,2.1,3.4,3.1,2.05,3.3,2.9,2.1,3.3,2.9,2.1,3.3,2.9,2.11,3.6,3.17,2.15,3.5,3.2,2.09,3.39,3.04,2.12,3.45,3.2,1.8,2.0,1.81,2.0,1.8,2.0,1.74,1.98,1.7,1.33,-0.25,1.88,1.93,1.85,1.96,1.88,1.93,1.82,1.88,1.83,1.95,2.15,3.4,3.0,2.2,3.3,3.1,2.04,3.45,3.05,2.2,3.3,3.0,2.05,3.3,2.9,2.1,3.3,2.9,2.1,3.3,2.9,2.22,3.64,3.07,2.25,3.5,3.1,2.14,3.36,3.0,2.28,3.6,3.15,1.83,1.98,1.83,2.02,1.83,1.98,1.77,1.94,1.84,2.04,-0.25,1.95,1.85,1.94,1.91,1.95,1.85,1.88,1.81,1.97,1.93,1063.29,1053.1
EC,18/10/2025,15:00,Aldershot,Tamworth,1,2,A,1,1,D,K Dowle,2,3,0,0,2.63,3.4,2.38,2.6,3.5,2.4,2.4,3.45,2.48,2.55,3.5,2.38,2.5,3.3,2.35,2.5,3.4,2.37,2.5,3.4,2.37,2.76,3.62,2.34,2.71,3.66,2.48,2.56,3.47,2.39,2.76,3.75,2.36,1.57,2.35,1.56,2.41,1.61,2.38,1.56,2.26,1.56,2.46,0.0,1.98,1.83,2.08,1.75,1.98,1.83,1.94,1.78,2.04,1.8,2.5,3.4,2.5,2.63,3.4,2.5,2.4,3.4,2.48,2.5,3.5,2.45,2.5,3.3,2.35,2.5,3.4,2.37,2.5,3.4,2.37,2.56,3.65,2.6,2.63,3.6,2.54,2.49,3.44,2.46,2.56,3.7,2.66,1.6,2.3,1.6,2.36,1.63,2.3,1.58,2.24,1.64,2.36,0.0,1.9,1.9,1.91,1.93,1.9,1.9,1.86,1.84,1.9,1.99,1049.63,1138.27
EC,18/10/2025,15:00,Altrincham,Woking,1,3,A,1,2,A,A Miller,2,4,0,0,1.95,3.5,3.4,1.95,3.5,3.5,1.76,3.7,3.7,1.93,3.4,3.5,1.9,3.25,3.4,1.91,3.25,3.4,1.91,3.25,3.4,2.0,3.52,3.54,2.05,3.7,3.7,1.91,3.45,3.49,2.04,3.55,3.6,1.8,2.0,1.81,2.0,1.8,2.1,1.73,1.99,1.69,1.93,-0.5,1.98,1.83,2.02,1.81,1.98,1.83,1.91,1.77,2.04,1.92,1.95,3.5,3.4,1.95,3.5,3.5,1.77,3.7,3.65,1.95,3.4,3.4,1.9,3.25,3.4,1.91,3.25,3.4,1.91,3.25,3.4,2.02,3.56,3.62,2.05,3.7,3.65,1.92,3.46,3.45,2.1,3.65,3.5,1.8,2.0,1.82,2.02,1.8,2.1,1.74,1.99,1.85,2.04,-0.5,2.03,1.78,2.03,1.83,2.03,1.8,1.95,1.74,2.11,1.83,1050.95,1077.33
EC,18/10/2025,15:00,Boreham Wood,Eastleigh,2,0,H,0,0,D,E Swallow,3,3,0,0,1.65,3.6,4.75,1.62,3.75,5.0,1.53,3.85,5.0,1.62,3.7,4.8,1.61,3.5,4.75,1.61,3.5,4.6,1.61,3.5,4.6,1.62,3.88,5.03,1.65,3.85,5.33,1.6,3.7,4.9,1.65,3.85,5.3,1.88,1.93,1.87,1.93,1.88,2.0,1.79,1.91,1.82,1.83,-0.75,1.83,1.98,1.83,2.0,1.83,1.98,1.78,1.92,1.69,1.86,1.5,4.0,5.75,1.67,3.6,5.0,1.53,3.85,5.0,1.45,4.0,6.0,1.51,3.7,5.5,1.5,3.7,5.25,1.5,3.7,5.25,1.69,4.07,4.6,1.67,4.2,6.0,1.53,3.9,5.32,1.6,4.4,5.7,1.83,1.98,1.89,1.94,1.83,2.0,1.78,1.92,1.87,2.06,-1.0,1.85,1.95,2.25,1.67,1.9,1.95,1.84,1.86,2.0,1.9,1169.61,1095.54
EC,18/10/2025,15:00,Boston Utd,Scunthorpe,1,1,D,0,0,D,S Mulhall,2,1,0,0,3.2,3.6,2.05,3.4,3.4,2.05,3.4,3.35,1.93,3.25,3.4,2.05,3.2,3.2,2.0,3.2,3.2,2.0,3.2,3.2,2.0,3.13,3.53,2.15,3.4,3.6,2.16,3.25,3.37,2.03,3.25,3.4,2.16,1.9,1.9,1.9,1.9,1.9,1.94,1.82,1.87,1.88,1.91,0.25,1.98,1.83,1.93,1.89,1.98,1.83,1.91,1.79,1.95,1.76,3.0,3.5,2.15,3.3,3.3,2.1,2.85,3.35,2.16,3.1,3.3,2.1,3.0,3.2,2.1,3.0,3.2,2.1,3.0,3.2,2.1,3.23,3.57,2.17,3.3,3.5,2.22,3.03,3.34,2.13,3.2,3.6,2.3,1.9,1.9,1.95,1.88,1.9,1.95,1.83,1.87,1.96,1.91,0.25,1.93,1.88,1.96,1.89,1.93,1.88,1.85,1.84,1.94,1.98,1105.96,1188.83
EC,18/10/2025,15:00,Brackley Town,Gateshead,0,0,D,0,0,D,E Heaslip,2,2,1,0,1.75,3.75,3.8,1.8,3.6,4.2,1.64,3.85,4.2,1.73,3.7,4.1,1.73,3.5,3.9,1.73,3.5,3.9,1.73,3.5,3.9,1.76,3.96,3.99,1.8,3.9,4.2,1.73,3.7,4.06,1.79,3.9,4.4,1.73,2.08,1.73,2.07,1.73,2.1,1.7,2.04,1.75,2.1,-0.75,1.98,1.83,2.01,1.82,1.98,1.83,1.93,1.78,1.97,1.86,1.9,3.75,3.4,1.95,3.5,3.5,1.89,3.55,3.3,1.91,3.5,3.5,1.9,3.4,3.3,1.95,3.4,3.25,1.95,3.4,3.25,1.84,4.02,3.82,1.95,4.0,3.5,1.92,3.61,3.35,2.0,4.0,3.55,1.67,2.15,1.74,2.1,1.73,2.2,1.68,2.07,1.77,2.18,-0.5,1.93,1.88,1.87,1.99,1.95,1.88,1.88,1.8,2.01,1.94,1093.45,1066.72
EC,18/10/2025,15:00,Morecambe,Southend,0,3,A,0,2,A,P Marsden,3,1,0,0,4.75,4.0,1.55,5.5,4.2,1.53,4.8,4.3,1.49,5.0,4.1,1.53,4.8,3.9,1.53,4.8,3.9,1.53,4.8,3.9,1.53,5.02,4.2,1.57,5.5,4.3,1.58,4.92,4.12,1.53,5.1,4.4,1.59,1.5,2.5,1.51,2.53,1.52,2.6,1.48,2.47,1.52,2.54,1.0,1.85,1.95,1.85,1.98,1.85,1.95,1.81,1.89,1.78,1.84,5.0,4.1,1.53,6.5,4.6,1.4,4.9,4.25,1.49,5.0,4.33,1.5,5.25,4.1,1.46,5.25,4.2,1.48,5.25,4.2,1.48,5.59,4.5,1.53,6.5,4.6,1.53,5.35,4.3,1.48,5.8,4.7,1.56,1.48,2.6,1.49,2.62,1.48,2.63,1.45,2.54,1.53,2.78,1.0,1.95,1.85,2.0,1.85,1.96,1.85,1.92,1.79,2.06,1.84,965.38,1169.72
EC,18/10/2025,15:00,Rochdale,Yeovil,3,0,H,3,0,H,J O'Connor,1,4,0,0,1.38,4.33,7.0,1.36,4.5,7.5,1.42,4.2,6.0,1.36,4.4,7.5,1.39,4.2,6.5,1.4,4.2,6.5,1.4,4.2,6.5,1.39,4.65,7.14,1.42,4.5,7.5,1.39,4.33,6.83,1.39,4.8,8.4,1.73,2.08,1.71,2.11,1.73,2.1,1.69,2.05,1.64,1.9,-1.25,1.9,1.9,1.92,1.9,1.9,1.9,1.85,1.84,1.76,1.8,1.36,4.5,7.0,1.36,4.6,7.5,1.4,4.3,6.1,1.33,4.6,7.5,1.36,4.33,6.75,1.36,4.33,6.5,1.36,4.33,6.5,1.45,4.54,6.71,1.4,4.6,8.0,1.37,4.45,6.97,1.4,5.1,9.0,1.67,2.15,1.75,2.1,1.7,2.15,1.66,2.09,1.72,2.26,-1.25,1.83,1.98,2.06,1.81,1.83,1.98,1.79,1.91,1.95,1.97,1219.56,1063.07
EC,18/10/2025,15:00,Truro,Halifax,2,1,H,0,0,D,A Ajibola,1,1,0,0,3.0,3.4,2.15,3.1,3.2,2.25,2.85,3.2,2.23,3.1,3.25,2.15,2.95,3.2,2.1,3.0,3.25,2.1,3.0,3.25,2.1,3.22,3.37,2.18,3.1,3.5,2.25,2.99,3.27,2.18,2.92,3.2,2.02,1.98,1.83,1.98,1.83,1.98,1.83,1.93,1.78,,,0.25,1.9,1.9,1.93,1.89,1.9,1.9,1.84,1.85,,,2.9,3.4,2.2,3.1,3.25,2.2,3.05,3.25,2.08,3.1,3.25,2.15,2.95,3.2,2.1,3.0,3.25,2.1,3.0,3.25,2.1,3.39,3.43,2.15,3.2,3.5,2.22,3.05,3.28,2.14,3.35,3.5,2.24,1.98,1.83,2.0,1.85,1.98,1.83,1.92,1.78,0.0,0.0,0.25,1.88,1.93,1.99,1.87,1.88,1.93,1.84,1.86,0.0,0.0,1040.14,1166.94
EC,18/10/2025,15:00,York,Wealdstone,4,0,H,2,0,H,C Walchester,1,1,0,0,1.36,5.0,6.5,1.33,5.0,7.5,1.29,5.0,7.5,1.33,4.8,7.5,1.35,4.6,6.5,1.35,4.6,6.5,1.35,4.6,6.5,1.33,5.23,7.45,1.38,5.33,7.5,1.33,4.91,7.06,1.36,5.2,6.8,1.5,2.5,1.46,2.62,1.5,2.55,1.46,2.51,1.39,2.56,-1.5,2.0,1.8,2.01,1.82,2.0,1.8,1.92,1.77,1.88,1.7,1.3,5.5,7.5,1.33,5.0,7.5,1.29,5.1,7.5,1.29,5.25,8.0,1.3,5.0,7.5,1.3,4.8,7.5,1.3,4.8,7.5,1.34,5.43,7.7,1.33,5.66,8.0,1.3,5.18,7.63,1.34,6.2,8.8,1.44,2.7,1.43,2.81,1.44,2.75,1.42,2.65,1.45,2.96,-1.5,1.83,1.98,1.99,1.87,1.85,1.98,1.8,1.89,1.9,2.01,1249.78,1081.86
EC,18/10/2025,17:30,Carlisle,Forest Green,4,2,H,2,1,H,J Oldham,4,3,0,1,2.5,3.25,2.7,2.5,3.2,2.75,2.38,3.35,2.55,2.45,3.25,2.63,2.3,3.2,2.65,2.3,3.2,2.62,2.3,3.2,2.62,2.49,3.42,2.7,2.54,3.35,2.75,2.43,3.24,2.64,2.5,3.35,2.64,1.95,1.85,1.93,1.88,1.95,1.98,1.86,1.85,1.91,1.88,0.0,1.83,1.98,1.83,1.99,1.83,1.98,1.78,1.93,1.79,1.95,2.3,3.25,2.88,2.5,3.2,2.75,2.35,3.4,2.55,2.3,3.3,2.8,2.35,3.1,2.6,2.37,3.2,2.62,2.37,3.2,2.62,2.42,3.42,2.91,2.5,3.4,2.9,2.36,3.27,2.73,2.4,3.45,3.15,1.9,1.9,1.93,1.9,1.91,2.0,1.84,1.87,1.93,2.0,0.0,1.7,2.1,1.75,2.12,1.75,2.1,1.69,2.04,1.74,2.29,1145.19,1209.11
EC,18/10/2025,17:30,Sutton,Hartlepool,3,3,D,1,0,H,R Massey-Ellis,3,2,0,0,2.55,3.5,2.38,2.63,3.4,2.5,2.65,3.45,2.25,2.6,3.4,2.4,2.5,3.25,2.4,2.5,3.3,2.4,2.5,3.3,2.4,2.79,3.45,2.39,2.75,3.5,2.5,2.61,3.39,2.37,2.7,3.2,2.42,1.73,2.08,1.73,2.09,1.73,2.12,1.68,2.07,1.72,2.1,0.0,2.0,1.8,2.07,1.77,2.0,1.8,1.95,1.76,1.97,1.79,2.4,3.75,2.4,2.5,3.6,2.5,2.65,3.45,2.25,2.5,3.5,2.45,2.45,3.4,2.37,2.45,3.4,2.4,2.45,3.4,2.4,2.53,3.75,2.57,2.65,3.75,2.5,2.51,3.51,2.4,2.58,3.75,2.76,1.57,2.35,1.59,2.38,1.61,2.35,1.58,2.23,1.62,2.46,0.0,1.9,1.9,1.91,1.94,1.91,1.9,1.86,1.84,1.92,2.04,1028.4,1101.27
