Div,Date,HomeTeam,AwayTeam,FTHG,FTAG,FTR,HTHG,HTAG,HTR,B365H,B365D,B365A,BWH,BWD,BWA,GBH,GBD,GBA,IWH,IWD,IWA,LBH,LBD,LBA,SBH,SBD,SBA,WHH,WHD,WHA,SJH,SJD,SJA,VCH,VCD,VCA,BSH,BSD,BSA,Bb1X2,BbMxH,BbAvH,BbMxD,BbAvD,BbMxA,BbAvA,BbOU,BbMx>2.5,BbAv>2.5,BbMx<2.5,BbAv<2.5,BbAH,BbAHh,BbMxAHH,BbAvAHH,BbMxAHA,BbAvAHA,Unnamed: 58,Unnamed: 59,Unnamed: 60,EloHome,EloAway
G1,27/08/10,Panathinaikos,Xanthi,1,1,D,1,0,H,1.29,5.0,12.0,1.25,5.0,12.5,1.25,5.0,10.0,1.25,5.0,10.0,1.22,5.0,10.0,1.25,5.2,15.0,1.25,5.0,11.0,1.25,5.0,10.0,1.25,5.0,12.0,1.2,5.5,10.0,25,1.3,1.25,5.71,5.1,15.0,10.88,21,2.06,1.95,1.86,1.81,10.0,-1.5,2.01,1.95,1.96,1.92,,,,1746.91,1480.9
G1,28/08/10,Iraklis,Olympiakos,2,1,H,0,0,D,7.5,4.2,1.44,7.0,4.1,1.44,6.5,3.75,1.48,5.7,3.8,1.5,6.5,3.6,1.44,8.0,4.0,1.45,8.0,4.0,1.4,7.0,3.75,1.44,7.0,4.0,1.44,6.5,3.75,1.44,24,8.5,7.24,4.42,3.92,1.5,1.44,13,2.25,2.13,1.73,1.64,9.0,1.0,2.18,2.14,1.79,1.76,,,,1489.13,1746.74
G1,28/08/10,Larisa,Atromitos,1,0,H,0,0,D,2.05,3.2,3.75,1.85,3.15,4.1,1.9,3.1,4.0,1.8,3.2,4.2,2.1,3.2,3.0,2.1,3.2,3.4,1.9,3.1,4.1,1.91,3.25,3.7,2.0,3.0,4.0,1.95,3.2,3.5,22,2.15,1.99,3.29,3.13,4.33,3.77,12,2.5,2.38,1.57,1.51,9.0,-0.5,2.14,2.07,1.85,1.78,,,,1546.44,1467.61
G1,28/08/10,Panionios,Olympiakos Volou,0,1,A,0,0,D,1.73,3.4,5.25,1.67,3.4,5.25,1.65,3.3,5.25,1.65,3.3,4.8,1.62,3.25,5.0,1.8,3.4,4.3,1.65,3.3,5.5,1.67,3.5,4.5,1.73,3.3,5.0,1.73,3.3,4.33,22,1.83,1.72,3.55,3.34,5.5,4.86,12,2.3,2.18,1.68,1.61,9.0,-0.75,2.13,2.09,1.82,1.8,,,,1505.2,1400.0
G1,29/08/10,Ergotelis,Asteras Tripolis,0,1,A,0,1,A,2.3,3.0,3.4,2.2,2.9,3.35,2.25,3.0,3.1,2.2,3.0,3.2,2.1,3.2,3.0,2.15,3.1,3.4,2.2,3.0,3.25,2.25,3.0,3.1,2.25,3.0,3.3,2.2,3.0,3.1,24,2.3,2.21,3.2,3.03,3.72,3.26,14,2.5,2.33,1.57,1.54,9.0,0.0,1.62,1.54,2.46,2.32,,,,1475.16,1463.16
G1,29/08/10,Kavala,Aris,0,1,A,0,1,A,3.0,3.0,2.5,3.05,2.95,2.3,3.0,3.0,2.35,3.0,3.0,2.3,2.6,3.1,2.4,3.1,3.1,2.3,3.1,3.0,2.3,3.0,2.88,2.38,3.0,2.88,2.5,2.62,3.0,2.5,23,3.25,2.92,3.1,2.99,2.62,2.44,13,2.56,2.42,1.55,1.5,9.0,0.25,1.79,1.74,2.2,2.15,,,,1464.77,1581.21
G1,29/08/10,Kerkyra,AEK,2,1,H,1,0,H,7.0,4.0,1.5,7.0,3.5,1.48,7.0,3.75,1.45,5.7,3.8,1.5,6.0,3.5,1.5,6.5,3.8,1.5,7.0,3.6,1.5,7.0,3.75,1.44,7.0,3.8,1.5,6.5,3.75,1.44,23,8.0,6.72,4.05,3.74,1.56,1.49,13,2.15,2.08,1.73,1.67,9.0,1.0,1.95,1.92,2.01,1.96,,,,1400.0,1670.16
G1,29/08/10,PAOK,Panserraikos,3,2,H,1,1,D,1.3,4.75,12.0,1.3,4.5,9.0,1.28,4.75,9.0,1.3,4.8,8.5,1.25,4.5,10.0,1.25,5.0,12.0,1.25,5.0,11.0,1.3,4.5,9.0,1.29,4.6,11.0,1.28,4.5,8.5,17,1.33,1.28,5.5,4.82,13.63,10.25,15,2.2,2.07,1.82,1.74,8.0,-1.5,2.04,2.02,1.89,1.86,,,,1675.85,1395.45
G1,11/09/10,Aris,Panathinaikos,0,1,A,0,1,A,3.25,3.1,2.3,3.1,3.1,2.3,3.0,3.0,2.3,3.1,3.1,2.2,2.88,3.0,2.25,3.4,3.0,2.3,3.1,3.1,2.25,3.0,2.88,2.38,3.12,3.0,2.3,2.9,3.0,2.3,19,3.55,3.17,3.2,3.06,2.38,2.28,14,2.65,2.44,1.55,1.5,10.0,0.0,2.36,2.23,1.67,1.59,,,,1593.12,1737.12
G1,11/09/10,Asteras Tripolis,PAOK,0,0,D,0,0,D,3.75,3.1,2.1,3.7,3.1,2.05,3.6,3.0,2.05,3.4,3.2,2.0,3.2,3.0,2.1,3.8,3.1,2.1,4.0,3.1,1.95,3.5,2.88,2.1,3.8,3.0,2.05,3.3,3.0,2.1,21,4.04,3.68,3.19,3.07,2.12,2.05,15,2.65,2.52,1.57,1.47,11.0,0.0,2.95,2.63,1.5,1.44,,,,1479.56,1678.37
G1,11/09/10,Atromitos,Iraklis,1,1,D,0,0,D,1.91,3.2,4.33,1.88,3.2,4.25,1.9,3.1,4.0,1.9,3.3,3.7,1.91,3.2,3.5,1.9,3.1,4.3,1.8,3.2,4.5,1.8,3.1,4.33,1.91,3.12,4.33,1.91,3.1,3.75,19,1.91,1.84,3.42,3.21,5.0,4.38,14,2.5,2.41,1.55,1.51,9.0,-0.5,1.88,1.84,2.12,2.03,,,,1461.03,1506.94
G1,11/09/10,Olympiakos,Kerkyra,2,0,H,1,0,H,1.17,6.5,19.0,1.16,6.25,17.5,1.2,5.5,12.0,1.17,5.5,14.0,1.17,5.5,12.0,1.12,7.0,19.0,1.17,6.0,15.0,1.14,6.0,17.0,1.18,5.5,19.0,1.2,5.5,10.0,21,1.2,1.17,7.0,6.13,19.0,14.33,20,1.88,1.78,2.1,2.0,9.0,-1.75,2.04,1.99,1.93,1.88,,,,1728.93,1418.18
G1,12/09/10,AEK,Panserraikos,2,0,H,1,0,H,1.33,5.0,9.0,1.25,5.25,11.0,1.33,4.2,9.0,1.3,4.8,8.5,1.29,4.33,8.5,1.22,5.5,12.0,1.33,4.0,11.0,1.25,4.75,11.0,1.3,4.75,11.0,1.33,4.2,8.0,19,1.35,1.3,5.5,4.67,12.0,9.65,20,1.89,1.82,2.02,1.94,10.0,-1.5,2.17,2.11,1.78,1.73,,,,1651.98,1392.93
G1,12/09/10,Larisa,Kavala,0,0,D,0,0,D,1.91,3.2,4.33,1.83,3.2,4.5,1.85,3.1,4.2,1.8,3.3,4.1,1.91,3.0,3.75,1.85,3.2,4.5,1.73,3.2,5.0,1.83,3.1,4.33,1.85,3.0,4.75,1.95,3.0,3.75,16,1.91,1.87,3.22,3.15,4.7,4.32,12,2.65,2.51,1.5,1.48,8.0,0.0,1.4,1.33,3.2,3.01,,,,1553.02,1452.86
G1,12/09/10,Olympiakos Volou,Ergotelis,0,1,A,0,0,D,2.2,3.0,3.6,2.1,3.1,3.5,2.1,3.1,3.3,2.1,3.2,3.2,2.25,3.0,2.88,2.1,3.1,3.5,2.1,3.0,3.5,2.1,2.88,3.5,2.2,3.0,3.4,2.15,3.0,3.2,20,2.25,2.16,3.15,3.06,3.8,3.38,10,2.53,2.38,1.6,1.52,9.0,-0.25,1.91,1.88,2.03,2.0,,,,1419.13,1458.76
G1,12/09/10,Xanthi,Panionios,1,1,D,0,1,A,2.1,3.1,3.75,2.0,3.1,3.9,2.0,3.0,3.75,2.0,3.2,3.4,2.0,3.0,3.4,1.9,3.1,4.3,2.0,3.1,3.75,1.91,3.0,4.0,2.05,3.0,3.8,2.0,3.0,3.6,20,2.12,2.01,3.17,3.07,4.3,3.82,15,2.65,2.53,1.5,1.47,9.0,-0.5,2.13,2.09,1.82,1.78,,,,1490.69,1486.07
G1,18/09/10,Ergotelis,Xanthi,1,0,H,0,0,D,2.1,3.1,3.4,2.1,3.1,3.6,2.1,3.0,3.5,2.0,3.2,3.4,2.1,3.2,3.0,2.15,3.1,3.4,2.0,3.0,3.9,2.0,3.1,3.5,2.1,3.0,3.75,2.1,3.1,3.2,23,2.22,2.1,3.27,3.07,3.75,3.46,14,2.71,2.52,1.55,1.47,9.0,0.0,1.52,1.48,2.55,2.48,,,,1473.41,1487.04
G1,18/09/10,Iraklis,Larisa,1,0,H,1,0,H,2.45,3.1,2.8,2.45,3.0,2.95,2.3,3.0,3.0,2.3,3.1,2.9,2.2,3.2,2.8,2.5,3.1,2.8,2.3,3.0,3.1,2.25,3.0,3.1,2.4,3.0,3.0,2.2,3.1,3.0,20,2.75,2.46,3.1,3.01,3.1,2.86,12,2.6,2.49,1.5,1.48,11.0,0.0,1.94,1.79,2.1,1.99,,,,1508.87,1546.52
G1,18/09/10,Kavala,Panathinaikos,2,2,D,2,1,H,5.5,3.6,1.57,6.75,3.75,1.5,6.0,3.5,1.55,5.6,3.6,1.55,5.0,3.25,1.62,6.0,4.0,1.55,6.5,3.75,1.5,5.5,3.5,1.57,6.0,3.6,1.57,5.0,3.6,1.57,22,6.75,5.89,3.99,3.58,1.6,1.56,14,2.25,2.17,1.67,1.62,8.0,1.0,1.81,1.78,2.14,2.12,,,,1459.36,1748.05
G1,19/09/10,AEK,Asteras Tripolis,2,2,D,0,1,A,1.36,4.33,9.5,1.3,4.6,10.5,1.33,4.2,9.0,1.3,4.8,8.5,1.33,4.33,7.0,1.33,4.3,10.0,1.36,4.0,9.5,1.33,4.33,8.0,1.36,4.0,10.0,1.33,4.2,8.0,22,1.42,1.34,4.6,4.24,11.0,8.91,13,2.15,2.07,1.78,1.68,10.0,-1.25,1.98,1.93,1.98,1.94,,,,1654.79,1483.02
G1,19/09/10,Kerkyra,Atromitos,3,1,H,1,0,H,2.7,3.1,2.7,2.7,3.0,2.65,2.5,3.0,2.75,2.4,3.0,2.9,2.2,3.2,2.8,2.6,3.1,2.7,2.35,3.0,3.0,2.38,3.0,2.88,2.62,2.88,2.88,2.25,3.1,2.9,22,2.83,2.6,3.1,2.99,2.9,2.68,14,2.65,2.53,1.5,1.47,15.0,0.0,2.06,1.94,2.0,1.86,,,,1416.03,1459.1
G1,19/09/10,Panionios,Aris,1,0,H,0,0,D,2.7,3.1,2.7,2.55,2.95,2.85,2.6,2.9,2.7,2.6,3.0,2.6,2.75,3.2,2.25,2.7,2.95,2.7,2.6,2.9,2.8,2.5,2.88,2.8,2.62,3.0,2.75,2.7,2.9,2.5,22,2.75,2.62,3.1,2.97,2.85,2.66,14,2.63,2.53,1.5,1.47,16.0,0.0,1.95,1.87,2.01,1.92,,,,1489.72,1582.19
G1,19/09/10,Panserraikos,Olympiakos,0,1,A,0,1,A,7.0,4.33,1.44,7.5,3.9,1.45,7.0,3.75,1.45,6.5,3.9,1.45,6.5,4.0,1.4,8.0,4.0,1.45,8.0,4.0,1.4,7.0,3.75,1.44,7.0,4.0,1.44,6.5,3.8,1.44,21,8.0,6.91,4.5,3.9,1.51,1.45,13,2.21,2.08,1.73,1.68,9.0,1.0,2.09,2.03,1.88,1.85,,,,1390.12,1731.08
G1,19/09/10,PAOK,Olympiakos Volou,1,1,D,1,1,D,1.36,4.33,9.5,1.35,4.25,9.75,1.33,4.2,9.0,1.35,4.5,7.3,1.33,4.33,7.0,1.35,4.3,9.0,1.33,4.2,10.0,1.36,4.0,8.0,1.36,4.2,10.0,1.33,4.2,8.0,19,1.42,1.36,4.33,4.19,9.75,8.64,11,2.26,2.15,1.75,1.63,9.0,-1.25,1.94,1.91,2.01,1.97,,,,1674.91,1404.48
G1,25/09/10,Atromitos,Panserraikos,2,1,H,2,0,H,1.67,3.5,5.5,1.75,3.25,5.0,1.67,3.3,5.0,1.7,3.4,4.5,1.62,3.25,5.0,1.65,3.4,5.5,1.67,3.4,5.0,1.73,3.25,4.5,1.67,3.4,5.25,1.67,3.4,4.5,24,1.72,1.67,3.72,3.38,6.15,5.15,15,2.47,2.34,1.62,1.54,10.0,-0.75,1.91,1.89,2.04,1.98,,,,1448.63,1385.12
G1,25/09/10,Olympiakos,Asteras Tripolis,3,0,H,1,0,H,1.2,6.0,15.0,1.16,6.0,19.5,1.2,5.5,12.0,1.2,5.5,12.0,1.2,5.0,11.0,1.2,6.0,17.0,1.2,5.5,13.0,1.2,5.5,11.0,1.22,6.0,15.0,1.2,5.5,10.0,23,1.24,1.2,6.0,5.68,19.5,12.78,21,1.81,1.76,2.11,2.0,10.0,-1.75,2.08,2.04,1.89,1.83,,,,1736.08,1491.19
G1,25/09/10,Panathinaikos,Panionios,2,1,H,1,0,H,1.29,5.0,11.0,1.25,5.0,12.5,1.25,5.0,10.0,1.25,5.0,10.0,1.25,4.5,10.0,1.25,5.25,11.0,1.25,5.0,11.0,1.22,5.0,11.0,1.3,5.25,11.0,1.25,5.0,9.0,23,1.3,1.26,5.35,5.04,12.5,10.18,21,2.01,1.89,1.92,1.86,10.0,-1.5,2.11,2.07,1.82,1.79,,,,1741.86,1501.95
G1,26/09/10,Aris,Ergotelis,1,0,H,0,0,D,1.55,3.6,5.75,1.53,3.5,7.0,1.55,3.5,6.0,1.5,3.8,5.7,1.53,3.4,5.5,1.5,3.6,7.5,1.57,3.4,6.0,1.53,3.5,6.0,1.53,3.6,6.5,1.53,3.6,5.5,23,1.62,1.54,3.75,3.55,7.5,6.18,14,2.5,2.33,1.6,1.54,10.0,-1.0,2.14,2.09,1.81,1.77,,,,1569.96,1482.87
G1,26/09/10,Iraklis,Kavala,0,1,A,0,1,A,2.0,3.2,3.5,1.95,3.1,4.1,2.0,3.1,3.6,1.9,3.2,3.8,2.0,3.0,3.4,2.15,3.1,3.4,2.1,3.0,3.5,1.91,3.2,3.75,2.1,3.0,3.6,2.1,3.1,3.2,23,2.2,2.06,3.25,3.12,4.1,3.5,15,2.65,2.46,1.55,1.49,10.0,-0.5,2.2,2.14,1.77,1.73,,,,1519.15,1465.55
G1,26/09/10,Larisa,Kerkyra,1,1,D,1,1,D,1.57,3.5,5.75,1.67,3.3,5.5,1.6,3.4,5.5,1.65,3.4,4.7,1.57,3.5,5.0,1.6,3.5,5.75,1.6,3.3,6.0,1.53,3.75,5.5,1.62,3.6,5.5,1.61,3.4,5.0,21,1.67,1.6,3.75,3.45,6.25,5.51,14,2.5,2.36,1.57,1.53,9.0,-0.75,1.85,1.82,2.09,2.05,,,,1536.24,1426.5
G1,26/09/10,Olympiakos Volou,AEK,3,1,H,1,0,H,3.8,3.25,1.91,4.5,3.25,1.8,4.0,3.2,1.85,4.2,3.3,1.8,3.75,3.2,1.83,4.0,3.2,2.0,4.0,3.1,1.85,4.0,3.3,1.8,4.0,3.12,1.95,3.4,3.1,2.0,22,4.5,3.88,3.35,3.17,2.06,1.92,15,2.21,2.16,1.65,1.63,10.0,0.5,1.89,1.84,2.06,2.01,,,,1414.33,1646.62
G1,26/09/10,Xanthi,PAOK,1,0,H,1,0,H,3.9,3.1,1.95,4.1,3.1,1.95,3.75,3.0,2.0,3.4,3.2,2.0,3.4,3.0,2.0,3.5,3.1,2.1,3.75,3.0,2.05,3.25,3.1,2.1,3.8,3.0,2.05,3.2,3.1,2.1,23,4.1,3.61,3.12,3.05,2.15,2.05,15,2.74,2.49,1.53,1.48,10.0,0.0,2.86,2.61,1.53,1.43,,,,1477.58,1665.06
G1,02/10/10,Asteras Tripolis,Atromitos,1,1,D,1,0,H,2.3,3.0,3.1,2.3,3.0,3.2,2.2,3.0,3.2,2.1,3.1,3.3,2.4,2.88,2.75,2.4,3.0,3.0,2.2,2.9,3.4,2.2,3.0,3.2,2.38,2.88,3.2,2.2,3.0,3.1,23,2.53,2.34,3.1,2.99,3.3,3.04,14,2.6,2.43,1.55,1.5,10.0,-0.25,2.15,2.1,1.81,1.79,,,,1488.17,1455.65
G1,02/10/10,Kavala,Panionios,2,1,H,1,0,H,2.3,3.0,3.1,2.4,3.0,3.0,2.3,3.0,3.0,2.3,3.1,2.9,2.25,3.0,2.88,2.3,3.0,3.2,2.4,2.9,3.0,2.2,3.0,3.2,2.38,3.0,3.1,2.15,3.0,3.2,23,2.6,2.33,3.05,3.0,3.2,3.05,14,2.65,2.49,1.53,1.48,16.0,0.0,1.77,1.69,2.25,2.15,,,,1483.24,1498.85
G1,02/10/10,Olympiakos,Olympiakos Volou,3,1,H,2,0,H,1.2,5.5,13.0,1.16,6.0,19.5,1.2,5.5,12.0,1.2,5.5,12.0,1.17,5.5,12.0,1.15,7.0,15.0,1.2,5.5,13.0,1.18,5.5,13.0,1.18,6.0,15.0,1.22,5.5,9.0,21,1.22,1.18,7.0,5.85,19.5,13.55,19,1.8,1.73,2.2,2.06,10.0,-1.75,1.92,1.89,2.02,1.98,,,,1739.1,1431.37
G1,03/10/10,AEK,Xanthi,1,0,H,1,0,H,1.4,4.0,7.5,1.4,4.1,8.25,1.4,4.0,7.5,1.4,3.8,7.5,1.44,3.6,6.5,1.4,4.3,7.5,1.4,4.0,8.0,1.4,4.0,7.0,1.4,4.33,7.5,1.4,4.0,7.0,23,1.49,1.41,4.4,4.04,8.25,7.39,20,2.12,2.03,1.8,1.75,10.0,-1.25,2.18,2.1,1.82,1.78,,,,1629.58,1493.16
G1,03/10/10,Ergotelis,Panathinaikos,1,4,A,0,3,A,5.25,3.5,1.62,6.75,3.6,1.53,6.0,3.5,1.55,5.7,3.8,1.5,5.0,3.5,1.57,5.5,3.6,1.67,6.0,3.5,1.57,5.0,3.5,1.62,5.5,3.4,1.67,5.0,3.4,1.61,23,6.75,5.59,3.68,3.47,1.7,1.61,14,2.35,2.2,1.7,1.61,10.0,0.75,2.06,2.0,1.92,1.88,,,,1476.52,1744.96
G1,03/10/10,Kerkyra,Iraklis,0,0,D,0,0,D,2.3,3.0,3.1,2.5,2.95,2.95,2.3,3.0,3.0,2.3,3.1,2.9,2.38,2.88,2.8,2.3,3.0,3.2,2.4,2.9,3.0,2.38,2.88,3.0,2.4,3.0,3.0,2.2,3.0,3.1,23,2.63,2.38,3.01,2.98,3.2,3.0,14,2.6,2.5,1.5,1.48,17.0,0.0,1.81,1.73,2.2,2.09,,,,1433.25,1501.46
G1,03/10/10,Panserraikos,Larisa,1,0,H,1,0,H,2.75,3.0,2.5,2.8,3.0,2.55,2.75,2.95,2.5,2.6,3.0,2.6,2.88,3.0,2.25,2.7,3.1,2.6,3.0,2.9,2.4,2.63,2.88,2.63,2.88,3.0,2.5,2.62,2.87,2.6,21,3.17,2.81,3.1,2.98,2.63,2.5,13,2.65,2.52,1.53,1.47,16.0,0.0,2.18,2.04,1.85,1.76,,,,1378.1,1529.49
G1,03/10/10,PAOK,Aris,0,1,A,0,0,D,1.8,3.2,4.33,1.85,3.1,4.6,1.85,3.0,4.33,1.85,3.25,4.0,1.8,3.2,4.0,1.85,3.2,4.75,1.75,3.3,4.75,1.8,3.2,4.33,1.85,3.12,4.6,1.91,3.2,3.6,23,1.91,1.84,3.48,3.16,4.89,4.32,14,2.65,2.53,1.5,1.46,11.0,-0.5,1.88,1.85,2.05,2.0,,,,1649.48,1576.31
G1,16/10/10,Panathinaikos,PAOK,1,0,H,1,0,H,1.67,3.3,5.25,1.6,3.5,5.85,1.65,3.25,5.5,1.55,3.7,5.4,1.62,3.25,5.0,1.7,3.4,5.5,1.57,3.5,6.0,1.62,3.25,5.5,1.73,3.4,5.0,1.67,3.4,4.5,23,1.8,1.7,3.5,3.33,5.5,5.04,14,2.25,2.17,1.67,1.62,10.0,-0.75,2.11,2.05,1.86,1.83,,,,1751.83,1631.22
G1,16/10/10,Panionios,Ergotelis,0,1,A,0,1,A,1.83,3.2,4.2,1.75,3.25,5.0,1.85,3.1,4.2,1.85,3.3,4.0,1.91,2.88,4.0,1.9,3.1,4.3,1.85,3.0,4.75,1.8,3.1,4.33,1.91,3.12,4.2,1.91,3.2,3.6,23,1.98,1.88,3.4,3.18,5.0,4.13,14,2.5,2.43,1.55,1.5,11.0,-0.5,1.98,1.93,1.96,1.92,,,,1489.33,1469.65
G1,16/10/10,Xanthi,Olympiakos,0,3,A,0,1,A,5.5,3.4,1.62,6.25,3.45,1.58,5.5,3.4,1.6,5.7,3.8,1.5,5.5,3.4,1.53,6.0,3.5,1.6,6.0,3.5,1.57,5.5,3.5,1.57,6.5,3.5,1.57,5.0,3.4,1.62,22,6.66,5.8,3.7,3.48,1.62,1.58,14,2.38,2.26,1.62,1.58,9.0,1.0,1.74,1.71,2.23,2.19,,,,1488.06,1741.28
G1,17/10/10,Aris,AEK,0,4,A,0,1,A,2.4,3.0,2.88,2.45,3.0,2.95,2.45,3.0,2.75,2.4,3.0,2.9,2.5,2.88,2.62,2.6,3.0,2.9,2.5,2.9,2.9,2.4,2.9,2.9,2.5,3.0,2.88,2.38,3.0,2.8,23,2.64,2.45,3.18,3.0,3.01,2.87,14,2.38,2.29,1.62,1.56,15.0,0.0,1.85,1.77,2.2,2.05,,,,1594.57,1634.68
G1,17/10/10,Atromitos,Olympiakos Volou,2,2,D,1,0,H,2.0,3.1,3.75,2.0,3.1,3.9,2.0,3.1,3.6,2.0,3.1,3.5,2.1,3.0,3.2,2.0,3.0,4.0,2.1,3.1,3.4,1.91,3.2,3.75,2.05,3.12,3.75,2.1,3.0,3.3,21,2.1,2.02,3.38,3.13,4.0,3.69,13,2.6,2.41,1.55,1.51,10.0,-0.25,1.77,1.74,2.21,2.17,,,,1460.2,1429.19
G1,17/10/10,Iraklis,Panserraikos,1,1,D,1,0,H,1.91,3.1,4.0,1.88,3.2,4.25,1.9,3.1,4.0,1.85,3.3,4.0,1.91,3.0,3.75,1.95,3.25,3.8,1.85,3.1,4.33,1.91,3.2,3.75,1.91,3.12,4.0,1.85,3.2,3.8,22,2.01,1.92,3.36,3.16,4.4,3.99,14,2.6,2.44,1.55,1.5,11.0,-0.5,2.01,1.97,1.92,1.88,,,,1502.6,1392.44
G1,17/10/10,Kerkyra,Kavala,1,1,D,1,0,H,2.4,3.0,2.88,2.4,2.95,3.1,2.55,2.9,2.75,2.4,3.1,2.8,2.5,2.88,2.62,2.6,2.95,2.8,2.5,2.9,2.9,2.4,2.9,2.88,2.5,3.0,2.88,2.38,3.0,2.8,23,2.65,2.48,3.16,2.98,3.1,2.85,14,2.6,2.46,1.51,1.49,15.0,0.0,1.86,1.8,2.1,2.01,,,,1432.11,1492.76
G1,17/10/10,Larisa,Asteras Tripolis,0,2,A,0,2,A,1.8,3.2,4.5,1.75,3.2,5.0,1.8,3.1,4.5,1.8,3.3,4.1,1.8,3.2,4.0,1.75,3.3,4.75,1.8,3.1,4.75,1.73,3.25,4.5,1.8,3.25,4.5,1.85,3.2,3.8,20,1.85,1.8,3.31,3.21,5.0,4.44,13,2.65,2.53,1.5,1.47,9.0,-0.5,1.86,1.83,2.06,2.01,,,,1515.15,1483.62
G1,23/10/10,Asteras Tripolis,Iraklis,0,0,D,0,0,D,2.0,3.2,3.5,1.95,3.1,4.1,1.9,3.1,4.0,2.1,3.1,3.3,2.0,3.0,3.4,2.0,3.0,4.0,2.0,3.1,3.75,1.83,3.25,4.0,2.05,3.1,3.8,2.1,3.1,3.2,24,2.13,2.03,3.32,3.12,4.1,3.66,15,2.55,2.37,1.57,1.52,12.0,-0.5,2.14,2.08,1.83,1.78,,,,1500.64,1495.84
G1,23/10/10,Atromitos,Xanthi,1,1,D,0,0,D,2.0,3.1,3.75,2.05,3.1,3.7,2.0,3.1,3.6,2.0,3.15,3.5,2.0,3.0,3.4,2.05,3.2,3.6,2.1,3.0,3.6,1.91,3.2,3.75,2.0,3.1,4.0,2.0,3.1,3.4,24,2.1,2.01,3.29,3.11,4.23,3.71,15,2.54,2.44,1.55,1.49,10.0,-0.25,1.78,1.74,2.17,2.14,,,,1455.7,1480.74
G1,23/10/10,Olympiakos Volou,Larisa,1,1,D,1,0,H,2.4,3.0,2.88,2.55,3.0,2.8,2.45,3.0,2.75,2.3,3.0,3.0,2.38,3.0,2.7,2.5,3.0,2.9,2.45,2.9,3.0,2.5,2.9,2.75,2.4,3.0,3.0,2.3,3.0,2.88,21,2.61,2.42,3.11,2.98,3.08,2.92,13,2.56,2.39,1.55,1.5,14.0,0.0,1.78,1.72,2.23,2.11,,,,1433.69,1498.13
G1,24/10/10,AEK,Panathinaikos,1,0,H,1,0,H,2.7,3.1,2.5,2.75,3.1,2.55,2.65,3.0,2.55,2.7,3.0,2.55,2.7,3.0,2.38,2.9,3.0,2.6,2.7,3.0,2.6,2.63,2.88,2.63,2.88,3.0,2.5,2.62,3.0,2.5,24,3.09,2.79,3.18,3.03,2.6,2.5,15,2.26,2.2,1.67,1.6,16.0,0.0,2.17,2.04,1.82,1.77,,,,1649.31,1757.31
G1,24/10/10,Kavala,Ergotelis,3,1,H,1,0,H,2.0,3.1,3.75,2.05,3.0,3.9,2.0,3.1,3.6,2.1,3.1,3.3,2.0,3.2,3.2,2.05,3.0,3.8,2.1,3.0,3.6,1.91,3.2,3.75,2.05,3.1,3.75,1.91,3.2,3.6,24,2.14,2.03,3.32,3.09,4.09,3.67,15,2.5,2.45,1.53,1.49,11.0,-0.25,1.82,1.79,2.14,2.09,,,,1494.17,1486.29
G1,24/10/10,Olympiakos,Aris,1,0,H,1,0,H,1.4,3.8,8.5,1.38,4.1,9.0,1.4,4.0,7.5,1.4,3.8,7.5,1.44,3.6,6.5,1.4,4.2,9.0,1.4,4.0,8.5,1.36,4.0,8.0,1.36,4.33,9.0,1.4,3.8,7.5,23,1.4,1.38,4.5,4.1,9.0,8.17,17,2.0,1.95,1.9,1.8,8.0,-1.0,1.66,1.63,2.35,2.26,,,,1748.6,1579.94
G1,24/10/10,Panserraikos,Kerkyra,0,2,A,0,1,A,2.0,3.1,3.75,1.95,3.1,4.1,2.1,3.0,3.4,2.2,3.1,3.1,2.1,3.2,3.0,2.1,3.1,3.5,2.1,3.0,3.6,2.0,3.0,3.75,2.1,3.1,3.6,2.2,3.1,3.0,24,2.2,2.11,3.24,3.08,4.1,3.45,15,2.56,2.42,1.55,1.5,11.0,-0.25,1.87,1.85,2.05,2.03,,,,1399.2,1430.7
G1,24/10/10,PAOK,Panionios,3,1,H,3,0,H,1.57,3.6,5.5,1.6,3.4,6.25,1.57,3.5,5.5,1.6,3.5,5.2,1.62,3.25,5.0,1.55,3.5,6.5,1.55,3.5,6.5,1.57,3.5,5.5,1.57,3.5,6.5,1.57,3.5,5.25,24,1.63,1.58,3.82,3.51,6.54,5.91,15,2.5,2.33,1.6,1.54,11.0,-0.75,1.85,1.82,2.09,2.05,,,,1625.74,1472.69
G1,30/10/10,Aris,Atromitos,2,0,H,2,0,H,1.6,3.6,6.0,1.55,3.5,6.75,1.55,3.5,6.0,1.55,3.5,5.7,1.5,3.5,6.0,1.6,3.5,5.75,1.55,3.6,6.5,1.53,3.5,6.0,1.57,3.75,7.0,1.57,3.5,5.5,25,1.62,1.57,3.81,3.5,7.0,6.09,14,2.38,2.27,1.62,1.57,13.0,-1.0,2.19,2.13,1.78,1.75,,,,1575.55,1453.04
G1,30/10/10,Larisa,Xanthi,3,0,H,2,0,H,1.83,3.3,4.6,1.72,3.25,5.25,1.8,3.1,4.5,1.8,3.3,4.1,1.8,3.2,4.0,1.75,3.3,4.75,1.8,3.1,5.0,1.67,3.25,5.0,1.85,3.25,5.0,1.95,3.0,3.75,23,1.85,1.78,3.46,3.22,5.28,4.66,13,2.6,2.47,1.57,1.48,11.0,-0.5,1.84,1.8,2.12,2.08,,,,1499.4,1483.4
G1,30/10/10,Panathinaikos,Olympiakos,2,1,H,0,1,A,2.45,3.0,3.1,2.55,3.2,2.9,2.45,3.0,2.8,2.6,3.0,2.6,2.38,3.0,2.7,2.35,3.1,3.2,2.5,3.0,2.9,2.6,2.88,2.7,2.6,3.0,3.12,2.5,2.9,2.8,25,2.6,2.43,3.15,3.0,3.25,2.95,14,2.3,2.23,1.65,1.58,15.0,0.0,1.8,1.7,2.25,2.13,,,,1744.52,1752.99
G1,31/10/10,Ergotelis,PAOK,1,2,A,1,1,D,3.6,3.0,2.2,3.9,3.0,2.05,3.5,3.0,2.1,3.4,3.2,2.0,3.2,3.0,2.1,3.4,3.1,2.25,3.6,3.1,2.1,3.1,3.0,2.25,3.6,3.12,2.25,3.1,2.9,2.25,25,3.9,3.43,3.2,3.04,2.25,2.15,14,2.6,2.47,1.53,1.49,12.0,0.25,2.04,2.01,1.89,1.86,,,,1477.55,1630.46
G1,31/10/10,Iraklis,Olympiakos Volou,0,0,D,0,0,D,2.1,3.2,3.6,2.05,3.0,3.9,2.0,3.1,3.6,1.9,3.2,3.8,2.0,3.0,3.4,2.2,3.1,3.25,2.05,3.0,4.0,2.0,3.1,3.5,2.2,3.12,3.75,2.1,3.0,3.3,24,2.26,2.11,3.2,3.07,3.9,3.5,13,2.56,2.44,1.55,1.49,12.0,-0.5,2.25,2.19,1.74,1.71,,,,1499.5,1432.42
G1,31/10/10,Kerkyra,Asteras Tripolis,1,2,A,1,0,H,2.15,3.1,3.6,2.2,2.95,3.5,2.1,3.1,3.4,2.2,3.1,3.1,2.1,3.0,3.2,2.3,3.1,3.1,2.2,3.0,3.5,1.91,3.2,3.75,2.25,3.12,3.6,2.1,3.0,3.3,25,2.36,2.18,3.2,3.03,3.75,3.37,12,2.65,2.49,1.57,1.49,9.0,-0.25,1.99,1.94,1.98,1.92,,,,1445.63,1496.98
G1,31/10/10,Panionios,AEK,1,0,H,0,0,D,3.75,3.2,2.05,4.1,3.2,1.91,3.8,3.2,1.9,4.0,3.25,1.85,3.4,3.0,2.0,3.75,3.3,1.95,3.75,3.2,2.0,3.5,3.1,2.0,4.0,3.25,2.1,3.5,3.0,2.0,25,4.14,3.76,3.31,3.16,2.08,1.98,14,2.26,2.17,1.7,1.63,12.0,0.5,1.86,1.83,2.09,2.04,,,,1467.97,1662.1
G1,31/10/10,Panserraikos,Kavala,1,0,H,1,0,H,2.55,3.0,2.9,2.5,3.0,2.85,2.5,3.0,2.75,2.5,3.1,2.65,2.25,3.0,2.88,2.5,3.1,2.8,2.6,3.0,2.88,2.25,3.1,3.0,2.6,3.1,3.0,2.4,2.9,2.88,25,2.6,2.48,3.1,2.99,3.18,2.86,14,2.52,2.4,1.57,1.51,12.0,-0.25,2.2,2.15,1.77,1.74,,,,1384.27,1502.91
G1,06/11/10,Asteras Tripolis,Panserraikos,0,2,A,0,1,A,1.8,3.3,4.75,1.8,3.25,4.6,1.8,3.1,4.5,1.7,3.3,4.7,1.8,3.2,4.0,1.75,3.3,4.75,1.83,3.4,4.5,1.73,3.25,4.5,1.8,3.2,4.75,1.85,3.1,4.0,30,1.86,1.79,3.39,3.21,5.5,4.59,18,2.55,2.42,1.55,1.51,12.0,-0.5,1.87,1.84,2.08,2.01,,,,1511.22,1397.44
G1,06/11/10,Olympiakos,Panionios,5,0,H,1,0,H,1.22,5.5,15.0,1.2,5.5,15.5,1.2,5.0,13.0,1.2,5.5,12.0,1.25,4.5,10.0,1.25,5.5,13.0,1.22,6.0,13.0,1.18,5.5,13.0,1.22,5.5,13.0,1.2,5.5,10.0,29,1.25,1.21,5.86,5.43,17.29,12.65,24,1.82,1.76,2.13,2.02,13.0,-1.5,1.88,1.83,2.08,2.01,,,,1743.71,1483.78
G1,06/11/10,Olympiakos Volou,Kerkyra,1,0,H,0,0,D,2.1,3.1,3.75,2.0,3.0,4.1,2.05,3.0,3.5,2.0,3.1,3.5,2.1,3.0,3.2,1.9,3.1,4.3,2.05,3.2,3.75,2.0,3.1,3.5,2.0,3.1,4.0,2.1,3.0,3.3,28,2.1,2.0,3.2,3.05,4.3,3.81,16,2.65,2.44,1.57,1.5,11.0,-0.25,1.76,1.72,2.23,2.18,,,,1438.01,1431.39
G1,06/11/10,Xanthi,Iraklis,2,2,D,1,2,A,2.1,3.1,3.75,2.0,3.0,4.0,2.1,3.0,3.4,2.2,3.0,3.2,2.25,3.0,2.88,2.1,3.1,3.5,2.1,3.1,3.75,2.0,3.0,3.75,2.05,3.0,3.75,2.1,3.0,3.3,29,2.15,2.04,3.22,3.03,4.3,3.68,18,2.65,2.52,1.5,1.47,11.0,-0.25,1.78,1.76,2.2,2.14,,,,1474.92,1493.91
G1,08/11/10,AEK,Ergotelis,3,1,H,1,1,D,1.4,4.2,9.0,1.33,4.4,10.0,1.35,4.2,8.0,1.3,4.8,8.5,1.33,4.33,7.0,1.35,4.3,9.0,1.36,4.5,9.0,1.3,4.5,9.0,1.4,4.2,8.5,1.33,4.2,8.0,28,1.45,1.36,4.5,4.18,10.0,8.29,24,2.11,1.99,1.83,1.77,11.0,-1.25,2.09,2.05,1.86,1.82,,,,1646.29,1466.94
G1,08/11/10,Aris,Larisa,1,1,D,0,0,D,1.67,3.4,6.0,1.6,3.4,6.25,1.62,3.3,5.5,1.65,3.4,4.8,1.62,3.25,5.0,1.7,3.2,5.5,1.67,3.4,6.0,1.57,3.3,6.0,1.67,3.25,5.5,1.62,3.4,5.0,25,1.75,1.64,3.57,3.32,6.25,5.47,16,2.7,2.47,1.55,1.48,10.0,-0.75,1.96,1.93,1.96,1.93,,,,1580.99,1507.88
G1,08/11/10,Atromitos,Panathinaikos,0,1,A,0,0,D,6.0,3.6,1.6,6.25,3.5,1.57,6.0,3.5,1.55,5.5,3.6,1.55,5.0,3.25,1.62,6.0,3.75,1.6,6.0,3.6,1.6,5.5,3.75,1.53,6.0,3.6,1.57,5.5,3.4,1.57,28,6.75,5.8,3.8,3.53,1.64,1.57,18,2.2,2.1,1.73,1.66,11.0,1.0,1.74,1.69,2.28,2.22,,,,1447.6,1753.8
G1,08/11/10,Kavala,PAOK,0,1,A,0,1,A,3.2,3.0,2.38,3.3,3.0,2.25,3.0,3.0,2.3,3.4,3.0,2.1,2.88,3.0,2.25,3.0,3.0,2.4,3.1,3.1,2.38,3.0,3.2,2.2,3.0,3.0,2.38,2.88,2.9,2.38,27,3.31,3.01,3.2,2.98,2.51,2.32,17,2.65,2.46,1.53,1.49,11.0,0.25,1.83,1.8,2.11,2.07,,,,1489.74,1641.07
G1,13/11/10,Kerkyra,Xanthi,1,1,D,0,0,D,2.2,3.3,3.2,2.15,3.0,3.6,2.2,3.0,3.2,2.0,3.1,3.5,2.25,3.0,2.88,2.15,3.1,3.4,2.25,3.1,3.4,2.05,3.0,3.5,2.25,3.25,3.5,2.05,3.0,3.5,29,2.3,2.17,3.3,3.07,3.84,3.35,17,2.65,2.5,1.53,1.48,12.0,0.0,1.61,1.54,2.5,2.34,,,,1422.61,1472.06
G1,13/11/10,Panathinaikos,Larisa,1,1,D,1,1,D,1.29,5.25,10.0,1.25,5.5,10.0,1.25,5.0,10.0,1.2,5.5,12.0,1.25,4.5,10.0,1.25,5.25,11.0,1.33,4.75,10.0,1.22,5.0,11.0,1.3,5.25,11.0,1.25,5.0,9.0,27,1.31,1.27,5.5,4.96,12.79,10.2,22,2.0,1.88,1.94,1.88,11.0,-1.5,2.05,2.01,1.87,1.83,,,,1759.64,1513.64
G1,13/11/10,Panionios,Atromitos,0,1,A,0,1,A,2.1,3.2,3.6,1.95,3.1,4.1,2.0,3.1,3.6,2.0,3.1,3.5,2.0,3.2,3.2,2.0,3.2,3.8,2.1,3.2,3.6,1.83,3.25,4.0,2.15,3.2,3.8,2.05,3.0,3.5,29,2.22,2.05,3.25,3.11,4.1,3.65,18,2.5,2.39,1.6,1.52,12.0,-0.5,2.21,2.16,1.75,1.73,,,,1480.98,1441.76
G1,13/11/10,PAOK,AEK,2,1,H,1,0,H,2.2,3.2,3.3,2.15,3.1,3.4,2.25,3.0,3.1,2.4,3.05,2.85,2.25,3.0,2.88,2.25,3.2,3.25,2.2,3.1,3.5,2.38,3.0,2.88,2.38,3.12,3.4,2.2,3.0,3.1,30,2.38,2.22,3.25,3.06,3.62,3.25,18,2.5,2.39,1.55,1.52,12.0,0.0,1.67,1.55,2.55,2.32,,,,1651.74,1650.46
G1,15/11/10,Asteras Tripolis,Kavala,0,1,A,0,0,D,2.1,3.25,3.5,2.1,3.0,3.7,2.1,3.0,3.4,1.9,3.2,3.8,2.0,3.2,3.2,2.2,3.0,3.4,2.1,3.0,4.0,2.0,3.1,3.5,2.15,3.2,3.75,2.2,3.0,3.1,29,2.2,2.1,3.25,3.06,3.97,3.52,17,2.58,2.48,1.53,1.48,13.0,-0.5,2.15,2.11,1.82,1.76,,,,1491.87,1479.07
G1,15/11/10,Iraklis,Aris,1,0,H,0,0,D,3.1,3.2,2.3,2.95,2.95,2.5,2.9,2.9,2.45,2.9,3.0,2.4,2.88,3.0,2.25,3.2,3.0,2.3,3.0,2.9,2.6,2.63,2.88,2.63,3.1,3.1,2.5,2.88,2.9,2.4,28,3.2,2.96,3.2,2.96,2.63,2.42,18,2.7,2.53,1.5,1.45,19.0,0.0,2.19,2.1,1.85,1.73,,,,1496.77,1575.23
G1,15/11/10,Panserraikos,Olympiakos Volou,2,2,D,0,2,A,2.55,3.1,2.8,2.25,3.0,3.3,2.4,3.0,2.85,2.3,3.0,3.0,2.4,2.88,2.75,2.3,3.1,3.1,2.45,3.0,3.1,2.38,3.0,2.88,2.6,3.0,3.1,2.25,3.0,3.0,28,2.6,2.39,3.1,3.02,3.3,2.96,17,2.56,2.4,1.55,1.5,12.0,-0.25,2.21,2.17,1.77,1.73,,,,1416.79,1446.79
G1,20/11/10,Olympiakos Volou,Asteras Tripolis,1,1,D,0,1,A,2.0,3.1,4.2,2.05,3.0,3.9,1.95,3.1,3.75,2.0,3.1,3.5,2.0,3.0,3.4,1.95,3.2,4.0,2.0,3.0,4.2,2.0,3.1,3.5,2.05,3.2,4.2,2.0,3.0,3.6,32,2.05,1.99,3.25,3.1,4.37,3.82,19,2.5,2.45,1.5,1.49,13.0,-0.5,2.04,2.0,1.9,1.86,,,,1449.27,1475.45
G1,20/11/10,Panathinaikos,Iraklis,4,2,H,2,2,D,1.29,4.75,13.0,1.25,5.0,12.5,1.25,5.0,10.0,1.25,5.0,10.0,1.25,4.5,10.0,1.25,5.0,12.0,1.33,4.5,10.0,1.29,4.5,10.0,1.3,5.0,13.0,1.25,5.0,9.5,34,1.32,1.27,5.38,4.9,14.45,10.68,30,2.08,1.98,1.86,1.78,13.0,-1.5,2.07,2.02,1.87,1.84,,,,1750.14,1508.5
G1,20/11/10,Xanthi,Panserraikos,2,0,H,0,0,D,1.75,3.3,5.25,1.8,3.1,5.0,1.75,3.1,4.75,1.7,3.3,4.7,1.73,3.2,4.33,1.75,3.3,4.75,1.73,3.25,5.5,1.73,3.25,4.5,1.8,3.4,5.25,1.8,3.1,4.33,35,1.8,1.74,3.44,3.23,5.53,4.91,22,2.56,2.44,1.55,1.5,13.0,-0.5,1.81,1.76,2.19,2.11,,,,1473.87,1414.31
G1,21/11/10,Aris,Kerkyra,2,0,H,1,0,H,1.5,3.8,7.5,1.45,3.85,7.5,1.42,3.75,7.5,1.45,3.6,7.0,1.4,3.75,7.0,1.4,4.0,8.5,1.5,3.6,8.0,1.44,3.75,7.0,1.5,4.0,8.0,1.5,3.75,5.75,34,1.51,1.46,4.11,3.84,8.5,7.07,21,2.5,2.34,1.58,1.54,10.0,-1.25,2.28,2.22,1.74,1.7,,,,1563.5,1420.8
G1,21/11/10,Atromitos,Ergotelis,1,1,D,1,0,H,1.83,3.25,4.75,1.83,3.25,4.4,1.9,3.1,4.0,1.8,3.2,4.3,1.83,3.0,4.0,1.85,3.2,4.5,1.83,3.25,4.6,1.83,3.25,4.0,1.91,3.25,4.75,1.95,3.0,3.8,34,1.95,1.84,3.41,3.18,5.04,4.36,21,2.45,2.36,1.57,1.53,13.0,-0.5,1.9,1.85,2.07,2.01,,,,1459.02,1462.77
G1,21/11/10,Kavala,AEK,2,1,H,1,0,H,3.6,3.2,2.1,3.9,3.1,2.0,3.4,3.1,2.05,3.3,3.1,2.1,3.4,3.0,2.0,3.4,3.2,2.2,3.4,3.1,2.2,3.5,3.1,2.0,3.6,3.2,2.2,3.25,2.9,2.2,35,3.7,3.41,3.24,3.09,2.23,2.12,22,2.38,2.23,1.65,1.59,11.0,0.5,1.77,1.73,2.23,2.15,,,,1495.49,1641.5
G1,21/11/10,Larisa,Panionios,0,1,A,0,1,A,1.85,3.3,4.5,1.85,3.2,4.4,1.8,3.25,4.25,1.8,3.2,4.3,1.91,3.0,3.75,1.8,3.3,4.5,1.91,3.2,4.33,1.73,3.25,4.5,1.85,3.25,4.6,1.91,3.0,4.0,32,1.91,1.83,3.44,3.21,4.9,4.35,20,2.5,2.37,1.55,1.52,12.0,-0.5,1.88,1.85,2.06,2.0,,,,1523.14,1463.72
G1,21/11/10,Olympiakos,PAOK,3,0,H,1,0,H,1.53,3.8,6.5,1.53,3.7,6.5,1.5,3.75,6.0,1.5,3.6,5.8,1.5,3.5,6.0,1.5,4.0,7.0,1.57,3.6,6.5,1.44,3.75,7.0,1.53,4.0,7.0,1.5,3.75,5.75,35,1.56,1.51,4.04,3.72,7.22,6.4,22,2.38,2.21,1.7,1.6,10.0,-0.75,1.74,1.71,2.26,2.2,,,,1746.51,1660.7
G1,24/11/10,Ergotelis,Olympiakos,0,2,A,0,0,D,6.75,4.0,1.5,7.25,3.65,1.5,6.0,3.75,1.5,6.5,3.9,1.45,6.0,3.5,1.5,7.0,4.0,1.5,7.0,3.75,1.5,5.5,3.75,1.53,7.5,4.0,1.5,5.75,3.75,1.5,29,7.62,6.71,4.12,3.75,1.53,1.5,18,2.17,2.07,1.73,1.69,10.0,1.0,2.04,1.99,1.93,1.89,,,,1466.15,1752.9
G1,27/11/10,AEK,Olympiakos,1,0,H,0,0,D,3.1,3.0,2.3,3.3,3.2,2.3,2.85,3.0,2.4,2.75,3.0,2.5,2.7,3.0,2.4,3.2,3.1,2.35,3.0,3.0,2.5,3.1,3.0,2.25,3.25,3.1,2.4,2.75,2.9,2.5,35,3.35,3.04,3.2,3.03,2.5,2.35,23,2.38,2.22,1.67,1.6,20.0,0.0,2.35,2.19,1.75,1.65,,,,1627.35,1759.26
G1,27/11/10,Ergotelis,Larisa,2,1,H,2,1,H,2.3,3.0,3.1,2.35,3.0,3.1,2.3,3.0,3.0,2.3,3.0,3.0,2.2,3.0,3.0,2.4,3.1,2.9,2.4,3.0,3.2,2.38,3.0,2.88,2.4,3.12,3.3,2.3,3.0,2.9,31,2.4,2.32,3.2,3.02,3.45,3.06,20,2.5,2.42,1.55,1.51,13.0,0.0,1.7,1.64,2.3,2.15,,,,1459.79,1505.28
G1,27/11/10,Panserraikos,Aris,1,0,H,1,0,H,3.5,3.1,2.05,3.7,3.1,2.05,3.4,3.0,2.1,3.3,3.1,2.1,3.2,3.0,2.1,3.25,3.1,2.2,3.5,3.0,2.25,3.4,3.0,2.1,3.75,3.1,2.2,3.1,3.0,2.2,35,3.95,3.48,3.21,3.05,2.2,2.11,23,2.69,2.48,1.55,1.48,15.0,0.0,2.65,2.46,1.54,1.48,,,,1407.18,1568.46
G1,28/11/10,Asteras Tripolis,Xanthi,1,2,A,1,2,A,2.2,3.0,3.25,2.15,3.0,3.5,2.2,3.0,3.2,2.0,3.1,3.5,2.1,3.0,3.2,2.25,3.0,3.3,2.38,2.9,3.4,2.2,2.88,3.3,2.38,3.0,3.4,2.2,3.0,3.1,35,2.4,2.23,3.1,2.99,3.62,3.26,23,2.88,2.62,1.5,1.44,15.0,0.0,1.65,1.57,2.4,2.28,,,,1478.07,1481.0
G1,28/11/10,Kerkyra,Panathinaikos,0,2,A,0,0,D,5.0,3.4,1.67,6.0,3.5,1.6,5.0,3.4,1.65,4.4,3.5,1.7,4.5,3.3,1.67,5.75,3.5,1.6,5.5,3.3,1.73,5.0,3.25,1.67,6.0,3.6,1.67,5.0,3.4,1.62,34,6.25,5.33,3.65,3.44,1.7,1.64,22,2.38,2.22,1.67,1.59,11.0,0.75,2.02,1.96,1.96,1.9,,,,1415.84,1753.21
G1,28/11/10,Olympiakos Volou,Kavala,1,1,D,0,0,D,2.3,3.0,3.1,2.3,3.1,3.1,2.25,3.0,3.1,2.2,3.0,3.2,2.25,3.0,2.88,2.3,3.1,3.1,2.38,3.0,3.2,2.2,3.0,3.2,2.3,3.12,3.5,2.3,2.9,3.0,32,2.3,2.24,3.18,3.04,3.66,3.2,19,2.5,2.39,1.55,1.51,14.0,-0.25,1.96,1.91,2.0,1.95,,,,1446.65,1509.64
G1,28/11/10,Panionios,Iraklis,1,0,H,0,0,D,2.05,3.1,3.5,1.95,3.1,4.1,2.0,3.1,3.6,2.0,3.1,3.5,2.0,3.2,3.2,1.95,3.2,4.0,2.15,3.1,3.6,2.0,3.0,3.75,2.15,3.1,4.0,2.2,3.0,3.1,35,2.2,2.02,3.22,3.08,4.35,3.72,23,2.43,2.33,1.6,1.54,15.0,0.0,1.5,1.42,2.95,2.66,,,,1481.58,1505.43
G1,28/11/10,PAOK,Atromitos,0,1,A,0,0,D,1.44,3.75,7.5,1.48,3.6,7.75,1.5,3.6,6.5,1.5,3.8,5.7,1.5,3.5,6.0,1.5,4.0,7.0,1.53,3.75,7.0,1.44,3.75,7.0,1.53,3.8,7.5,1.44,3.6,7.0,35,1.59,1.49,4.03,3.67,7.75,6.9,23,2.45,2.31,1.6,1.55,13.0,-1.0,1.98,1.94,1.96,1.92,,,,1654.31,1455.64
G1,04/12/10,Iraklis,Ergotelis,1,1,D,0,1,A,2.1,3.1,3.75,1.95,3.1,4.1,2.0,3.0,3.75,1.9,3.2,3.8,2.0,3.0,3.4,2.05,3.0,3.8,2.15,3.1,3.6,2.0,3.1,3.8,2.1,3.0,3.6,2.05,3.0,3.5,33,2.26,2.09,3.16,3.04,3.9,3.59,21,2.62,2.45,1.55,1.5,14.0,-0.5,2.26,2.19,1.75,1.71,,,,1495.63,1470.34
G1,04/12/10,Panathinaikos,Panserraikos,2,0,H,1,0,H,1.17,6.0,15.0,1.18,5.75,17.0,1.16,5.75,15.0,1.2,5.5,12.0,1.17,5.5,12.0,1.17,6.0,17.0,1.22,5.5,15.0,1.18,6.0,14.0,1.18,6.0,15.0,1.17,5.5,13.0,34,1.22,1.18,6.46,5.85,18.24,13.97,22,1.77,1.71,2.1,2.04,13.0,-1.75,1.98,1.94,1.97,1.93,,,,1758.29,1421.86
G1,04/12/10,Panionios,Kerkyra,0,1,A,0,1,A,1.8,3.25,5.0,1.83,3.25,4.4,1.8,3.2,4.3,1.8,3.3,4.1,1.73,3.2,4.33,1.83,3.2,4.5,1.85,3.2,4.6,1.8,3.25,4.5,1.8,3.2,4.75,1.85,3.1,4.0,34,1.85,1.79,3.44,3.22,5.36,4.59,22,2.6,2.44,1.55,1.5,14.0,-0.5,1.84,1.82,2.11,2.05,,,,1491.38,1410.76
G1,05/12/10,Aris,Asteras Tripolis,1,0,H,0,0,D,1.62,3.6,6.0,1.58,3.4,6.5,1.55,3.5,6.0,1.6,3.6,5.0,1.57,3.5,5.0,1.53,3.6,6.5,1.62,3.5,6.0,1.57,3.6,6.0,1.57,3.5,6.0,1.57,3.5,5.25,34,1.65,1.57,3.74,3.51,7.17,5.95,21,2.76,2.52,1.53,1.48,13.0,-1.0,2.29,2.23,1.73,1.69,,,,1553.78,1462.17
G1,05/12/10,Atromitos,AEK,1,1,D,0,0,D,3.6,3.0,2.2,3.5,3.25,2.05,3.4,3.0,2.1,3.4,3.2,2.0,3.4,3.0,2.0,3.75,3.1,2.05,3.4,3.1,2.2,3.4,3.0,2.2,3.8,3.25,1.91,3.1,3.0,2.2,35,3.8,3.47,3.32,3.09,2.23,2.1,22,2.3,2.2,1.7,1.6,14.0,0.5,1.77,1.72,2.23,2.16,,,,1476.84,1640.99
G1,05/12/10,Kavala,Olympiakos,0,1,A,0,1,A,7.0,3.75,1.53,6.25,3.6,1.55,5.75,3.6,1.55,5.2,3.5,1.6,5.5,3.4,1.53,7.0,3.75,1.53,6.0,3.75,1.57,6.0,3.5,1.57,7.5,3.8,1.44,5.5,3.5,1.57,34,7.5,6.33,3.92,3.68,1.57,1.52,22,2.25,2.18,1.67,1.62,12.0,0.75,2.23,2.21,1.74,1.71,,,,1510.97,1745.62
G1,05/12/10,Larisa,PAOK,1,2,A,1,1,D,3.0,3.0,2.5,3.0,3.0,2.4,2.9,3.0,2.4,2.9,3.1,2.3,2.88,3.0,2.25,2.95,3.1,2.5,3.0,3.0,2.45,2.88,3.0,2.5,2.88,2.88,2.6,2.8,3.0,2.4,32,3.18,2.91,3.1,2.98,2.62,2.46,20,2.66,2.52,1.55,1.47,13.0,0.0,2.2,2.05,1.8,1.72,,,,1494.73,1633.11
G1,05/12/10,Xanthi,Olympiakos Volou,1,0,H,0,0,D,2.2,3.1,3.5,2.05,3.1,3.7,2.1,3.0,3.4,2.0,3.2,3.4,2.0,3.0,3.4,2.1,3.1,3.5,2.1,3.0,3.8,2.2,3.1,3.25,2.15,3.1,3.4,2.1,3.0,3.3,32,2.26,2.13,3.2,3.06,3.8,3.42,19,2.62,2.48,1.5,1.48,14.0,-0.5,2.28,2.22,1.72,1.68,,,,1496.9,1445.32
G1,11/12/10,Olympiakos Volou,Aris,1,1,D,1,1,D,2.65,3.1,2.7,2.7,3.0,2.65,2.75,3.0,2.5,2.7,3.0,2.5,2.6,3.0,2.5,2.75,3.0,2.6,2.9,3.1,2.5,2.8,2.9,2.63,2.75,3.1,2.75,2.5,3.0,2.7,32,2.9,2.68,3.1,2.98,3.0,2.67,19,2.7,2.56,1.5,1.45,21.0,0.0,1.95,1.88,2.04,1.93,,,,1437.95,1560.01
G1,11/12/10,PAOK,Iraklis,1,0,H,1,0,H,1.53,3.8,6.5,1.5,3.6,7.5,1.5,3.6,6.5,1.55,3.6,5.6,1.57,3.25,5.5,1.53,3.75,7.0,1.53,3.6,7.5,1.53,3.6,6.5,1.53,3.8,7.0,1.5,3.75,6.0,35,1.57,1.52,3.88,3.64,7.6,6.55,22,2.5,2.35,1.6,1.54,12.0,-0.75,1.75,1.71,2.23,2.19,,,,1644.23,1491.31
G1,12/12/10,AEK,Larisa,4,0,H,1,0,H,1.44,4.0,7.5,1.5,3.65,7.0,1.5,3.6,6.5,1.4,3.8,7.5,1.44,3.5,7.0,1.45,4.0,7.0,1.5,3.8,7.0,1.44,4.0,7.0,1.5,4.0,7.5,1.44,3.75,7.0,32,1.55,1.48,4.02,3.74,8.01,6.9,20,2.2,2.07,1.75,1.68,14.0,-1.0,2.0,1.95,1.94,1.9,,,,1638.71,1483.61
G1,12/12/10,Asteras Tripolis,Panathinaikos,0,0,D,0,0,D,6.25,3.7,1.57,6.25,3.6,1.55,5.75,3.5,1.55,5.7,3.8,1.5,5.0,3.5,1.57,7.5,3.8,1.5,6.0,3.6,1.6,6.0,3.5,1.57,6.5,3.75,1.57,6.0,3.75,1.5,35,7.5,6.19,3.82,3.58,1.6,1.55,22,2.38,2.24,1.65,1.59,13.0,0.75,2.17,2.13,1.79,1.76,,,,1455.94,1760.17
G1,12/12/10,Ergotelis,Kerkyra,3,0,H,1,0,H,2.0,3.25,3.8,2.0,3.1,3.9,2.0,3.0,3.75,,,,2.0,3.0,3.4,2.0,3.0,4.0,2.05,3.2,3.75,2.0,3.1,3.75,2.05,3.25,3.8,2.1,3.0,3.4,32,2.1,2.0,3.27,3.12,4.38,3.75,21,2.63,2.5,1.53,1.48,15.0,-0.5,2.03,1.99,1.92,1.86,,,,1474.66,1429.23
G1,12/12/10,Olympiakos,Atromitos,2,1,H,2,0,H,1.22,5.5,14.0,1.18,5.75,17.0,1.2,5.5,12.0,1.22,5.3,11.0,1.25,4.5,10.0,1.18,6.5,13.0,1.25,5.0,15.0,1.2,6.0,12.0,1.22,6.0,15.0,1.22,5.5,10.0,34,1.25,1.21,6.19,5.56,17.84,12.83,29,1.85,1.77,2.11,2.0,14.0,-1.5,1.88,1.81,2.16,2.05,,,,1753.5,1479.12
G1,12/12/10,Panserraikos,Panionios,1,1,D,1,0,H,2.45,3.0,3.0,2.45,2.9,3.1,2.4,3.0,2.85,2.4,3.0,2.8,2.38,3.0,2.7,2.4,3.1,2.9,2.55,3.0,2.9,2.5,3.1,2.75,2.5,3.12,3.0,2.3,3.0,3.0,35,2.66,2.45,3.1,2.99,3.1,2.91,22,2.62,2.43,1.55,1.51,23.0,0.0,1.83,1.77,2.12,2.04,,,,1419.98,1472.91
G1,12/12/10,Xanthi,Kavala,1,1,D,0,1,A,2.25,3.1,3.3,2.2,3.0,3.4,2.2,3.0,3.2,2.2,3.0,3.2,2.2,3.0,3.0,2.3,3.0,3.2,2.25,3.0,3.5,2.2,3.1,3.25,2.4,3.1,3.25,2.2,3.0,3.2,35,2.44,2.27,3.13,3.01,3.5,3.21,22,2.75,2.58,1.5,1.44,14.0,0.0,1.68,1.59,2.5,2.25,,,,1504.27,1503.09
G1,18/12/10,Ergotelis,Panserraikos,2,0,H,1,0,H,1.91,3.2,4.33,1.95,3.1,4.05,1.9,3.1,4.0,1.85,3.3,3.9,1.91,3.2,3.5,1.9,3.15,4.2,2.0,3.0,4.2,2.0,3.1,3.75,1.95,3.3,4.33,1.85,3.1,4.2,29,2.0,1.92,3.37,3.17,4.49,4.02,19,2.63,2.47,1.55,1.49,14.0,-0.5,1.95,1.92,1.98,1.92,,,,1482.21,1418.3
G1,18/12/10,Kavala,Atromitos,1,1,D,0,0,D,2.0,3.2,4.0,2.1,3.1,3.6,2.05,3.1,3.5,2.0,3.2,3.4,1.91,3.2,3.5,2.0,3.0,4.0,2.05,3.0,4.0,2.0,3.1,3.75,2.1,3.2,4.0,1.91,3.1,3.9,30,2.1,2.02,3.32,3.11,4.22,3.74,20,2.62,2.43,1.55,1.5,14.0,0.0,1.47,1.41,2.75,2.66,,,,1506.63,1476.52
G1,18/12/10,Panathinaikos,Olympiakos Volou,0,1,A,0,0,D,1.3,4.75,12.0,1.3,4.8,9.5,1.28,4.75,9.0,1.2,5.5,12.0,1.29,4.33,8.5,1.29,4.75,11.0,1.35,4.5,9.5,1.3,5.0,9.0,1.3,5.25,12.0,1.29,4.75,8.5,29,1.35,1.29,5.5,4.88,12.4,9.6,26,2.06,1.95,1.9,1.82,15.0,-1.5,2.11,2.05,1.84,1.81,,,,1753.57,1438.74
G1,18/12/10,Panionios,Asteras Tripolis,0,0,D,0,0,D,2.1,3.1,3.75,1.91,3.1,4.25,2.0,3.1,3.6,1.9,3.3,3.7,2.0,3.2,3.2,2.05,3.1,3.75,2.1,3.0,3.8,1.91,3.1,4.2,2.1,3.1,4.0,2.0,3.0,3.75,30,2.16,2.03,3.2,3.09,4.25,3.71,20,2.63,2.52,1.5,1.47,15.0,-0.5,2.16,2.08,1.82,1.77,,,,1474.59,1462.54
G1,19/12/10,Aris,Xanthi,0,2,A,0,1,A,1.73,3.3,5.5,1.6,3.4,6.25,1.65,3.4,5.0,1.6,3.6,5.0,1.73,3.1,4.5,1.6,3.5,6.0,1.73,3.1,6.0,1.57,3.5,6.0,1.73,3.5,6.0,1.62,3.3,5.5,31,1.75,1.67,3.51,3.37,6.25,5.34,20,2.75,2.53,1.5,1.47,13.0,-0.75,2.03,1.98,1.92,1.89,,,,1559.22,1500.73
G1,19/12/10,Iraklis,AEK,2,0,H,1,0,H,3.6,3.25,2.1,3.5,3.1,2.1,3.3,3.1,2.1,3.4,3.2,2.0,3.2,3.0,2.1,3.6,3.15,2.15,3.75,3.2,2.05,3.25,3.0,2.25,3.6,3.2,2.2,3.1,3.0,2.25,31,3.79,3.47,3.25,3.09,2.25,2.11,21,2.4,2.27,1.65,1.57,14.0,0.0,2.65,2.46,1.57,1.49,,,,1486.58,1643.39
G1,19/12/10,Kerkyra,PAOK,2,1,H,1,1,D,3.75,3.0,2.15,3.4,3.0,2.2,3.1,3.0,2.25,3.1,3.1,2.2,2.8,3.2,2.2,3.6,2.95,2.15,3.6,2.9,2.25,3.25,3.0,2.25,3.75,3.1,2.25,3.3,3.0,2.15,29,3.9,3.39,3.15,3.02,2.3,2.18,19,2.75,2.58,1.5,1.45,14.0,0.0,2.5,2.43,1.57,1.5,,,,1421.68,1648.96
G1,19/12/10,Larisa,Olympiakos,0,1,A,0,1,A,6.5,3.6,1.57,6.5,3.7,1.53,6.0,3.5,1.55,5.7,3.8,1.5,5.5,3.4,1.53,6.75,3.6,1.57,6.0,3.6,1.6,6.5,3.6,1.53,6.5,3.75,1.62,6.5,3.4,1.53,28,7.03,6.13,3.89,3.58,1.62,1.56,19,2.3,2.17,1.66,1.62,12.0,0.75,2.17,2.09,1.81,1.78,,,,1478.93,1756.1
G1,04/01/11,Aris,Kavala,1,0,H,1,0,H,1.73,3.3,5.5,1.7,3.25,5.5,1.7,3.25,5.0,1.7,3.3,4.6,1.72,3.2,4.33,1.65,3.4,5.5,1.75,3.4,5.0,1.67,3.3,5.5,1.75,3.4,5.5,1.75,3.1,4.5,30,1.83,1.74,3.42,3.28,5.5,4.93,17,2.85,2.61,1.47,1.44,15.0,-0.5,1.83,1.76,2.17,2.1,,,,1541.38,1502.16
G1,04/01/11,Atromitos,Larisa,3,0,H,2,0,H,2.1,3.1,3.75,2.2,3.0,3.4,2.15,3.1,3.25,2.0,3.1,3.5,2.0,3.1,3.3,2.2,3.1,3.25,2.2,3.2,3.3,2.1,3.1,3.5,2.2,3.12,3.75,2.0,3.0,3.6,28,2.2,2.12,3.21,3.08,3.94,3.5,16,2.65,2.5,1.55,1.48,12.0,-0.25,1.84,1.81,2.11,2.06,,,,1480.99,1472.3
G1,04/01/11,Xanthi,Panathinaikos,0,2,A,0,1,A,4.75,3.25,1.83,5.35,3.25,1.7,4.33,3.2,1.8,4.6,3.3,1.7,3.75,3.2,1.83,4.6,3.3,1.85,4.5,3.3,1.85,4.33,3.25,1.83,4.75,3.25,1.85,4.2,3.1,1.83,30,5.5,4.41,3.3,3.19,1.93,1.84,17,2.62,2.38,1.57,1.52,15.0,0.5,2.04,1.97,1.93,1.87,,,,1518.57,1730.67
G1,05/01/11,AEK,Kerkyra,0,0,D,0,0,D,1.44,4.0,8.0,1.37,4.2,9.0,1.38,4.0,8.5,1.35,4.3,7.5,1.36,4.0,7.0,1.33,4.3,10.0,1.4,4.2,9.0,1.36,4.2,9.0,1.4,4.2,10.0,1.4,3.8,7.5,30,1.45,1.4,4.3,4.02,10.0,8.4,18,2.2,2.05,1.75,1.7,14.0,-1.0,1.78,1.75,2.2,2.13,,,,1628.86,1438.56
G1,05/01/11,Asteras Tripolis,Ergotelis,3,0,H,1,0,H,2.3,3.0,3.4,2.2,2.9,3.6,2.2,3.0,3.25,2.0,3.2,3.4,2.25,3.1,2.8,2.25,3.1,3.2,2.25,3.2,3.2,2.3,3.1,3.1,2.38,3.0,3.3,2.2,3.0,3.1,29,2.42,2.28,3.2,3.04,3.6,3.18,16,2.73,2.57,1.5,1.45,13.0,-0.25,2.05,2.01,1.91,1.86,,,,1466.44,1489.21
G1,05/01/11,Olympiakos,Iraklis,2,0,H,1,0,H,1.29,4.75,9.5,1.25,4.75,14.5,1.25,4.75,11.0,1.25,5.0,10.0,1.22,5.0,10.0,1.22,5.5,13.0,1.25,5.5,12.0,1.29,5.0,9.5,1.29,5.25,12.0,1.29,4.5,9.0,29,1.29,1.26,5.5,4.97,15.0,11.17,27,1.98,1.88,1.98,1.89,16.0,-1.5,1.93,1.88,2.02,1.95,,,,1762.73,1501.11
G1,05/01/11,Olympiakos Volou,Panionios,0,0,D,0,0,D,2.05,3.1,4.0,2.05,2.95,3.9,2.0,3.25,3.4,2.1,3.1,3.3,1.9,3.2,3.5,2.1,3.1,3.5,2.0,3.3,3.8,2.1,3.1,3.5,2.05,3.12,4.0,2.0,3.0,3.6,29,2.1,2.01,3.3,3.13,4.15,3.75,16,2.65,2.48,1.55,1.48,11.0,-0.5,2.05,2.01,1.88,1.82,,,,1461.64,1470.69
G1,05/01/11,Panserraikos,PAOK,1,1,D,0,1,A,3.75,3.1,2.1,3.9,2.9,2.1,3.6,3.1,2.0,3.7,3.3,1.9,3.5,3.0,2.0,3.8,3.1,2.1,3.6,3.2,2.1,3.6,3.1,2.05,3.8,3.1,2.15,3.3,3.0,2.1,30,4.03,3.63,3.23,3.07,2.16,2.07,17,2.75,2.55,1.5,1.46,13.0,0.25,2.13,2.08,1.83,1.8,,,,1411.3,1632.08
G1,08/01/11,Kavala,Larisa,1,0,H,0,0,D,2.0,3.2,3.9,1.91,3.1,4.25,2.0,3.2,3.5,1.9,3.3,3.7,2.0,3.2,3.2,2.0,3.2,3.75,2.05,3.1,4.0,2.0,3.25,3.6,1.95,3.12,4.0,1.8,3.2,4.2,29,2.08,1.97,3.36,3.15,4.25,3.84,18,2.63,2.49,1.55,1.48,14.0,-0.5,2.05,2.01,1.88,1.83,,,,1494.42,1463.59
G1,08/01/11,Panathinaikos,Aris,1,0,H,1,0,H,1.44,4.0,8.0,1.44,3.8,8.25,1.45,3.75,7.0,1.4,3.9,7.5,1.44,3.6,6.5,1.45,4.0,8.0,1.53,3.75,7.0,1.44,3.8,8.0,1.44,3.8,7.5,1.4,4.0,7.0,31,1.53,1.45,4.24,3.83,9.1,7.51,20,2.4,2.24,1.67,1.58,16.0,-1.0,1.84,1.8,2.13,2.05,,,,1739.27,1549.12
G1,09/01/11,Ergotelis,Olympiakos Volou,0,0,D,0,0,D,2.3,3.0,3.3,2.3,2.85,3.4,2.3,2.9,3.1,2.3,2.9,3.1,2.25,3.0,2.88,2.3,3.0,3.2,2.38,2.9,3.4,2.2,3.1,3.3,2.25,3.0,3.25,2.2,3.0,3.1,32,2.38,2.27,3.1,3.0,3.61,3.19,19,2.63,2.5,1.53,1.47,15.0,-0.25,1.99,1.95,1.96,1.91,,,,1479.44,1458.44
G1,09/01/11,Iraklis,Atromitos,1,0,H,1,0,H,2.25,3.0,3.5,2.25,2.85,3.5,2.1,3.0,3.4,2.0,3.1,3.5,1.91,3.0,3.75,2.1,3.0,3.75,2.38,2.9,3.4,2.1,3.1,3.6,2.2,2.88,3.5,2.0,3.0,3.7,33,2.39,2.24,3.15,2.98,3.6,3.31,20,2.67,2.53,1.53,1.46,15.0,-0.25,2.03,1.98,1.97,1.88,,,,1498.34,1489.7
G1,09/01/11,Kerkyra,Olympiakos,0,2,A,0,0,D,7.5,4.2,1.44,8.0,3.75,1.45,7.0,3.75,1.45,7.5,3.85,1.4,6.0,3.4,1.5,9.0,3.8,1.45,8.5,4.0,1.44,8.0,3.8,1.44,7.5,4.0,1.44,5.5,3.6,1.53,30,9.23,7.67,4.25,3.87,1.5,1.44,18,2.38,2.25,1.62,1.58,16.0,1.0,2.13,2.05,1.85,1.8,,,,1447.1,1765.5
G1,09/01/11,Panionios,Xanthi,0,2,A,0,2,A,2.1,3.1,3.8,2.05,2.95,3.9,1.9,3.0,4.0,1.9,3.1,3.9,1.91,3.0,3.75,2.0,3.0,4.0,2.2,2.9,3.75,2.0,3.1,3.8,2.1,3.0,3.75,2.1,3.0,3.4,32,2.2,2.06,3.2,3.06,4.07,3.66,20,2.75,2.58,1.5,1.44,13.0,-0.5,2.16,2.1,1.81,1.76,,,,1473.89,1509.97
G1,09/01/11,Panserraikos,AEK,1,3,A,1,2,A,3.8,3.1,2.1,4.25,3.1,1.91,4.0,3.0,1.9,3.7,3.3,1.9,4.33,3.2,1.73,3.6,3.2,2.05,3.6,3.2,2.1,4.0,3.1,1.95,3.8,3.1,2.0,3.7,3.0,2.0,33,4.25,3.73,3.25,3.1,2.11,2.01,20,2.5,2.28,1.6,1.56,17.0,0.5,1.85,1.79,2.13,2.07,,,,1415.48,1620.32
G1,09/01/11,PAOK,Asteras Tripolis,1,0,H,1,0,H,1.5,3.7,7.5,1.5,3.5,7.75,1.4,3.75,8.0,1.45,3.7,7.0,1.36,4.0,7.0,1.4,4.0,8.5,1.5,3.75,8.0,1.4,4.0,8.5,1.44,3.8,8.0,1.44,3.75,7.0,33,1.53,1.47,4.0,3.74,8.5,7.28,20,2.62,2.38,1.58,1.52,17.0,-1.0,2.01,1.93,2.0,1.91,,,,1627.9,1476.21
G1,15/01/11,Atromitos,Kerkyra,4,2,H,2,1,H,1.75,3.1,4.75,1.72,3.2,5.5,1.75,3.1,4.75,1.8,3.2,4.2,1.8,3.0,4.33,1.75,3.2,5.0,1.7,3.3,6.0,1.75,3.2,5.0,1.75,3.5,5.5,1.75,3.2,4.5,33,1.8,1.7,3.64,3.31,6.1,5.12,21,2.65,2.51,1.53,1.47,15.0,-0.5,1.75,1.67,2.38,2.25,,,,1480.99,1441.56
G1,15/01/11,Olympiakos,Panserraikos,4,2,H,0,0,D,1.14,6.5,15.0,1.12,7.0,23.0,1.15,6.5,13.0,1.12,7.0,14.0,1.14,6.0,12.0,1.12,7.0,19.0,1.18,6.5,17.0,1.14,7.0,17.0,1.18,7.5,17.0,1.17,6.0,11.0,30,1.18,1.15,7.5,6.54,23.0,15.51,21,1.73,1.67,2.2,2.09,15.0,-1.75,1.77,1.74,2.2,2.15,,,,1771.04,1406.64
G1,15/01/11,Olympiakos Volou,PAOK,0,3,A,0,2,A,2.88,3.0,2.4,3.2,2.85,2.4,2.85,3.0,2.4,2.9,3.0,2.4,2.7,3.0,2.38,2.9,3.0,2.6,3.1,2.8,2.62,3.1,2.88,2.4,3.12,3.0,2.6,2.88,2.88,2.4,32,3.2,2.94,3.0,2.9,2.73,2.48,20,3.0,2.64,1.5,1.42,21.0,0.0,2.1,2.03,1.88,1.78,,,,1462.63,1632.65
G1,16/01/11,Aris,Panionios,0,2,A,0,1,A,1.57,3.4,6.0,1.6,3.4,6.25,1.55,3.6,5.5,1.6,3.6,5.0,1.57,3.25,5.5,1.5,3.8,6.5,1.62,3.5,6.5,1.57,3.5,6.0,1.67,3.6,6.5,1.57,3.5,5.25,33,1.64,1.57,3.75,3.53,6.78,5.87,21,2.62,2.46,1.51,1.49,15.0,-0.75,1.86,1.8,2.13,2.07,,,,1545.16,1459.12
G1,16/01/11,Asteras Tripolis,AEK,0,3,A,0,0,D,3.25,3.0,2.2,3.5,2.85,2.25,3.3,3.0,2.15,3.2,3.2,2.1,3.0,3.0,2.2,3.3,3.2,2.25,3.4,3.1,2.25,3.4,3.1,2.15,3.5,3.12,2.38,3.2,3.0,2.15,32,3.63,3.28,3.13,3.02,2.38,2.22,21,2.62,2.44,1.55,1.5,15.0,0.25,1.97,1.93,1.97,1.93,,,,1471.46,1629.16
G1,16/01/11,Larisa,Iraklis,2,1,H,1,1,D,1.53,3.4,6.0,1.62,3.5,5.5,1.65,3.5,4.75,1.65,3.5,4.6,1.57,3.25,5.5,1.5,3.75,6.0,1.67,3.4,6.0,1.53,3.6,5.5,1.67,3.75,6.0,1.75,3.2,4.5,25,1.67,1.57,4.0,3.64,6.67,5.83,16,2.5,2.35,1.55,1.53,11.0,-0.5,1.63,1.57,2.53,2.39,,,,1455.59,1507.05
G1,16/01/11,Panathinaikos,Kavala,4,2,H,2,2,D,1.33,4.33,9.0,1.34,4.33,9.75,1.33,4.33,8.5,1.3,4.8,8.5,1.3,4.5,7.5,1.35,4.5,8.5,1.36,4.33,11.0,1.36,4.33,8.5,1.4,4.5,10.0,1.36,4.2,7.5,32,1.4,1.35,4.52,4.28,11.0,9.14,21,2.25,2.13,1.7,1.65,15.0,-1.2,1.94,1.91,2.01,1.96,,,,1743.23,1502.42
G1,16/01/11,Xanthi,Ergotelis,0,1,A,0,1,A,2.0,3.0,3.8,2.0,2.95,4.2,2.0,3.0,3.75,1.9,3.0,4.0,2.0,3.0,3.4,2.15,3.1,3.4,2.25,2.9,3.75,2.05,3.2,3.6,2.2,3.2,3.8,1.91,3.0,3.9,33,2.25,2.05,3.25,3.06,4.2,3.69,21,2.7,2.58,1.5,1.44,15.0,-0.5,2.2,2.13,1.8,1.75,,,,1524.74,1475.25
G1,22/01/11,AEK,Olympiakos Volou,0,4,A,0,2,A,1.5,3.75,7.5,1.5,3.75,6.75,1.5,3.75,6.5,1.4,3.9,7.5,1.4,3.75,7.0,1.45,4.0,7.0,1.6,3.75,6.0,1.44,3.9,7.5,1.57,3.8,7.5,1.44,3.75,6.5,30,1.6,1.51,4.0,3.68,7.5,6.49,28,2.16,2.06,1.78,1.71,16.0,-1.0,2.09,2.02,1.9,1.83,,,,1639.6,1452.62
G1,22/01/11,Kerkyra,Larisa,1,0,H,0,0,D,2.65,2.9,2.9,2.65,2.95,2.75,2.6,3.0,2.6,2.2,3.1,3.1,2.2,3.0,3.0,2.6,3.1,2.7,2.6,2.9,3.0,2.5,2.88,3.0,2.62,3.1,3.0,2.3,3.0,2.88,27,2.67,2.52,3.1,2.97,3.03,2.84,19,2.63,2.53,1.5,1.46,14.0,0.0,1.86,1.77,2.08,2.0,,,,1433.82,1466.35
G1,22/01/11,PAOK,Xanthi,2,1,H,1,0,H,1.5,3.75,7.5,1.5,3.6,7.5,1.5,3.6,6.5,1.5,3.8,5.7,1.44,3.6,6.5,1.5,3.6,7.5,1.57,3.5,7.0,1.44,3.8,7.5,1.57,3.8,7.5,1.5,3.6,6.0,31,1.58,1.52,3.87,3.59,7.67,6.62,22,2.72,2.45,1.55,1.49,16.0,-1.0,2.11,2.04,1.9,1.82,,,,1642.66,1507.17
G1,23/01/11,Asteras Tripolis,Olympiakos,0,1,A,0,1,A,8.5,3.8,1.45,8.0,3.75,1.45,7.5,3.6,1.45,7.5,3.9,1.4,7.0,3.75,1.4,7.0,4.0,1.5,8.0,3.6,1.5,8.0,3.8,1.44,8.5,3.8,1.53,6.5,3.75,1.44,30,8.5,7.22,4.04,3.73,1.55,1.48,20,2.34,2.21,1.67,1.6,16.0,1.0,1.96,1.89,2.02,1.96,,,,1461.02,1772.65
G1,23/01/11,Ergotelis,Aris,0,0,D,0,0,D,2.75,2.9,2.75,2.8,2.9,2.65,2.6,3.0,2.6,2.5,3.0,2.75,2.5,2.88,2.62,2.7,2.95,2.7,2.7,3.0,2.8,2.63,3.0,2.7,2.75,3.1,2.88,2.5,2.88,2.75,31,2.8,2.59,3.1,2.94,3.04,2.74,22,2.75,2.56,1.5,1.44,21.0,0.0,1.91,1.84,2.06,1.97,,,,1492.82,1526.54
G1,23/01/11,Kavala,Iraklis,3,0,H,0,0,D,1.91,3.25,4.2,1.88,3.0,4.6,1.9,3.1,4.0,1.9,3.1,4.0,2.0,3.0,3.4,1.85,3.2,4.5,1.91,3.1,4.75,1.85,3.2,4.33,1.95,3.3,4.6,1.85,3.1,4.0,31,1.95,1.88,3.33,3.14,4.75,4.2,22,2.65,2.53,1.5,1.45,16.0,-0.5,1.95,1.91,2.0,1.94,,,,1499.34,1496.29
G1,23/01/11,Panionios,Panathinaikos,1,1,D,0,0,D,5.0,3.4,1.75,5.5,3.25,1.7,4.75,3.2,1.73,4.7,3.4,1.65,5.0,3.25,1.62,4.75,3.4,1.8,4.6,3.3,1.85,4.6,3.4,1.75,5.0,3.4,1.83,4.5,3.3,1.7,30,5.5,4.55,3.46,3.28,1.88,1.78,22,2.3,2.23,1.62,1.57,14.0,0.75,1.75,1.73,2.2,2.16,,,,1477.74,1746.31
G1,23/01/11,Panserraikos,Atromitos,0,1,A,0,0,D,2.5,3.0,3.0,2.45,2.9,3.1,2.35,3.0,2.9,2.4,3.0,2.9,2.38,2.88,2.8,2.3,3.2,3.0,2.6,2.9,3.0,2.4,3.0,3.0,2.6,3.1,3.1,2.3,3.0,2.88,31,2.65,2.45,3.2,2.99,3.15,2.89,22,2.65,2.42,1.57,1.49,15.0,-0.25,2.21,2.17,1.76,1.73,,,,1405.03,1488.73
G1,29/01/11,Iraklis,Kerkyra,0,0,D,0,0,D,2.1,3.0,4.0,2.1,2.9,3.9,2.0,3.0,3.75,1.9,3.0,4.0,2.0,3.0,3.4,1.91,3.1,4.2,2.05,3.1,4.0,1.91,3.0,4.25,2.1,3.1,4.33,1.91,3.0,4.0,36,2.13,2.02,3.15,3.02,4.33,3.81,19,2.69,2.54,1.5,1.45,16.0,-0.25,1.81,1.76,2.17,2.12,,,,1487.39,1443.92
G1,29/01/11,Panathinaikos,Ergotelis,2,0,H,2,0,H,1.25,5.5,12.0,1.25,5.0,12.5,1.25,5.0,10.0,1.27,4.8,8.5,1.25,5.0,8.0,1.25,5.2,11.0,1.29,5.0,11.0,1.22,5.5,11.0,1.3,5.5,12.0,1.3,4.33,9.0,35,1.3,1.26,5.5,4.97,12.5,10.0,30,1.98,1.88,1.98,1.87,19.0,-1.5,2.03,1.96,1.95,1.87,,,,1740.68,1490.46
G1,29/01/11,Xanthi,AEK,0,2,A,0,2,A,3.0,3.0,2.5,3.1,2.85,2.45,3.0,3.0,2.3,2.9,3.1,2.3,2.9,2.88,2.3,3.1,3.1,2.3,3.25,3.0,2.38,2.88,3.1,2.38,3.12,3.12,2.6,2.75,2.88,2.5,36,3.25,2.96,3.13,2.97,2.6,2.41,19,2.42,2.3,1.65,1.54,15.0,0.25,1.8,1.75,2.2,2.12,,,,1502.05,1618.62
G1,30/01/11,Aris,PAOK,0,0,D,0,0,D,2.4,3.1,2.8,2.5,2.8,3.1,2.4,3.0,2.85,2.5,3.0,2.7,2.4,2.88,2.8,2.4,3.0,3.2,2.5,2.88,3.2,2.5,3.1,2.88,2.6,3.0,3.2,2.5,2.88,2.75,36,2.6,2.43,3.1,2.94,3.28,2.96,19,2.75,2.6,1.48,1.43,16.0,-0.25,2.17,2.12,1.8,1.76,,,,1528.9,1647.78
G1,30/01/11,Atromitos,Asteras Tripolis,0,0,D,0,0,D,1.65,3.3,5.5,1.78,3.2,5.0,1.75,3.1,4.75,1.75,3.2,4.5,1.73,3.2,4.33,1.75,3.3,4.75,1.75,3.25,5.5,1.75,3.1,5.0,1.8,3.4,5.5,1.75,3.2,4.5,36,1.83,1.75,3.39,3.17,5.57,4.93,19,2.62,2.43,1.55,1.49,18.0,-0.5,1.81,1.77,2.17,2.09,,,,1501.82,1455.31
G1,30/01/11,Larisa,Panserraikos,2,1,H,1,0,H,1.53,3.4,6.5,1.6,3.3,6.5,1.55,3.4,6.25,1.55,3.7,5.4,1.57,3.5,5.0,1.55,3.6,6.25,1.62,3.4,7.0,1.53,3.4,6.5,1.57,3.75,7.5,1.57,3.6,5.0,32,1.62,1.54,3.79,3.53,7.54,6.46,17,2.75,2.61,1.5,1.44,15.0,-0.75,1.82,1.78,2.14,2.09,,,,1456.25,1391.94
G1,30/01/11,Olympiakos Volou,Olympiakos,0,1,A,0,1,A,6.0,3.5,1.55,6.5,3.3,1.6,6.0,3.5,1.55,5.4,3.7,1.55,5.5,3.4,1.53,6.5,3.5,1.6,6.5,3.5,1.62,6.0,3.6,1.53,7.0,3.8,1.62,5.0,3.6,1.57,31,7.5,6.09,3.9,3.59,1.63,1.54,18,2.38,2.25,1.65,1.58,15.0,1.0,1.76,1.72,2.38,2.15,,,,1473.6,1778.36
G1,30/01/11,Panionios,Kavala,1,1,D,0,0,D,2.15,3.1,3.25,2.1,2.95,3.8,2.0,3.0,3.75,1.8,3.3,4.1,2.2,3.0,3.0,2.0,3.15,3.8,2.25,2.9,3.75,2.0,3.2,3.6,2.25,3.12,3.75,2.3,2.88,3.0,36,2.3,2.12,3.2,3.04,3.9,3.45,19,2.75,2.54,1.55,1.45,15.0,-0.25,1.91,1.87,2.04,2.0,,,,1483.37,1508.24
G1,05/02/11,AEK,Aris,1,2,A,0,1,A,1.6,3.6,6.0,1.6,3.5,6.0,1.6,3.5,5.25,1.55,3.7,5.4,1.62,3.25,5.0,1.6,3.75,6.0,1.67,3.4,6.0,1.62,3.4,5.5,1.67,3.75,6.0,1.57,3.4,5.5,32,1.67,1.6,3.79,3.51,6.7,5.7,17,2.38,2.26,1.62,1.57,15.0,-0.75,1.87,1.82,2.13,2.05,,,,1630.52,1529.58
G1,05/02/11,Asteras Tripolis,Larisa,1,1,D,1,1,D,2.45,3.1,3.0,2.55,2.85,2.95,2.4,3.0,2.9,2.4,3.1,2.75,2.38,3.0,2.7,2.45,3.1,2.85,2.5,2.88,3.2,2.4,3.0,3.0,2.6,3.1,3.1,2.4,3.1,2.63,27,2.6,2.45,3.1,3.0,3.31,2.95,16,3.0,2.58,1.5,1.45,14.0,-0.25,2.16,2.09,1.84,1.78,,,,1460.29,1463.24
G1,05/02/11,Panserraikos,Iraklis,1,2,A,0,2,A,2.4,3.0,3.2,2.35,2.95,3.2,2.25,3.0,3.1,2.3,3.0,3.0,2.2,3.0,3.0,2.3,3.1,3.1,2.5,2.88,3.2,2.25,3.0,3.2,2.5,3.1,3.2,2.3,3.1,2.8,30,2.55,2.4,3.1,2.98,3.27,3.01,17,3.0,2.55,1.53,1.46,15.0,-0.25,2.16,2.11,1.8,1.77,,,,1384.95,1482.5
G1,06/02/11,Ergotelis,Panionios,2,0,H,1,0,H,2.4,3.0,3.2,2.4,2.85,3.2,2.3,3.0,3.0,2.3,2.8,3.2,2.2,3.0,3.0,2.45,3.1,2.85,2.5,2.88,3.2,2.5,3.0,2.75,2.5,3.1,3.2,2.4,3.1,2.62,32,2.56,2.42,3.1,3.0,3.24,2.94,17,2.75,2.54,1.5,1.46,15.0,-0.25,2.16,2.11,1.8,1.77,,,,1487.52,1480.71
G1,06/02/11,Kavala,Kerkyra,1,0,H,1,0,H,1.75,3.4,5.0,1.75,3.25,5.0,1.75,3.3,4.5,1.8,3.2,4.3,1.83,3.2,3.75,1.7,3.4,5.0,1.8,3.1,5.5,1.73,3.3,4.75,1.8,3.5,5.0,1.73,3.25,4.33,32,1.8,1.74,3.5,3.29,5.5,4.76,17,2.7,2.51,1.55,1.47,17.0,-0.5,1.79,1.76,2.17,2.11,,,,1510.9,1448.81
G1,06/02/11,Olympiakos,Xanthi,1,0,H,1,0,H,1.25,5.5,12.0,1.18,6.0,15.0,1.22,5.25,11.0,1.2,5.5,12.0,1.2,5.0,11.0,1.22,5.5,12.0,1.29,5.0,12.0,1.22,5.5,11.0,1.25,6.0,13.0,1.2,5.0,13.0,32,1.29,1.22,6.0,5.4,19.0,12.66,27,1.95,1.84,2.0,1.92,17.0,-1.5,1.86,1.8,2.13,2.04,,,,1784.24,1490.15
G1,06/02/11,Olympiakos Volou,Atromitos,2,0,H,1,0,H,2.2,3.1,3.5,2.05,2.95,3.9,2.1,3.0,3.4,2.1,3.0,3.4,2.1,3.2,3.0,2.15,3.1,3.4,2.25,2.9,3.75,2.1,3.1,3.4,2.15,3.0,3.5,2.2,3.0,3.1,32,2.28,2.17,3.2,3.03,3.9,3.36,17,2.75,2.52,1.51,1.47,15.0,-0.25,1.92,1.87,2.04,1.99,,,,1467.72,1496.84
G1,06/02/11,PAOK,Panathinaikos,0,1,A,0,1,A,2.63,3.1,2.75,2.65,2.9,2.8,2.55,3.0,2.7,2.5,3.0,2.7,2.5,2.88,2.62,2.62,3.2,2.7,2.7,2.9,2.9,2.5,3.1,2.75,2.62,3.12,3.0,2.6,3.0,2.5,32,2.7,2.53,3.13,2.99,3.16,2.81,17,2.75,2.49,1.55,1.48,22.0,0.0,1.85,1.79,2.13,2.02,,,,1647.1,1743.62
G1,12/02/11,Aris,Olympiakos,1,2,A,1,1,D,4.2,3.1,2.0,4.1,3.1,1.95,4.0,3.0,1.95,4.0,3.1,1.9,3.75,3.0,1.91,4.0,3.2,2.0,4.1,3.1,1.91,3.9,3.2,1.91,4.33,3.12,2.05,3.8,3.2,1.91,33,4.33,3.95,3.22,3.09,2.05,1.97,20,2.75,2.55,1.5,1.46,18.0,0.5,1.9,1.85,2.06,2.0,,,,1548.6,1786.58
G1,12/02/11,Ergotelis,Kavala,2,1,H,1,1,D,2.1,3.1,3.75,2.25,2.85,3.5,2.2,2.9,3.3,2.1,3.0,3.4,2.1,3.0,3.2,2.2,3.1,3.25,2.1,3.0,3.6,2.15,3.0,3.4,2.2,3.0,3.8,2.1,3.1,3.25,31,2.3,2.17,3.1,2.96,3.9,3.5,20,2.75,2.57,1.5,1.45,16.0,-0.25,1.86,1.82,2.09,2.05,,,,1496.29,1517.96
G1,12/02/11,Panionios,PAOK,1,0,H,0,0,D,3.0,2.9,2.6,3.1,2.95,2.4,2.8,2.9,2.5,2.7,3.0,2.5,2.6,3.0,2.5,2.6,3.1,2.7,3.0,2.9,2.62,2.8,3.0,2.5,3.0,3.1,2.62,2.7,3.0,2.5,30,3.15,2.79,3.1,2.98,2.7,2.57,19,2.75,2.58,1.5,1.44,16.0,0.25,1.74,1.71,2.25,2.19,,,,1471.94,1634.47
G1,13/02/11,Iraklis,Asteras Tripolis,0,0,D,0,0,D,2.1,3.1,3.75,2.1,3.0,3.7,2.0,3.0,3.75,2.0,3.0,3.6,2.1,3.2,3.0,2.1,3.0,3.7,2.15,3.0,3.75,1.95,3.1,3.75,2.2,3.2,3.75,2.0,3.0,3.75,33,2.25,2.12,3.2,3.05,3.8,3.51,20,2.75,2.6,1.5,1.43,17.0,-0.5,2.23,2.16,1.76,1.72,,,,1495.09,1456.89
G1,13/02/11,Kerkyra,Panserraikos,3,0,H,3,0,H,1.8,3.25,5.0,1.7,3.35,5.15,1.7,3.3,4.75,1.7,3.3,4.8,1.73,3.2,4.33,1.75,3.5,4.5,1.8,3.1,5.5,1.7,3.4,4.75,1.8,3.5,5.25,1.73,3.25,4.5,30,1.85,1.76,3.5,3.31,5.5,4.68,19,2.62,2.41,1.55,1.5,15.0,-0.75,2.19,2.14,1.78,1.75,,,,1441.75,1372.36
G1,13/02/11,Larisa,Olympiakos Volou,1,2,A,0,0,D,2.05,3.1,4.0,1.91,3.1,4.25,1.9,3.1,4.0,2.0,3.0,3.6,1.91,3.2,3.5,1.8,3.3,4.5,2.05,3.1,4.0,1.91,3.2,3.8,2.1,3.2,4.0,2.0,3.1,3.6,29,2.12,2.0,3.3,3.13,4.5,3.79,18,2.62,2.47,1.55,1.49,17.0,-0.5,2.12,2.06,1.85,1.79,,,,1466.64,1477.7
G1,13/02/11,Panathinaikos,AEK,3,1,H,1,0,H,1.75,3.3,5.25,1.7,3.4,5.0,1.75,3.2,4.6,1.7,3.2,4.8,1.73,3.2,4.33,1.7,3.5,5.25,1.75,3.5,5.0,1.75,3.25,4.75,1.75,3.5,5.5,1.7,3.3,4.75,33,1.8,1.73,3.6,3.37,5.55,4.81,20,2.3,2.18,1.67,1.61,17.0,-0.5,1.8,1.75,2.2,2.12,,,,1756.25,1611.5
G1,13/02/11,Xanthi,Atromitos,3,0,H,0,0,D,2.4,2.9,3.25,2.3,2.9,3.3,2.3,2.9,3.1,2.3,3.0,3.0,2.38,3.0,2.7,2.25,3.0,3.3,2.5,2.9,3.2,2.2,3.0,3.3,2.5,3.0,3.3,2.38,3.0,2.88,33,2.54,2.39,3.1,2.94,3.5,3.09,20,2.75,2.57,1.5,1.44,16.0,-0.25,2.13,2.08,1.82,1.79,,,,1487.81,1486.86
G1,19/02/11,Asteras Tripolis,Kerkyra,0,2,A,0,0,D,1.75,3.4,5.0,1.78,3.2,5.0,1.75,3.1,4.75,1.85,3.2,4.1,1.67,3.1,5.0,1.75,3.2,5.0,1.8,3.1,5.5,1.75,3.3,5.0,1.8,3.12,5.5,1.73,3.25,4.33,30,1.8,1.74,3.4,3.18,6.37,5.01,16,2.82,2.61,1.49,1.43,18.0,-0.5,1.8,1.75,2.19,2.12,,,,1461.62,1448.6
G1,19/02/11,Kavala,Panserraikos,0,0,D,0,0,D,1.5,3.9,7.0,1.42,4.1,7.5,1.45,3.75,7.0,1.4,4.1,7.0,1.44,3.6,6.5,1.35,4.3,9.0,1.44,4.0,8.5,1.44,4.0,7.5,1.44,4.0,7.5,1.4,4.0,6.5,32,1.5,1.42,4.33,3.97,8.89,7.28,16,2.3,2.19,1.67,1.61,17.0,-1.0,1.83,1.76,2.2,2.13,,,,1508.23,1365.51
G1,19/02/11,Olympiakos,Panathinaikos,2,1,H,1,0,H,1.85,3.5,4.2,1.9,3.35,3.9,1.85,3.25,4.0,2.0,3.2,3.4,1.83,3.2,3.75,1.9,3.4,4.2,1.85,3.25,4.75,1.85,3.4,4.2,1.91,3.6,4.33,1.83,3.3,3.75,32,1.95,1.86,3.6,3.28,4.49,4.01,16,2.5,2.33,1.6,1.54,18.0,-0.5,1.95,1.89,2.0,1.96,,,,1794.36,1761.16
G1,20/02/11,AEK,Panionios,1,1,D,1,0,H,1.57,3.7,6.25,1.57,3.6,6.0,1.57,3.5,5.5,1.6,3.4,5.3,1.53,3.4,5.5,1.55,3.8,6.5,1.57,3.6,7.0,1.6,3.6,5.75,1.62,3.8,6.5,1.53,3.6,5.5,32,1.62,1.55,3.88,3.55,7.44,6.03,15,2.35,2.24,1.6,1.57,16.0,-0.75,1.78,1.75,2.18,2.14,,,,1606.59,1486.67
G1,20/02/11,Atromitos,Aris,0,0,D,0,0,D,2.3,3.1,3.25,2.35,2.9,3.2,2.3,3.0,3.0,2.1,3.0,3.4,2.38,3.0,2.7,2.4,2.9,3.1,2.4,2.8,3.5,2.4,3.1,3.0,2.38,3.12,3.4,2.3,3.0,2.88,32,2.38,2.3,3.13,2.99,3.61,3.12,16,2.88,2.62,1.45,1.42,16.0,-0.25,2.03,1.99,1.93,1.88,,,,1477.89,1540.82
G1,20/02/11,Olympiakos Volou,Iraklis,1,1,D,1,0,H,1.8,3.3,4.75,1.8,3.2,4.65,1.75,3.25,4.5,1.85,3.2,4.1,1.73,3.2,4.33,1.75,3.3,4.75,1.75,3.25,5.5,1.75,3.25,5.0,1.83,3.4,5.0,1.73,3.3,4.2,30,1.83,1.77,3.41,3.2,5.4,4.74,16,2.7,2.52,1.5,1.46,18.0,-0.5,1.8,1.77,2.16,2.09,,,,1493.33,1490.36
G1,20/02/11,Xanthi,Larisa,1,1,D,1,1,D,2.1,3.25,3.5,2.1,3.1,3.5,2.05,3.1,3.5,2.0,3.2,3.4,2.1,3.0,3.2,2.1,3.05,3.6,2.15,2.9,4.0,2.1,3.2,3.5,2.15,3.25,3.8,2.0,3.2,3.3,28,2.16,2.06,3.25,3.11,4.21,3.57,15,2.7,2.53,1.5,1.45,17.0,-0.5,2.16,2.1,1.81,1.76,,,,1496.78,1451.01
G1,26/02/11,Iraklis,Xanthi,1,1,D,0,1,A,2.15,3.0,3.8,2.0,3.1,3.9,2.0,3.0,3.75,2.0,3.0,3.6,2.0,3.2,3.2,2.05,2.9,4.0,2.0,3.2,4.0,2.15,3.0,3.6,2.2,3.12,3.8,2.0,3.1,3.5,38,2.21,2.09,3.2,3.03,4.0,3.59,20,2.75,2.58,1.5,1.44,18.0,-0.5,2.21,2.14,1.79,1.74,,,,1493.96,1491.82
G1,26/02/11,Kerkyra,Olympiakos Volou,1,3,A,0,3,A,2.5,2.9,3.1,2.35,2.95,3.2,2.5,2.9,2.8,2.5,3.0,2.7,2.2,3.0,3.0,2.6,2.95,2.8,2.7,2.9,2.9,2.55,3.0,2.88,2.62,3.0,3.12,2.4,3.0,2.8,34,2.7,2.52,3.0,2.91,3.2,2.89,18,2.63,2.48,1.53,1.48,16.0,-0.25,2.2,2.16,1.78,1.74,,,,1465.03,1489.73
G1,26/02/11,Panathinaikos,Atromitos,1,1,D,1,1,D,1.3,4.75,11.0,1.31,4.75,9.5,1.3,4.75,8.5,1.3,4.8,8.5,1.29,4.33,8.5,1.33,4.5,9.0,1.3,4.75,12.0,1.3,5.0,9.5,1.33,5.0,12.0,1.3,4.2,11.0,37,1.34,1.3,5.0,4.67,12.0,9.21,30,2.01,1.92,1.95,1.84,18.0,-1.5,2.13,2.06,1.83,1.79,,,,1753.23,1476.56
G1,27/02/11,Ergotelis,AEK,2,3,A,0,1,A,3.4,3.0,2.3,3.4,3.1,2.15,3.0,3.1,2.25,3.2,3.2,2.1,2.7,3.0,2.38,3.0,3.2,2.4,3.3,3.0,2.35,3.0,3.2,2.3,3.4,3.12,2.4,2.88,3.0,2.3,34,3.44,3.1,3.25,3.03,2.4,2.3,17,2.4,2.24,1.65,1.57,15.0,0.25,1.9,1.86,2.1,2.01,,,,1506.02,1599.59
G1,27/02/11,Larisa,Aris,2,2,D,1,1,D,2.3,3.0,3.4,2.25,2.95,3.4,2.3,3.0,3.0,2.1,3.1,3.3,2.2,3.0,3.0,2.2,3.2,3.2,2.3,3.2,3.15,2.3,3.1,3.1,2.4,3.1,3.4,2.25,3.1,2.88,30,2.4,2.28,3.2,3.04,3.5,3.11,17,2.75,2.53,1.5,1.45,16.0,-0.25,2.02,1.97,1.92,1.88,,,,1455.97,1542.15
G1,27/02/11,Panionios,Olympiakos,1,1,D,0,1,A,5.25,3.4,1.73,4.33,3.4,1.8,4.5,3.25,1.75,4.2,3.2,1.8,4.33,3.2,1.73,5.0,3.25,1.8,4.8,3.3,1.8,5.0,3.4,1.73,5.25,3.4,1.8,4.75,3.2,1.73,34,5.55,4.88,3.55,3.32,1.8,1.72,16,2.35,2.21,1.65,1.59,15.0,0.75,1.94,1.9,2.02,1.94,,,,1493.67,1802.29
G1,27/02/11,Panserraikos,Asteras Tripolis,0,1,A,0,1,A,3.4,3.0,2.3,3.2,3.0,2.3,3.0,3.1,2.25,3.0,3.2,2.2,3.0,2.88,2.25,3.0,3.3,2.25,3.15,3.25,2.3,3.1,3.1,2.3,3.4,3.1,2.4,3.0,3.2,2.2,33,3.53,3.14,3.25,3.04,2.42,2.28,17,2.75,2.5,1.55,1.47,15.0,0.25,1.93,1.88,2.05,1.99,,,,1373.05,1445.19
G1,27/02/11,PAOK,Kavala,0,2,A,0,1,A,1.73,3.3,5.5,1.6,3.5,6.0,1.6,3.5,5.25,1.55,3.7,5.4,1.62,3.25,5.0,1.65,3.4,5.5,1.58,3.6,6.5,1.67,3.4,5.5,1.75,3.4,6.0,1.7,3.3,4.75,33,1.75,1.68,3.6,3.35,6.5,5.22,18,2.75,2.49,1.55,1.48,16.0,-0.75,2.04,2.0,1.91,1.87,,,,1619.74,1500.69
G1,05/03/11,Aris,Iraklis,0,1,A,0,0,D,1.73,3.5,5.0,1.65,3.3,5.75,1.65,3.4,5.0,1.75,3.4,4.3,1.62,3.25,5.0,1.6,3.5,5.75,1.7,3.4,5.5,1.62,3.5,6.0,1.73,3.5,5.5,,,,34,1.73,1.66,3.53,3.38,6.1,5.33,17,2.7,2.53,1.5,1.46,16.0,-0.75,1.97,1.93,1.97,1.94,,,,1542.65,1490.39
G1,05/03/11,Olympiakos Volou,Panserraikos,3,0,H,2,0,H,1.4,4.2,9.0,1.44,4.0,7.5,1.4,4.0,7.5,1.35,4.3,7.5,1.4,3.75,7.0,1.35,4.5,8.5,1.4,4.2,9.0,1.4,4.33,8.5,1.4,4.33,9.0,,,,32,1.45,1.4,4.5,4.13,9.0,7.6,18,2.2,2.08,1.73,1.68,16.0,-1.25,2.06,2.01,1.89,1.85,,,,1504.9,1359.55
G1,05/03/11,Xanthi,Kerkyra,2,1,H,1,1,D,1.83,3.25,4.75,1.85,3.1,4.6,1.8,3.2,4.25,2.0,2.8,3.9,1.83,3.0,4.0,1.85,3.2,4.5,1.85,3.1,5.0,1.83,3.25,4.75,1.85,3.25,4.75,,,,34,1.89,1.82,3.33,3.17,5.04,4.48,17,2.7,2.56,1.5,1.44,18.0,-0.5,1.89,1.83,2.08,2.02,,,,1495.39,1449.86
G1,06/03/11,AEK,PAOK,4,0,H,2,0,H,2.15,3.2,3.5,2.15,3.1,3.4,2.1,3.1,3.3,2.2,3.0,3.2,2.1,3.2,3.0,2.15,3.2,3.5,2.15,3.2,3.5,2.1,3.2,3.4,2.15,3.25,3.8,,,,32,2.15,2.07,3.3,3.14,4.0,3.51,16,2.5,2.37,1.57,1.52,16.0,-0.25,1.86,1.79,2.13,2.09,,,,1612.32,1600.26
G1,06/03/11,Atromitos,Panionios,1,2,A,0,0,D,2.2,3.1,3.5,2.25,2.95,3.4,2.2,3.0,3.2,2.3,2.9,3.1,2.1,3.2,3.0,2.3,2.9,3.3,2.35,3.0,3.3,2.25,3.0,3.5,2.2,3.12,3.6,,,,30,2.25,2.15,3.2,3.03,3.88,3.41,17,2.7,2.52,1.55,1.46,16.0,-0.25,1.86,1.81,2.11,2.06,,,,1486.49,1500.39
G1,06/03/11,Kavala,Asteras Tripolis,1,0,H,0,0,D,1.91,3.4,4.0,1.95,3.1,4.1,1.9,3.25,3.75,1.9,3.2,3.8,1.91,3.2,3.5,1.9,3.2,4.2,2.05,3.2,3.8,1.91,3.4,4.0,2.0,3.3,4.0,,,,32,2.05,1.94,3.4,3.16,4.44,3.9,17,2.75,2.56,1.5,1.45,18.0,-0.5,2.02,1.98,1.91,1.87,,,,1520.17,1458.69
G1,06/03/11,Larisa,Panathinaikos,2,0,H,2,0,H,4.0,3.4,1.91,4.1,3.2,1.91,3.8,3.2,1.9,3.7,3.3,1.9,3.75,3.0,1.91,3.75,3.4,2.0,4.0,3.1,2.05,4.0,3.2,2.0,4.0,3.4,2.05,,,,27,4.35,3.87,3.4,3.19,2.05,1.95,16,2.3,2.23,1.62,1.58,17.0,0.5,1.91,1.86,2.04,1.98,,,,1455.47,1743.3
G1,06/03/11,Olympiakos,Ergotelis,3,0,H,0,0,D,1.22,5.5,15.0,1.22,5.75,11.5,1.22,5.0,12.0,1.22,5.3,11.0,1.25,4.5,10.0,1.2,5.5,15.0,1.25,6.0,11.0,1.22,5.75,13.0,1.25,6.0,15.0,,,,30,1.25,1.22,6.0,5.42,15.0,11.61,26,1.97,1.87,1.99,1.9,16.0,-1.75,2.13,2.04,1.87,1.83,,,,1795.57,1493.29
G1,09/03/11,PAOK,Ergotelis,2,0,H,1,0,H,1.5,3.6,6.5,1.5,3.85,6.35,1.45,3.75,7.0,1.5,3.8,5.7,1.44,3.6,6.5,1.5,3.6,6.5,1.45,4.0,8.0,1.44,4.0,7.0,1.44,3.8,8.0,1.53,3.6,5.5,23,1.58,1.47,4.0,3.7,8.0,6.57,10,2.25,2.21,1.6,1.56,12.0,-1.0,2.13,2.08,1.82,1.78,,,,1591.66,1491.04
G1,12/03/11,Asteras Tripolis,Olympiakos Volou,2,1,H,1,1,D,2.25,3.0,3.5,2.3,3.0,3.2,2.25,3.1,3.0,2.3,3.2,2.8,2.38,2.8,2.88,2.15,3.2,3.3,2.35,3.0,3.3,2.3,3.1,3.2,2.25,3.0,3.3,2.25,3.25,2.75,36,2.38,2.24,3.25,3.05,3.63,3.17,19,2.7,2.49,1.55,1.47,18.0,-0.25,2.03,1.95,1.98,1.91,,,,1451.61,1509.8
G1,12/03/11,Iraklis,Panathinaikos,1,3,A,1,1,D,4.75,3.2,1.83,4.5,3.3,1.8,4.0,3.1,1.9,3.5,3.1,2.0,4.33,3.2,1.73,4.1,3.4,1.9,4.2,3.1,2.0,4.5,3.3,1.85,4.6,3.12,1.85,4.2,3.25,1.8,37,5.0,4.26,3.35,3.17,2.0,1.85,20,2.5,2.34,1.62,1.52,20.0,0.5,2.0,1.95,1.93,1.9,,,,1508.04,1724.63
G1,12/03/11,Panserraikos,Xanthi,2,1,H,1,0,H,4.2,3.1,2.0,4.25,3.1,1.91,3.75,3.0,2.0,4.0,3.2,1.85,3.2,3.0,2.1,3.5,3.25,2.05,3.6,3.0,2.2,4.0,3.0,2.05,3.5,3.12,2.1,3.9,2.9,1.91,37,4.26,3.78,3.4,3.07,2.2,2.01,20,2.6,2.42,1.57,1.49,19.0,0.5,1.89,1.82,2.06,2.02,,,,1354.65,1502.94
G1,13/03/11,AEK,Kavala,1,0,H,0,0,D,1.73,3.4,5.25,1.65,3.5,5.25,1.65,3.4,5.0,1.7,3.4,4.5,1.62,3.25,5.0,1.6,3.6,5.5,1.7,3.4,5.5,1.62,3.6,5.75,1.7,3.4,5.0,1.62,3.5,5.0,37,1.76,1.67,3.6,3.4,5.75,5.04,20,2.3,2.14,1.68,1.62,18.0,-0.75,2.06,1.99,1.92,1.86,,,,1620.92,1527.25
G1,13/03/11,Ergotelis,Atromitos,1,1,D,1,0,H,2.3,3.0,3.4,2.25,2.95,3.4,2.2,3.0,3.2,2.1,2.8,3.6,2.1,2.88,3.3,2.2,3.1,3.25,2.2,3.0,3.6,2.25,3.0,3.4,2.3,3.0,3.25,2.15,3.0,3.25,37,2.4,2.25,3.1,2.99,3.6,3.23,20,2.56,2.43,1.55,1.48,18.0,-0.25,2.04,1.99,1.9,1.86,,,,1485.05,1470.95
G1,13/03/11,Kerkyra,Aris,3,4,A,2,1,H,2.8,2.88,2.75,2.75,2.85,2.75,2.7,2.9,2.6,2.5,2.6,3.2,2.5,2.8,2.75,2.7,3.1,2.6,2.75,2.95,2.75,2.75,3.0,2.7,2.75,3.0,2.62,2.6,2.88,2.7,36,2.88,2.69,3.1,2.9,2.88,2.68,19,2.75,2.57,1.5,1.43,23.0,0.0,2.04,1.95,1.95,1.87,,,,1442.31,1525.0
G1,13/03/11,Panionios,Larisa,3,3,D,2,0,H,2.15,3.0,3.75,2.25,2.95,3.4,2.2,3.0,3.2,1.9,3.3,3.7,2.1,3.0,3.2,2.3,3.2,3.0,2.1,3.2,3.6,2.15,3.2,3.4,2.1,3.0,3.6,2.15,3.0,3.25,32,2.25,2.13,3.2,3.05,3.92,3.47,18,2.6,2.44,1.55,1.49,17.0,-0.25,1.86,1.82,2.08,2.03,,,,1515.93,1474.14
G1,13/03/11,PAOK,Olympiakos,2,1,H,1,1,D,3.0,3.0,2.5,2.85,2.95,2.55,2.75,3.0,2.5,2.6,3.0,2.6,2.8,2.88,2.38,2.7,3.1,2.7,2.7,3.1,2.7,2.88,3.0,2.63,2.88,3.0,2.5,2.6,3.0,2.6,36,3.16,2.81,3.1,2.97,2.75,2.52,18,2.5,2.38,1.55,1.5,16.0,0.25,1.78,1.75,2.18,2.13,,,,1597.65,1797.82
G1,20/03/11,Aris,Panserraikos,3,1,H,3,1,H,1.33,4.75,9.0,1.37,4.33,8.25,1.35,4.25,8.5,1.35,4.5,7.3,1.33,4.33,7.0,1.25,5.2,11.0,1.35,5.0,8.5,1.33,4.5,10.0,1.36,5.0,9.0,1.33,4.5,7.5,34,1.37,1.33,5.0,4.59,10.5,8.34,28,2.17,2.01,1.82,1.77,18.0,-1.25,1.75,1.72,2.23,2.17,,,,1538.12,1368.88
G1,20/03/11,Atromitos,PAOK,2,2,D,1,1,D,2.7,2.9,2.8,2.55,2.85,2.95,2.6,2.85,2.75,2.5,2.8,3.0,2.5,3.0,2.6,2.7,3.0,2.8,2.7,2.9,2.9,2.75,2.9,2.75,2.75,3.0,2.88,2.62,2.88,2.62,33,2.86,2.61,3.0,2.9,2.95,2.78,14,2.63,2.54,1.54,1.46,21.0,0.0,1.91,1.85,2.06,1.99,,,,1474.91,1613.66
G1,20/03/11,Iraklis,Panionios,1,1,D,0,1,A,2.35,2.75,3.5,2.25,2.9,3.4,2.3,2.9,3.1,2.4,2.7,3.2,2.2,3.0,3.0,2.5,2.8,3.1,2.4,2.9,3.3,2.38,2.75,3.5,2.5,3.0,3.4,2.38,2.88,3.0,35,2.52,2.38,3.05,2.92,3.5,3.1,17,2.7,2.52,1.57,1.46,18.0,-0.25,2.13,2.07,1.82,1.8,,,,1499.58,1511.09
G1,20/03/11,Kavala,Olympiakos Volou,0,1,A,0,0,D,1.91,3.25,4.33,2.05,3.1,3.7,2.0,3.3,3.3,2.1,3.2,3.2,2.1,3.0,3.2,2.05,3.2,3.6,2.1,3.1,3.8,2.1,3.1,3.6,2.0,3.25,4.0,2.0,3.0,3.75,32,2.1,1.96,3.4,3.16,4.33,3.84,17,2.52,2.38,1.57,1.51,13.0,-0.5,2.06,2.01,1.88,1.81,,,,1521.08,1498.8
G1,20/03/11,Larisa,Ergotelis,3,3,D,1,1,D,1.73,3.4,5.0,1.65,3.5,5.25,1.65,3.5,4.75,1.65,3.5,4.6,1.62,3.25,5.0,1.6,3.75,5.25,1.62,3.75,5.5,1.67,3.5,5.5,1.8,3.5,5.25,1.73,3.25,4.5,32,1.91,1.75,3.5,3.35,5.5,4.71,16,2.25,2.17,1.7,1.62,17.0,-0.75,2.19,2.11,1.83,1.77,,,,1478.98,1481.09
G1,20/03/11,Olympiakos,AEK,6,0,H,3,0,H,1.67,3.6,5.25,1.65,3.5,5.25,1.7,3.3,4.75,1.65,3.5,4.6,1.73,3.2,4.33,1.65,3.75,5.25,1.62,3.6,6.0,1.73,3.4,5.0,1.67,3.75,6.0,1.67,3.5,4.5,35,1.73,1.63,3.76,3.51,6.38,5.26,17,2.21,2.1,1.7,1.66,18.0,-0.75,1.88,1.83,2.09,2.03,,,,1781.81,1627.09
G1,20/03/11,Panathinaikos,Kerkyra,2,1,H,2,1,H,1.22,6.0,12.0,1.25,5.25,11.0,1.2,5.5,12.0,1.25,5.0,10.0,1.2,5.0,11.0,1.22,5.5,13.0,1.25,5.5,12.0,1.2,6.0,13.0,1.29,6.0,12.0,1.2,5.5,11.0,33,1.29,1.25,6.0,5.17,13.0,10.8,28,1.88,1.81,2.04,1.97,17.0,-1.5,1.97,1.92,1.96,1.92,,,,1733.09,1429.19
G1,20/03/11,Xanthi,Asteras Tripolis,1,0,H,0,0,D,2.1,3.1,3.75,2.0,3.0,4.1,2.05,3.1,3.5,2.1,2.9,3.5,2.1,3.2,3.0,2.2,3.1,3.25,2.2,3.0,3.6,2.1,3.1,3.6,2.15,3.12,4.0,2.1,2.88,3.5,34,2.15,2.07,3.2,3.04,4.16,3.64,15,2.63,2.56,1.52,1.44,20.0,-0.5,2.14,2.08,1.83,1.78,,,,1488.71,1462.61
G1,03/04/11,AEK,Atromitos,1,0,H,1,0,H,1.6,3.6,5.25,1.55,3.75,6.0,1.6,3.5,5.25,1.7,3.4,4.5,1.67,3.3,4.5,1.6,3.6,5.5,1.6,3.6,6.0,1.6,3.5,6.0,1.57,3.6,6.0,1.53,3.6,5.5,27,1.7,1.58,3.75,3.53,6.5,5.6,19,2.08,2.0,1.75,1.72,4.0,0.0,1.22,1.18,4.6,4.33,,,,1622.4,1476.3
G1,03/04/11,Asteras Tripolis,Aris,1,2,A,1,1,D,1.91,3.3,3.75,2.0,3.1,3.9,1.9,3.3,3.7,1.8,3.4,4.0,2.0,3.4,3.0,2.1,3.5,3.3,1.9,3.2,4.33,1.83,3.4,3.75,,,,1.83,3.3,3.8,25,2.1,1.9,3.5,3.26,4.33,3.78,19,2.38,2.22,1.67,1.59,3.0,0.0,1.4,1.37,3.0,2.81,,,,1454.46,1542.5
G1,03/04/11,Ergotelis,Iraklis,1,0,H,1,0,H,,,,,,,,,,,,,,,,,,,,,,,,,,,,,,,2,3.4,3.4,1.65,1.65,4.55,4.22,2,2.65,2.32,1.45,1.32,,,,,,,,,,1484.52,1496.46
G1,03/04/11,Kerkyra,Panionios,1,2,A,0,1,A,2.3,2.8,3.2,2.45,2.95,3.0,2.4,2.8,3.1,2.3,2.5,3.5,2.25,2.88,3.0,2.4,2.8,3.3,2.5,2.75,3.35,2.38,2.88,3.3,2.3,2.88,3.4,2.3,2.88,3.0,27,2.55,2.39,2.88,2.77,3.5,3.18,17,2.55,2.45,1.53,1.49,5.0,0.0,1.67,1.63,2.2,2.13,,,,1426.96,1514.21
G1,03/04/11,Olympiakos,Kavala,3,1,H,0,0,D,1.3,4.5,10.0,1.33,4.75,8.5,1.33,4.5,8.0,1.35,4.5,7.3,1.33,4.33,7.0,1.35,4.5,8.5,1.36,4.33,10.0,1.3,4.75,10.0,1.33,4.4,10.0,1.3,4.5,8.0,28,1.42,1.33,5.4,4.65,10.0,8.0,19,1.8,1.72,2.1,2.0,4.0,0.0,1.12,1.08,8.0,6.93,,,,1786.5,1504.35
G1,03/04/11,Olympiakos Volou,Xanthi,3,0,H,1,0,H,1.67,3.2,5.5,1.65,3.4,5.5,1.65,3.3,5.25,1.65,3.5,4.6,1.62,3.25,5.0,1.65,3.5,5.25,1.65,3.4,6.0,1.67,3.4,5.5,1.67,3.3,5.5,1.62,3.3,5.25,27,1.7,1.64,4.0,3.34,6.0,5.43,18,2.38,2.27,1.58,1.55,4.0,0.0,1.22,1.2,4.2,4.03,,,,1515.53,1496.86
G1,03/04/11,Panserraikos,Panathinaikos,1,0,H,1,0,H,11.0,5.0,1.25,10.0,5.5,1.25,9.0,4.75,1.28,7.3,4.5,1.35,8.0,5.0,1.25,10.0,5.5,1.25,9.5,4.5,1.35,11.0,5.5,1.25,11.0,4.75,1.29,9.0,5.0,1.25,27,11.0,9.32,5.8,5.01,1.35,1.27,18,1.73,1.65,2.2,2.12,4.0,0.0,10.0,8.32,1.08,1.05,,,,1364.5,1735.32
G1,03/04/11,PAOK,Larisa,1,0,H,0,0,D,1.5,3.75,6.5,1.57,3.6,6.0,1.55,3.6,5.75,1.65,3.8,4.0,1.5,3.5,6.0,1.6,4.0,5.5,1.6,3.5,6.5,1.53,3.75,6.5,1.5,3.75,6.5,1.5,3.75,5.5,24,1.6,1.53,4.05,3.65,6.68,6.0,16,2.3,2.19,1.67,1.6,3.0,0.0,1.17,1.15,5.0,4.8,,,,1612.27,1475.55
G1,10/04/11,Aris,Olympiakos Volou,2,1,H,0,1,A,1.7,3.3,5.0,1.67,3.5,5.0,1.67,3.4,4.75,1.7,3.5,4.4,1.61,3.25,5.0,,,,1.65,3.15,5.0,1.73,3.3,5.25,1.67,3.3,5.5,1.62,3.3,5.5,20,1.7,1.65,3.8,3.35,5.8,5.3,11,2.3,2.19,1.66,1.61,4.0,0.0,1.25,1.21,4.25,3.99,,,,1555.43,1523.92
G1,10/04/11,Atromitos,Olympiakos,3,1,H,2,1,H,4.33,3.4,1.75,3.85,3.35,1.9,4.25,3.25,1.8,3.7,3.3,1.9,4.0,3.4,1.72,4.75,3.3,1.75,5.0,3.25,1.8,4.75,3.4,1.75,4.75,3.4,1.75,4.33,3.3,1.75,26,5.0,4.31,3.5,3.29,2.1,1.81,17,2.3,2.17,1.67,1.63,4.0,0.0,3.25,3.19,1.33,1.31,,,,1471.42,1788.99
G1,10/04/11,Iraklis,PAOK,0,0,D,0,0,D,3.4,2.8,2.25,3.7,2.9,2.15,3.25,2.8,2.3,3.2,2.6,2.5,3.25,2.5,2.37,3.4,2.95,2.25,3.3,2.9,2.4,3.4,2.75,2.38,3.5,2.75,2.3,3.1,2.88,2.3,24,3.7,3.36,2.9,2.78,2.54,2.29,14,2.63,2.51,1.55,1.47,4.0,0.0,2.38,2.33,1.57,1.53,,,,1487.06,1617.37
G1,10/04/11,Kavala,Xanthi,1,1,D,0,1,A,1.8,3.25,4.33,1.8,3.4,4.33,1.8,3.2,4.33,1.8,3.1,4.3,1.8,3.2,4.0,1.8,3.1,5.0,1.85,3.1,5.0,1.8,3.25,4.75,1.8,3.25,4.75,1.8,3.1,4.33,26,1.9,1.8,3.4,3.2,4.8,4.42,17,2.4,2.19,1.7,1.61,4.0,0.0,1.33,1.3,3.4,3.28,,,,1501.86,1488.47
G1,10/04/11,Kerkyra,Ergotelis,1,0,H,1,0,H,1.33,4.33,9.0,1.34,4.4,9.5,1.33,4.5,8.0,1.4,4.1,7.0,1.25,4.5,10.0,,,,1.35,4.7,9.4,1.33,4.5,9.5,1.33,4.5,9.0,1.3,4.5,9.0,25,1.35,1.31,5.0,4.5,10.0,9.07,16,2.4,2.16,1.7,1.63,4.0,0.0,1.07,1.06,8.0,7.53,,,,1414.0,1493.92
G1,10/04/11,Larisa,AEK,2,3,A,1,3,A,3.4,3.1,2.1,3.5,3.1,2.1,3.3,3.1,2.1,3.0,3.2,2.2,3.2,3.0,2.1,3.6,3.25,2.1,3.65,3.1,2.15,3.5,3.2,2.1,3.5,3.12,2.1,3.3,3.1,2.1,24,3.8,3.43,3.5,3.11,2.15,2.09,17,2.3,2.17,1.7,1.62,3.0,0.0,2.5,2.41,1.53,1.52,,,,1470.45,1627.28
G1,10/04/11,Panathinaikos,Asteras Tripolis,1,0,H,0,0,D,1.4,4.0,8.0,1.4,4.0,8.5,1.4,4.0,7.0,1.5,3.9,5.5,1.4,4.0,6.5,1.4,4.5,8.0,1.45,4.5,6.5,1.4,4.2,8.0,1.4,4.2,8.5,1.36,4.33,7.0,26,1.55,1.4,4.5,4.07,8.5,7.41,17,2.08,1.99,1.75,1.73,4.0,0.0,1.1,1.1,6.5,6.06,,,,1714.66,1441.53
G1,10/04/11,Panionios,Panserraikos,0,0,D,0,0,D,1.6,3.5,5.5,1.53,3.8,6.25,1.6,3.5,5.25,1.5,3.9,5.5,1.57,3.5,5.0,1.62,3.5,5.75,1.6,3.6,6.2,1.62,3.5,5.75,1.62,3.5,6.0,1.62,3.4,5.25,26,1.62,1.58,3.8,3.52,8.0,5.88,17,2.3,2.09,1.71,1.67,4.0,0.0,1.22,1.18,4.5,4.26,,,,1527.17,1385.16
G1,17/04/11,AEK,Iraklis,0,0,D,0,0,D,1.4,4.2,7.0,1.45,4.2,6.5,1.4,4.0,7.0,1.35,4.2,7.5,1.36,3.75,8.0,1.35,4.5,10.0,1.38,4.4,9.0,1.4,4.2,7.0,1.36,4.33,9.0,1.4,4.0,7.0,22,1.45,1.39,4.4,4.13,8.6,7.25,12,1.85,1.8,2.0,1.91,3.0,0.0,1.12,1.11,6.5,5.8,,,,1637.75,1488.15
G1,17/04/11,Asteras Tripolis,Panionios,3,1,H,3,0,H,2.38,3.25,2.75,2.5,3.0,2.85,2.5,3.0,2.7,2.5,3.0,2.7,2.38,3.2,2.6,2.3,3.3,2.9,2.55,3.2,2.8,2.5,3.0,2.75,2.4,3.2,2.88,2.38,3.1,2.75,22,2.6,2.47,3.25,3.09,2.88,2.72,12,2.2,2.12,1.7,1.65,3.0,0.0,1.8,1.76,1.97,1.93,,,,1438.92,1519.64
G1,17/04/11,Atromitos,Kavala,0,0,D,0,0,D,2.2,3.0,3.25,2.1,3.25,3.4,2.2,3.1,3.1,2.1,3.0,3.4,2.0,3.2,3.2,,,,2.25,3.1,3.4,2.2,3.0,3.25,2.15,3.1,3.4,2.2,3.1,3.0,22,2.2,2.16,3.25,3.06,3.46,3.24,12,2.2,2.07,1.75,1.69,3.0,0.0,1.54,1.53,2.38,2.33,,,,1490.86,1497.92
G1,17/04/11,Olympiakos,Larisa,6,0,H,3,0,H,1.2,6.0,11.0,1.14,7.25,15.5,1.15,6.0,15.0,1.2,5.0,12.0,1.17,5.5,12.0,1.22,5.5,12.0,1.15,7.5,15.0,1.14,6.5,13.0,1.2,6.0,13.0,1.17,6.0,11.0,20,1.2,1.16,7.25,6.48,15.5,13.24,12,1.57,1.52,2.55,2.4,2.0,0.0,1.02,1.02,13.0,12.93,,,,1769.55,1459.98
G1,17/04/11,Olympiakos Volou,Panathinaikos,3,2,H,1,0,H,2.38,3.25,2.75,2.35,3.55,2.7,2.3,3.5,2.6,,,,2.2,3.2,2.8,2.5,3.25,2.8,2.3,3.5,2.88,2.38,3.25,2.75,2.4,3.3,2.75,2.38,3.25,2.62,21,2.4,2.32,3.55,3.35,2.9,2.71,9,2.19,2.11,1.67,1.65,3.0,0.0,1.73,1.71,2.04,2.0,,,,1515.94,1717.27
G1,17/04/11,Panserraikos,Ergotelis,0,4,A,0,2,A,2.2,3.2,3.1,2.4,3.2,2.85,2.25,3.25,2.9,2.5,3.0,2.7,2.0,3.2,3.2,2.15,3.3,3.2,2.5,3.1,2.9,2.25,3.2,3.0,2.2,3.2,3.2,2.25,3.0,3.0,21,2.4,2.28,3.25,3.12,3.26,2.97,12,2.05,2.02,1.75,1.72,3.0,0.0,1.66,1.63,2.2,2.14,,,,1392.69,1482.14
G1,17/04/11,PAOK,Kerkyra,2,0,H,1,0,H,1.25,5.0,11.0,1.25,5.25,11.0,1.25,4.75,11.0,1.3,4.8,8.5,1.2,5.0,11.0,1.25,4.75,11.0,1.28,4.85,13.0,1.25,5.0,11.0,1.29,4.75,11.0,1.25,5.0,9.0,21,1.3,1.26,5.25,4.85,12.0,10.4,11,2.1,2.01,1.8,1.72,3.0,0.0,1.06,1.05,10.0,8.4,,,,1616.28,1425.78
G1,17/04/11,Xanthi,Aris,1,2,A,1,1,D,7.0,5.0,1.33,8.5,4.2,1.38,9.0,4.5,1.3,,,,8.0,4.5,1.29,8.5,5.2,1.3,9.0,5.0,1.3,7.0,5.0,1.33,8.5,5.0,1.3,9.0,4.5,1.29,19,9.75,8.22,5.0,4.69,1.35,1.31,5,1.97,1.93,1.8,1.79,3.0,0.0,7.5,6.95,1.08,1.07,,,,1492.41,1563.41
