Div,Date,HomeTeam,AwayTeam,FTHG,FTAG,FTR,HTHG,HTAG,HTR,B365H,B365D,B365A,BWH,BWD,BWA,IWH,IWD,IWA,LBH,LBD,LBA,PSH,PSD,PSA,WHH,WHD,WHA,VCH,VCD,VCA,Bb1X2,BbMxH,BbAvH,BbMxD,BbAvD,BbMxA,BbAvA,BbOU,BbMx>2.5,BbAv>2.5,BbMx<2.5,BbAv<2.5,BbAH,BbAHh,BbMxAHH,BbAvAHH,BbMxAHA,BbAvAHA,PSCH,PSCD,PSCA,EloHome,EloAway
F2,29/07/16,Ajaccio GFCO,Brest,0,0,D,0,0,D,2.0,3.1,4.0,2.15,3.0,3.5,2.1,3.2,3.2,2.1,2.9,4.0,2.17,3.03,4.28,2.0,3.1,3.75,2.1,3.0,4.0,49,2.19,2.07,3.2,3.02,4.28,3.83,37,2.51,2.4,1.56,1.52,25,-0.25,1.83,1.76,2.13,2.06,2.13,2.96,4.6,1577.23,1482.47
F2,29/07/16,Bourg Peronnas,Strasbourg,0,0,D,0,0,D,2.7,2.88,2.9,2.7,3.0,2.65,2.6,3.0,2.6,2.7,2.9,2.88,2.82,2.98,2.98,2.6,3.0,2.7,2.75,2.9,2.88,49,2.82,2.65,3.01,2.94,2.98,2.78,34,2.52,2.36,1.58,1.53,24,0.0,1.92,1.87,2.01,1.95,3.18,2.93,2.71,1472.59,1480.0
F2,29/07/16,Nimes,Laval,0,0,D,0,0,D,2.2,3.0,3.6,2.25,2.95,3.4,2.3,3.2,2.8,2.2,2.9,3.8,2.25,3.06,3.93,2.3,3.0,3.1,2.15,3.1,3.75,52,2.34,2.21,3.25,3.0,3.95,3.48,41,2.44,2.27,1.64,1.58,26,-0.25,1.9,1.86,2.04,1.95,2.07,3.13,4.5,1514.51,1495.6
F2,29/07/16,Niort,Lens,0,0,D,0,0,D,2.7,2.88,2.9,2.7,2.95,2.7,2.6,3.0,2.6,2.75,2.88,2.8,2.93,2.94,2.92,2.7,2.9,2.7,2.8,2.9,2.8,53,2.93,2.72,3.1,2.92,2.92,2.74,38,2.54,2.38,1.56,1.52,27,0.0,1.96,1.9,1.97,1.9,2.97,2.94,2.87,1502.61,1548.01
F2,29/07/16,Orleans,Le Havre,0,1,A,0,1,A,3.0,2.9,2.4,2.7,3.0,2.65,2.6,3.0,2.6,2.9,3.0,2.6,3.05,3.1,2.67,2.8,3.0,2.5,3.0,3.0,2.6,53,3.06,2.85,3.11,2.99,2.7,2.56,41,2.51,2.34,1.6,1.55,27,0.0,2.11,2.0,1.88,1.8,3.18,3.13,2.56,1458.97,1590.25
F2,29/07/16,Tours,Ajaccio,0,0,D,0,0,D,2.38,3.0,3.2,2.2,2.95,3.5,2.2,3.2,3.0,2.3,2.8,3.5,2.41,2.97,3.66,2.25,2.9,3.3,2.38,2.88,3.5,48,2.41,2.3,3.2,2.91,3.7,3.36,36,2.74,2.57,1.51,1.46,24,-0.25,2.03,1.96,1.9,1.84,2.32,3.01,3.83,1481.69,1460.29
F2,29/07/16,Troyes,Sochaux,1,3,A,0,0,D,2.7,3.0,2.8,2.45,2.95,3.0,2.5,3.0,2.8,2.7,2.9,2.8,2.84,3.01,2.93,2.5,3.0,2.8,2.75,2.9,2.88,53,2.84,2.63,3.05,2.93,3.0,2.81,38,2.5,2.36,1.6,1.54,27,0.0,1.93,1.85,2.05,1.94,3.14,3.0,2.68,1498.01,1505.82
F2,29/07/16,Valenciennes,Clermont,2,0,H,1,0,H,2.63,2.88,3.0,2.5,3.0,2.85,2.6,3.0,2.6,2.7,2.9,2.8,2.84,3.0,2.94,2.6,3.0,2.7,2.7,3.0,2.88,53,2.84,2.65,3.05,2.95,3.0,2.78,40,2.44,2.27,1.63,1.58,27,0.0,1.92,1.84,2.02,1.95,2.85,2.95,2.98,1482.37,1531.48
F2,30/07/16,Red Star,Auxerre,0,0,D,0,0,D,2.1,3.1,3.75,2.15,3.0,3.5,2.1,3.3,3.1,2.15,2.9,3.8,2.19,3.1,4.05,2.15,3.0,3.4,2.15,3.1,3.8,50,2.19,2.12,3.3,3.03,4.05,3.64,37,2.54,2.36,1.58,1.54,24,-0.25,1.87,1.82,2.05,1.99,2.19,3.05,4.18,1570.02,1529.27
F2,01/08/16,Amiens,Reims,1,1,D,0,0,D,2.8,2.88,2.8,2.7,3.1,2.6,2.6,3.0,2.6,2.75,2.9,2.8,2.91,2.99,2.88,2.7,2.9,2.7,2.8,3.0,2.8,46,2.91,2.73,3.1,2.96,2.88,2.68,37,2.55,2.37,1.57,1.53,25,0.0,1.98,1.9,1.97,1.88,2.86,3.02,2.9,1480.0,1585.48
F2,05/08/16,Ajaccio,Troyes,2,1,H,2,1,H,1.95,3.0,4.6,1.95,3.1,4.33,2.2,3.0,3.2,1.91,3.1,4.5,1.98,3.25,4.71,1.95,3.2,3.8,1.93,3.13,4.6,54,2.2,1.95,3.3,3.11,4.77,4.19,36,2.6,2.36,1.6,1.54,28,-0.5,2.0,1.93,1.96,1.88,1.96,3.3,4.71,1464.49,1482.27
F2,05/08/16,Auxerre,Ajaccio GFCO,1,2,A,1,1,D,2.7,2.88,2.88,2.55,2.95,2.95,2.4,3.0,2.9,2.7,2.9,2.9,2.81,2.99,2.99,2.5,3.0,2.8,2.75,2.88,2.9,54,2.83,2.63,3.0,2.9,3.0,2.84,38,2.64,2.51,1.51,1.48,28,0.0,1.9,1.85,2.04,1.97,2.98,2.93,2.84,1534.07,1570.88
F2,05/08/16,Brest,Orleans,2,1,H,1,1,D,2.15,2.9,3.9,2.15,2.9,3.8,2.2,3.0,3.2,2.15,2.9,3.8,2.22,3.04,4.07,2.1,2.88,3.75,2.2,2.9,3.9,55,2.23,2.14,3.05,2.93,4.11,3.73,38,2.79,2.65,1.47,1.44,29,-0.25,1.88,1.82,2.06,2.0,2.39,2.99,3.69,1488.82,1447.59
F2,05/08/16,Clermont,Red Star,0,0,D,0,0,D,2.45,3.0,3.1,2.6,3.0,2.85,2.3,3.0,3.0,2.5,2.9,3.1,2.64,3.02,3.18,2.3,3.0,3.1,2.6,2.88,3.1,54,2.64,2.48,3.02,2.94,3.25,3.01,37,2.67,2.49,1.51,1.49,28,-0.25,2.21,2.12,1.78,1.73,2.24,3.09,3.93,1520.8,1565.22
F2,05/08/16,Laval,Niort,1,1,D,0,0,D,2.7,2.8,3.0,2.6,2.85,3.0,2.3,3.0,3.0,2.7,2.8,2.9,2.82,2.89,3.06,2.5,2.9,2.9,2.75,2.88,2.9,54,2.83,2.64,3.0,2.84,3.1,2.91,37,2.71,2.55,1.53,1.47,28,0.0,1.89,1.83,2.04,1.98,2.96,2.85,2.97,1499.72,1500.66
F2,05/08/16,Le Havre,Nimes,1,0,H,1,0,H,1.75,3.3,5.25,1.72,3.5,5.0,1.8,3.4,4.0,1.75,3.3,5.0,1.78,3.51,5.62,1.75,3.4,4.5,1.75,3.4,5.25,55,1.81,1.76,3.51,3.33,5.64,4.87,42,2.2,2.12,1.75,1.68,29,-0.75,2.05,2.0,1.88,1.82,1.78,3.56,5.48,1601.63,1510.39
F2,05/08/16,Lens,Tours,2,2,D,1,1,D,1.95,3.1,4.33,1.95,3.1,4.33,1.8,3.4,4.0,1.95,3.0,4.5,1.99,3.16,4.86,1.83,3.0,4.75,1.95,3.0,4.75,55,2.0,1.92,3.4,3.04,5.0,4.44,38,2.72,2.59,1.5,1.45,28,-0.5,2.0,1.93,1.96,1.89,1.93,3.18,5.25,1549.96,1477.49
F2,05/08/16,Reims,Bourg Peronnas,1,0,H,1,0,H,1.67,3.4,5.75,1.65,3.4,6.0,1.65,3.5,4.6,1.67,3.4,5.75,1.7,3.59,6.35,1.65,3.3,5.5,1.7,3.4,5.75,53,1.73,1.68,3.63,3.4,6.35,5.4,39,2.38,2.24,1.68,1.6,28,-0.75,1.98,1.92,1.97,1.9,1.7,3.6,6.22,1585.28,1469.34
F2,05/08/16,Sochaux,Valenciennes,0,0,D,0,0,D,1.75,3.4,5.0,1.75,3.1,5.75,1.8,3.4,4.0,1.8,3.1,5.25,1.85,3.28,5.6,1.73,3.2,5.0,1.8,3.2,5.4,55,1.85,1.79,3.4,3.16,6.0,5.03,38,2.61,2.48,1.56,1.5,28,-0.5,1.86,1.8,2.09,2.01,1.75,3.36,6.42,1521.56,1493.05
F2,06/08/16,Strasbourg,Amiens,1,0,H,1,0,H,1.91,3.3,4.2,1.91,3.1,4.5,2.0,3.2,3.4,1.95,3.0,4.5,2.04,3.12,4.65,1.91,3.0,4.33,1.95,3.1,4.5,54,2.04,1.95,3.3,3.06,4.7,4.24,38,2.63,2.48,1.55,1.49,27,-0.5,2.04,1.95,1.91,1.85,1.96,3.11,5.15,1483.25,1480.2
F2,12/08/16,Ajaccio GFCO,Le Havre,1,1,D,0,1,A,2.4,2.88,3.3,2.35,2.9,3.2,2.4,2.9,3.0,2.4,2.88,3.2,2.59,2.96,3.3,2.3,3.0,3.1,2.5,2.9,3.25,50,2.59,2.43,3.0,2.9,3.4,3.13,34,2.6,2.46,1.56,1.5,25,-0.25,2.16,2.06,1.81,1.76,2.56,2.96,3.31,1585.63,1607.87
F2,12/08/16,Amiens,Niort,2,0,H,1,0,H,2.45,2.88,3.25,2.3,2.9,3.3,2.3,2.9,3.1,2.5,2.88,3.2,2.59,2.97,3.31,2.5,2.8,3.0,2.45,2.88,3.3,52,2.59,2.44,3.0,2.88,3.42,3.12,36,2.7,2.6,1.5,1.45,26,-0.25,2.16,2.07,1.82,1.76,2.66,2.92,3.26,1471.3,1504.13
F2,12/08/16,Bourg Peronnas,Auxerre,2,4,A,0,2,A,2.25,3.0,3.5,2.25,3.0,3.3,2.5,3.0,2.8,2.3,3.0,3.4,2.35,3.14,3.56,2.25,3.0,3.2,2.3,3.1,3.4,51,2.5,2.28,3.2,3.04,3.56,3.24,35,2.31,2.22,1.69,1.62,25,-0.25,2.1,1.95,1.93,1.87,2.36,3.1,3.6,1463.74,1519.32
F2,12/08/16,Clermont,Sochaux,1,2,A,1,1,D,2.88,2.88,2.7,2.75,2.9,2.7,2.6,2.9,2.7,2.9,2.88,2.7,3.06,2.96,2.76,2.6,2.8,2.88,3.0,2.88,2.7,53,3.06,2.84,3.05,2.87,2.88,2.67,36,2.75,2.56,1.51,1.47,28,0.0,2.09,1.97,1.89,1.82,3.01,2.96,2.81,1518.82,1517.14
F2,12/08/16,Orleans,Ajaccio,2,0,H,0,0,D,2.45,3.0,3.1,2.3,2.9,3.3,2.3,2.8,3.2,2.5,2.8,3.2,2.66,2.92,3.26,2.38,2.8,3.2,2.5,2.88,3.25,51,2.66,2.44,3.0,2.87,3.4,3.12,35,2.77,2.63,1.48,1.45,28,-0.25,2.22,2.07,1.83,1.75,2.77,2.94,3.08,1439.91,1474.09
F2,12/08/16,Red Star,Brest,0,3,A,0,2,A,2.3,2.8,3.6,2.25,2.9,3.4,2.1,2.9,3.6,2.4,2.8,3.4,2.46,2.92,3.62,2.3,2.88,3.25,2.38,2.88,3.5,50,2.46,2.33,2.96,2.85,3.65,3.38,35,2.82,2.64,1.5,1.45,26,-0.25,2.06,1.98,1.91,1.83,2.54,2.91,3.48,1567.2,1496.5
F2,12/08/16,Tours,Strasbourg,1,3,A,0,1,A,2.7,2.88,2.9,2.6,2.85,2.9,2.6,2.8,2.8,2.8,2.8,2.88,2.93,2.89,2.96,2.7,2.75,2.8,2.88,2.8,2.88,51,2.93,2.73,2.94,2.83,2.96,2.8,35,2.52,2.36,1.6,1.55,26,0.0,1.97,1.89,1.97,1.91,3.21,2.89,2.72,1483.23,1492.15
F2,12/08/16,Troyes,Laval,1,0,H,1,0,H,2.5,3.0,3.1,2.35,3.0,3.1,2.4,2.9,3.0,2.4,2.9,3.2,2.55,2.99,3.35,2.3,3.0,3.1,2.5,3.0,3.13,52,2.55,2.41,3.06,2.95,3.43,3.09,38,2.54,2.36,1.6,1.55,27,-0.25,2.14,2.06,1.81,1.76,2.65,2.99,3.19,1472.67,1496.25
F2,13/08/16,Valenciennes,Reims,0,0,D,0,0,D,2.9,3.0,2.6,2.9,2.95,2.5,2.7,2.9,2.6,3.0,2.88,2.62,3.12,2.97,2.72,2.9,2.9,2.5,3.1,2.9,2.6,52,3.12,2.93,3.05,2.94,2.72,2.53,36,2.6,2.46,1.56,1.5,26,0.0,2.14,2.04,1.84,1.77,2.98,2.97,2.84,1497.47,1590.88
F2,15/08/16,Nimes,Lens,0,2,A,0,1,A,2.8,3.0,2.7,2.9,3.0,2.5,2.65,2.9,2.65,2.9,2.9,2.62,2.99,3.06,2.76,2.7,3.0,2.6,2.9,3.0,2.63,50,2.99,2.81,3.15,3.0,2.76,2.58,33,2.32,2.23,1.66,1.6,25,0.0,2.07,1.99,1.86,1.8,2.55,3.13,3.19,1504.15,1544.22
F2,19/08/16,Ajaccio,Bourg Peronnas,3,1,H,1,1,D,1.91,3.0,4.75,2.0,3.0,4.0,2.0,3.1,3.6,1.95,3.0,4.5,1.99,3.17,4.86,2.0,3.1,3.8,1.95,3.13,4.6,49,2.0,1.95,3.19,3.06,4.86,4.22,36,2.47,2.36,1.58,1.54,25,-0.25,1.71,1.67,2.32,2.18,1.98,3.16,4.92,1463.93,1449.65
F2,19/08/16,Auxerre,Clermont,0,1,A,0,0,D,2.1,3.0,4.0,2.15,3.1,3.4,2.2,3.0,3.2,2.15,3.0,3.6,2.21,3.16,3.89,2.25,3.0,3.2,2.2,3.2,3.6,54,2.25,2.15,3.25,3.07,4.0,3.49,41,2.35,2.13,1.76,1.66,28,-0.25,1.89,1.83,2.05,1.97,2.16,3.18,4.06,1533.41,1502.76
F2,19/08/16,Brest,Valenciennes,3,2,H,1,1,D,1.83,3.0,5.25,1.8,3.1,5.0,2.0,3.1,3.6,1.85,3.0,5.0,1.83,3.22,5.91,1.83,3.0,4.75,1.83,3.13,5.4,53,2.0,1.86,3.25,3.05,5.91,4.81,37,2.77,2.62,1.5,1.45,27,-0.5,1.87,1.82,2.09,1.98,1.87,3.2,5.63,1514.69,1497.23
F2,19/08/16,Laval,Ajaccio GFCO,0,1,A,0,0,D,3.1,3.0,2.45,3.25,2.85,2.35,2.8,3.0,2.5,3.1,2.8,2.5,3.09,2.86,2.84,3.0,2.8,2.5,3.3,2.8,2.55,53,3.3,3.11,3.0,2.79,2.84,2.52,42,2.91,2.76,1.45,1.41,28,0.25,1.8,1.7,2.37,2.14,3.1,2.85,2.85,1486.46,1582.88
F2,19/08/16,Le Havre,Troyes,1,3,A,1,2,A,1.55,3.6,7.0,1.55,3.6,6.25,1.6,3.5,5.2,1.57,3.6,6.5,1.59,3.92,7.15,1.5,3.75,6.5,1.53,3.9,7.0,54,1.61,1.54,3.92,3.68,7.55,6.38,42,2.1,2.02,1.85,1.74,31,-1.0,2.09,1.99,1.88,1.81,1.69,3.81,5.8,1610.62,1482.46
F2,19/08/16,Niort,Tours,1,4,A,1,4,A,2.15,3.0,3.75,2.1,3.0,3.7,2.1,3.0,3.4,2.2,2.88,3.8,2.25,2.97,4.1,2.15,2.9,3.6,2.2,3.0,3.8,53,2.26,2.17,3.06,2.94,4.1,3.61,38,2.65,2.51,1.5,1.48,28,-0.25,1.9,1.85,2.03,1.95,2.31,2.91,4.02,1494.02,1467.53
F2,19/08/16,Sochaux,Orleans,0,0,D,0,0,D,1.83,3.1,5.0,1.7,3.3,5.25,1.75,3.3,4.5,1.85,3.1,5.0,1.91,3.27,5.11,1.73,3.2,5.0,1.87,3.2,5.0,54,1.92,1.8,3.35,3.18,5.8,4.89,36,2.63,2.42,1.56,1.51,24,-0.5,1.91,1.83,2.05,1.97,1.88,3.34,5.24,1533.2,1450.07
F2,19/08/16,Strasbourg,Nimes,1,1,D,0,0,D,1.75,3.3,5.0,1.8,3.3,4.6,1.75,3.3,4.5,1.75,3.3,5.25,1.8,3.43,5.6,1.73,3.2,5.0,1.75,3.4,5.4,54,1.82,1.76,3.45,3.27,5.66,4.92,42,2.35,2.22,1.69,1.61,27,-0.75,2.12,2.0,1.87,1.81,1.83,3.43,5.4,1507.85,1489.51
F2,20/08/16,Lens,Amiens,0,1,A,0,1,A,1.91,3.1,4.5,1.83,3.0,5.0,1.9,3.2,3.8,1.91,2.9,4.75,1.97,3.08,5.16,1.91,2.9,4.5,1.93,3.0,5.0,53,1.97,1.9,3.2,3.0,5.16,4.57,39,3.0,2.76,1.45,1.4,26,-0.5,1.97,1.91,1.96,1.89,1.99,3.22,4.72,1558.86,1481.41
F2,22/08/16,Reims,Red Star,2,1,H,1,0,H,1.85,3.2,4.75,1.8,3.1,5.0,2.0,3.0,3.8,1.91,2.9,4.75,1.98,3.07,5.14,1.91,2.9,4.5,1.91,3.0,5.2,48,2.0,1.9,3.2,3.01,5.2,4.59,36,2.92,2.76,1.45,1.4,25,-0.5,1.98,1.89,1.98,1.89,1.91,3.16,5.4,1591.12,1549.01
F2,26/08/16,Ajaccio GFCO,Strasbourg,1,1,D,0,0,D,2.25,3.0,3.5,2.35,2.85,3.3,2.3,3.0,3.0,2.3,2.8,3.6,2.37,2.96,3.77,2.38,2.8,3.2,2.3,2.88,3.7,52,2.38,2.28,3.0,2.9,3.77,3.42,34,3.06,2.75,1.45,1.4,26,-0.25,2.0,1.95,1.92,1.87,2.47,2.86,3.7,1595.51,1503.75
F2,26/08/16,Bourg Peronnas,Niort,2,2,D,0,1,A,2.4,3.0,3.2,2.45,2.85,3.1,2.3,3.0,3.0,2.5,2.9,3.1,2.59,2.99,3.27,2.3,3.1,3.0,2.55,3.0,3.0,51,2.59,2.46,3.1,2.95,3.27,3.03,33,2.36,2.24,1.65,1.59,24,-0.25,2.2,2.11,1.78,1.73,2.59,3.0,3.28,1441.12,1477.16
F2,26/08/16,Clermont,Ajaccio,2,1,H,0,1,A,2.45,2.9,3.25,2.3,3.0,3.2,2.4,3.1,2.8,2.4,2.9,3.3,2.49,3.02,3.42,2.3,3.0,3.1,2.45,3.0,3.2,52,2.5,2.38,3.1,2.96,3.46,3.15,37,2.5,2.35,1.6,1.55,25,-0.25,2.1,2.02,1.86,1.79,2.55,2.86,3.52,1519.75,1472.46
F2,26/08/16,Nimes,Amiens,2,3,A,2,1,H,2.1,3.1,3.75,2.15,2.95,3.6,2.3,3.0,3.0,2.1,3.0,3.8,2.16,3.14,4.09,2.15,2.9,3.6,2.15,3.1,3.8,54,2.3,2.11,3.14,3.04,4.09,3.68,36,2.5,2.33,1.63,1.55,27,-0.25,1.88,1.8,2.09,2.01,2.32,3.04,3.78,1493.61,1499.79
F2,26/08/16,Orleans,Auxerre,0,0,D,0,0,D,2.3,2.9,3.5,2.35,2.9,3.2,2.6,2.9,2.7,2.3,2.9,3.4,2.44,3.01,3.53,2.5,2.9,2.9,2.38,3.0,3.4,54,2.6,2.35,3.1,2.95,3.53,3.23,37,2.6,2.43,1.55,1.51,27,-0.25,2.06,1.98,1.9,1.83,2.11,3.17,4.25,1456.11,1516.42
F2,26/08/16,Tours,Reims,1,1,D,0,0,D,2.75,2.88,2.8,2.65,2.9,2.8,2.65,2.9,2.65,2.7,2.9,2.88,2.85,2.93,3.01,2.6,2.88,2.8,2.75,2.9,2.88,53,2.85,2.69,3.02,2.88,3.01,2.79,36,2.6,2.44,1.55,1.51,27,0.0,1.92,1.86,2.02,1.94,3.08,2.96,2.76,1484.39,1598.77
F2,26/08/16,Troyes,Lens,1,1,D,0,1,A,2.9,2.88,2.7,2.8,2.9,2.65,2.65,2.9,2.65,2.8,2.9,2.7,2.97,3.04,2.79,2.6,3.0,2.7,2.88,3.0,2.7,54,2.97,2.74,3.14,2.98,2.87,2.65,38,2.24,2.14,1.74,1.65,27,0.0,2.03,1.96,1.9,1.85,3.05,3.01,2.71,1502.16,1540.48
F2,26/08/16,Valenciennes,Laval,2,0,H,0,0,D,2.2,3.0,3.6,2.1,2.9,3.8,2.1,3.0,3.5,2.25,2.8,3.6,2.33,2.95,3.9,2.2,2.8,3.6,2.3,2.88,3.7,53,2.33,2.23,3.0,2.91,3.98,3.54,37,2.88,2.71,1.45,1.42,27,-0.25,1.97,1.9,1.96,1.91,2.34,2.89,3.89,1488.8,1473.83
F2,27/08/16,Red Star,Le Havre,0,0,D,0,0,D,2.8,2.88,2.8,2.5,2.95,2.9,2.7,2.9,2.6,2.75,2.9,2.8,2.87,3.01,2.94,2.62,2.9,2.75,2.8,2.9,2.8,51,2.87,2.69,3.01,2.9,2.94,2.76,36,2.51,2.37,1.57,1.53,25,0.0,1.97,1.89,1.99,1.91,3.15,3.0,2.67,1541.36,1590.92
F2,29/08/16,Sochaux,Brest,2,2,D,1,0,H,2.1,3.1,3.75,1.95,3.0,4.33,2.1,3.1,3.3,2.05,2.9,4.2,2.14,3.0,4.45,2.0,2.9,4.0,2.05,3.0,4.3,49,2.14,2.05,3.1,2.96,4.45,3.93,34,2.8,2.64,1.48,1.44,24,-0.25,1.8,1.74,2.16,2.08,2.12,3.05,4.43,1527.16,1523.12
F2,09/09/16,Ajaccio,Red Star,1,2,A,1,0,H,2.05,2.9,4.33,2.05,2.9,4.0,2.0,3.1,3.6,2.0,2.88,4.5,2.06,3.01,4.85,2.05,2.8,4.2,2.0,3.0,4.6,54,2.08,2.02,3.1,2.91,4.85,4.23,39,3.03,2.8,1.5,1.4,28,-0.25,1.78,1.71,2.24,2.13,2.07,3.07,4.63,1464.96,1539.56
F2,09/09/16,Amiens,Tours,3,1,H,2,0,H,2.0,3.0,4.33,2.15,3.0,3.6,2.2,3.0,3.2,2.1,3.0,4.0,2.14,3.13,4.21,2.05,3.0,3.75,2.05,3.1,4.1,56,2.2,2.08,3.13,3.01,4.33,3.82,39,2.55,2.39,1.59,1.53,29,-0.25,1.82,1.77,2.14,2.06,2.03,3.23,4.6,1515.59,1484.91
F2,09/09/16,Auxerre,Sochaux,0,0,D,0,0,D,2.9,2.88,2.7,2.6,2.95,2.8,2.6,3.0,2.6,2.9,2.8,2.75,3.0,2.95,2.84,2.8,3.0,2.5,2.9,2.9,2.75,57,3.0,2.83,3.0,2.87,2.84,2.66,40,2.54,2.44,1.6,1.51,29,0.0,2.04,1.96,1.91,1.85,3.1,2.94,2.76,1517.84,1523.52
F2,09/09/16,Brest,Clermont,0,2,A,0,1,A,2.05,3.1,4.0,2.05,3.1,3.7,2.0,3.1,3.6,2.1,3.0,3.8,2.2,3.05,4.13,2.15,2.8,3.75,2.15,3.1,3.7,56,2.2,2.11,3.15,3.02,4.15,3.7,39,2.31,2.21,1.66,1.61,29,-0.25,1.88,1.81,2.09,2.0,2.17,3.11,4.12,1526.76,1527.25
F2,09/09/16,Laval,Orleans,3,1,H,1,1,D,2.55,2.9,3.0,2.5,2.75,3.2,2.4,2.9,3.0,2.62,2.9,3.0,2.75,2.95,3.11,2.5,2.75,3.1,2.63,2.9,3.0,55,2.75,2.55,3.0,2.88,3.2,2.97,39,2.55,2.39,1.56,1.52,27,-0.25,2.28,2.17,1.73,1.68,2.73,2.82,3.24,1465.32,1454.69
F2,09/09/16,Lens,Bourg Peronnas,1,1,D,0,0,D,1.62,3.5,6.0,1.62,3.4,6.0,1.7,3.5,4.4,1.62,3.5,6.0,1.65,3.7,6.7,1.6,3.6,5.5,1.65,3.5,6.25,50,1.7,1.62,3.7,3.53,6.99,5.77,39,2.25,2.14,1.75,1.66,26,-1.0,2.3,2.14,1.77,1.69,1.6,3.83,7.3,1542.68,1438.84
F2,09/09/16,Niort,Nimes,1,3,A,0,2,A,2.25,3.0,3.5,2.2,3.0,3.4,2.2,3.0,3.2,2.2,3.0,3.5,2.27,3.17,3.73,2.38,2.9,3.2,2.25,3.13,3.4,57,2.38,2.24,3.2,3.03,3.73,3.35,45,2.2,2.06,1.81,1.72,29,-0.25,2.05,1.91,2.0,1.9,2.24,3.17,3.81,1479.44,1477.81
F2,09/09/16,Reims,Ajaccio GFCO,2,0,H,1,0,H,2.25,2.9,3.6,2.1,2.95,3.75,2.2,3.1,3.1,2.3,2.88,3.6,2.36,2.96,3.78,2.15,3.0,3.4,2.3,2.9,3.6,55,2.39,2.24,3.1,2.91,3.78,3.49,39,2.65,2.5,1.51,1.49,27,-0.25,1.98,1.92,1.95,1.9,2.38,2.93,3.74,1598.25,1589.24
F2,10/09/16,Le Havre,Valenciennes,2,2,D,1,2,A,1.67,3.5,5.5,1.65,3.5,5.25,1.75,3.4,4.3,1.67,3.4,5.75,1.71,3.49,6.52,1.7,3.4,4.8,1.67,3.5,6.0,56,1.75,1.66,3.6,3.43,6.52,5.51,41,2.25,2.11,1.74,1.68,28,-0.75,1.94,1.88,2.0,1.93,1.68,3.6,6.49,1592.72,1497.31
F2,12/09/16,Strasbourg,Troyes,2,0,H,1,0,H,1.8,3.3,4.75,1.75,3.4,4.75,1.85,3.4,3.8,1.75,3.2,5.25,1.81,3.31,5.89,1.73,3.3,4.8,1.75,3.3,5.5,50,1.85,1.76,3.4,3.26,5.89,4.91,39,2.41,2.27,1.61,1.57,28,-0.75,2.08,2.0,1.87,1.81,1.86,3.42,5.09,1510.02,1499.96
F2,16/09/16,Bourg Peronnas,Le Havre,2,1,H,1,1,D,3.1,3.1,2.38,2.9,3.1,2.45,2.7,3.1,2.5,3.0,3.25,2.3,3.22,3.23,2.47,2.9,3.3,2.25,3.13,3.2,2.38,53,3.22,3.05,3.29,3.13,2.5,2.33,44,2.1,1.89,1.99,1.85,27,0.25,1.85,1.8,2.13,2.01,3.16,3.19,2.53,1445.43,1586.35
F2,16/09/16,Clermont,Lens,1,1,D,0,0,D,2.5,3.0,3.0,2.4,3.0,3.0,2.4,3.0,2.9,2.5,3.0,3.0,2.67,3.0,3.15,2.5,3.0,2.8,2.6,3.0,3.0,58,2.68,2.51,3.09,2.95,3.15,2.94,41,2.3,2.21,1.68,1.61,30,0.0,1.83,1.77,2.13,2.05,2.65,3.01,3.16,1543.24,1536.09
F2,16/09/16,Orleans,Strasbourg,3,1,H,1,0,H,2.9,2.88,2.7,2.55,2.95,2.85,2.7,3.1,2.5,2.9,2.7,2.8,3.11,2.79,2.9,2.8,2.7,2.75,2.9,2.8,2.8,57,3.11,2.85,3.1,2.79,2.9,2.72,41,3.07,2.79,1.45,1.4,29,0.0,2.02,1.95,1.91,1.86,3.01,2.74,3.05,1446.04,1518.69
F2,16/09/16,Red Star,Laval,1,0,H,0,0,D,2.25,2.63,4.2,2.05,2.9,4.0,2.2,3.0,3.2,2.2,2.8,4.0,2.27,2.86,4.25,2.1,2.88,3.75,2.15,2.9,4.0,57,2.27,2.16,3.0,2.85,4.27,3.81,41,2.77,2.65,1.47,1.44,30,-0.25,1.89,1.82,2.06,1.99,2.27,2.86,4.24,1552.97,1473.97
F2,16/09/16,Sochaux,Reims,1,1,D,0,1,A,2.3,2.9,3.5,2.1,3.0,3.7,2.1,3.1,3.3,2.3,2.88,3.6,2.38,2.92,3.81,2.2,3.0,3.3,2.25,3.0,3.6,57,2.38,2.24,3.1,2.93,3.81,3.46,40,2.59,2.43,1.54,1.51,29,-0.25,1.99,1.9,1.97,1.91,2.35,2.92,3.86,1526.83,1606.95
F2,16/09/16,Tours,Nimes,1,3,A,1,2,A,2.4,3.1,3.1,2.3,3.1,3.1,2.5,3.1,2.7,2.4,3.0,3.1,2.55,3.05,3.27,2.3,3.1,3.0,2.45,3.1,3.1,57,2.55,2.37,3.2,3.06,3.3,3.04,44,2.1,2.02,1.83,1.74,30,-0.25,2.14,2.03,1.84,1.78,2.51,3.12,3.28,1476.9,1493.87
F2,16/09/16,Troyes,Niort,1,1,D,0,1,A,2.4,3.0,3.2,2.2,3.1,3.25,2.2,3.1,3.1,2.4,2.9,3.25,2.5,3.08,3.33,2.3,3.1,3.0,2.4,3.1,3.2,58,2.5,2.35,3.16,3.01,3.37,3.14,45,2.19,2.1,1.78,1.68,30,-0.25,2.11,2.01,1.86,1.79,2.59,3.05,3.21,1491.29,1463.38
F2,16/09/16,Valenciennes,Ajaccio,1,1,D,1,0,H,2.3,2.9,3.4,2.4,3.0,3.0,2.5,3.1,2.7,2.4,2.8,3.4,2.52,2.89,3.52,2.45,2.9,3.0,2.4,2.9,3.4,56,2.52,2.4,3.1,2.88,3.52,3.19,41,2.64,2.46,1.55,1.5,28,-0.25,2.11,2.03,1.84,1.79,2.45,2.89,3.63,1503.68,1451.55
F2,17/09/16,Brest,Auxerre,1,0,H,0,0,D,2.05,3.1,4.0,2.0,3.2,3.7,2.1,3.1,3.3,2.05,3.0,4.0,2.08,3.1,4.5,2.0,3.1,3.75,2.05,3.1,4.1,54,2.1,2.03,3.2,3.07,4.5,3.87,38,2.37,2.26,1.63,1.58,26,-0.25,1.77,1.73,2.19,2.11,2.11,3.21,4.18,1510.77,1514.53
F2,19/09/16,Strasbourg,Red Star,0,0,D,0,0,D,1.85,3.2,4.75,1.85,3.2,4.5,1.85,3.3,4.0,1.85,3.0,4.75,1.93,3.12,5.31,1.91,3.0,4.33,1.87,3.13,5.0,51,1.93,1.87,3.25,3.1,5.31,4.54,36,2.51,2.4,1.56,1.52,26,-0.5,1.93,1.87,2.0,1.93,1.94,3.2,5.04,1507.17,1559.55
F2,20/09/16,Ajaccio,Auxerre,2,0,H,1,0,H,2.0,3.0,4.33,2.0,3.1,3.9,2.0,3.15,3.5,2.05,3.0,4.0,2.11,3.06,4.45,2.0,3.1,3.75,2.05,3.0,4.2,56,2.11,2.02,3.15,3.0,4.5,4.02,40,2.5,2.4,1.58,1.53,28,-0.25,1.78,1.72,2.2,2.11,2.26,2.99,4.04,1456.7,1505.41
F2,20/09/16,Amiens,Valenciennes,0,0,D,0,0,D,1.91,3.1,4.5,1.91,3.1,4.2,1.9,3.3,3.7,1.95,3.0,4.5,1.99,3.06,5.05,1.91,3.0,4.2,1.95,3.1,4.5,57,2.01,1.93,3.3,3.05,5.05,4.37,39,2.5,2.36,1.59,1.54,28,-0.5,2.02,1.95,1.92,1.86,1.9,3.18,5.42,1523.6,1498.53
F2,20/09/16,Laval,Sochaux,1,1,D,0,0,D,3.6,2.8,2.3,3.4,2.8,2.35,3.0,2.9,2.4,3.2,2.9,2.4,3.52,2.85,2.56,3.2,2.8,2.38,3.4,2.8,2.45,56,3.6,3.29,2.9,2.8,2.6,2.4,39,2.94,2.68,1.48,1.44,29,0.25,1.84,1.79,2.12,2.04,3.22,2.82,2.74,1467.39,1526.12
F2,20/09/16,Le Havre,Brest,1,1,D,0,1,A,2.05,3.1,4.0,2.05,3.0,3.9,2.1,3.1,3.3,2.0,3.0,4.2,2.09,3.03,4.65,2.0,3.1,3.8,2.0,3.1,4.2,56,2.1,2.01,3.12,3.02,4.65,4.01,38,2.4,2.3,1.63,1.57,27,-0.5,2.08,2.02,1.86,1.8,2.08,3.06,4.58,1572.38,1519.89
F2,20/09/16,Lens,Orleans,4,2,H,1,2,A,1.85,3.1,5.0,1.91,3.0,4.5,1.85,3.2,4.2,1.91,3.0,4.75,1.92,3.08,5.54,1.91,3.0,4.33,1.87,3.1,5.0,56,1.95,1.87,3.2,3.06,5.54,4.63,39,2.61,2.45,1.53,1.51,28,-0.5,1.96,1.88,2.01,1.93,2.04,3.03,4.9,1539.83,1457.56
F2,20/09/16,Nimes,Troyes,2,2,D,0,0,D,1.91,3.1,4.5,2.0,3.25,3.7,2.0,3.15,3.5,1.95,3.25,4.0,2.0,3.36,4.39,2.05,3.3,3.3,1.95,3.4,4.0,55,2.05,1.97,3.45,3.27,4.5,3.81,43,1.9,1.83,2.01,1.92,27,-0.5,2.04,1.96,1.92,1.85,2.04,3.36,4.2,1509.3,1486.89
F2,20/09/16,Niort,Ajaccio GFCO,0,0,D,0,0,D,2.88,2.9,2.7,2.85,2.9,2.6,2.65,2.9,2.65,2.9,2.8,2.7,3.14,2.92,2.75,2.7,2.88,2.7,3.0,2.88,2.7,56,3.14,2.86,2.94,2.85,2.77,2.65,37,2.65,2.53,1.5,1.48,29,0.0,2.08,2.0,1.86,1.82,3.49,2.98,2.48,1467.78,1580.54
F2,20/09/16,Reims,Clermont,2,1,H,0,0,D,1.95,3.1,4.33,1.95,3.1,4.1,2.0,3.1,3.6,1.91,3.1,4.5,1.96,3.18,4.98,1.95,3.2,3.8,1.93,3.25,4.4,56,2.01,1.93,3.25,3.14,4.98,4.18,39,2.35,2.21,1.65,1.61,28,-0.5,2.0,1.94,1.96,1.88,1.82,3.47,5.32,1607.66,1539.5
F2,20/09/16,Tours,Bourg Peronnas,0,2,A,0,0,D,2.05,3.1,4.0,2.0,3.2,3.75,2.1,3.1,3.3,2.1,3.1,3.6,2.19,3.24,3.85,2.1,3.2,3.3,2.1,3.2,3.75,50,2.19,2.1,3.3,3.15,4.0,3.54,40,2.1,2.02,1.85,1.74,26,-0.25,1.87,1.82,2.07,2.0,2.36,3.12,3.56,1461.47,1459.4
F2,23/09/16,Ajaccio GFCO,Nimes,0,2,A,0,2,A,2.05,3.1,4.0,1.9,3.1,4.33,1.9,3.2,3.9,2.05,3.0,4.0,2.1,3.1,4.41,1.95,3.0,4.33,2.05,3.1,4.1,55,2.12,2.02,3.2,3.05,4.75,3.94,37,2.36,2.21,1.67,1.61,27,-0.5,2.1,2.03,1.84,1.78,2.21,3.13,3.96,1580.08,1505.07
F2,23/09/16,Auxerre,Le Havre,0,1,A,0,0,D,3.1,3.0,2.45,2.9,2.9,2.55,2.6,3.0,2.6,3.0,2.9,2.5,3.26,2.98,2.61,2.9,3.0,2.45,3.1,3.0,2.5,57,3.26,2.99,3.2,2.94,2.65,2.48,37,2.38,2.27,1.64,1.58,27,0.25,1.8,1.73,2.2,2.1,3.34,3.0,2.55,1494.74,1567.22
F2,23/09/16,Bourg Peronnas,Laval,0,0,D,0,0,D,2.1,3.1,3.75,2.05,3.1,3.7,2.1,3.1,3.3,2.15,2.9,3.8,2.22,3.02,4.1,2.15,2.8,3.75,2.15,3.1,3.75,51,2.23,2.14,3.2,3.03,4.1,3.59,34,2.38,2.26,1.64,1.58,25,-0.25,1.91,1.84,2.05,1.96,2.27,2.95,4.06,1475.47,1465.91
F2,23/09/16,Clermont,Strasbourg,0,0,D,0,0,D,2.45,2.9,3.25,2.6,2.85,2.9,2.6,3.0,2.6,2.5,2.8,3.25,2.6,2.9,3.38,2.6,2.88,2.8,2.5,2.9,3.2,57,2.7,2.47,3.0,2.86,3.39,3.09,38,2.6,2.43,1.55,1.51,28,-0.25,2.16,2.08,1.8,1.75,2.7,2.94,3.19,1532.62,1505.47
F2,23/09/16,Orleans,Amiens,1,2,A,0,1,A,2.55,2.9,3.0,2.5,2.85,3.0,2.4,3.0,2.9,2.62,2.9,3.0,2.73,2.96,3.12,2.5,2.8,3.1,2.63,2.9,3.0,57,2.73,2.54,3.0,2.9,3.25,2.96,38,2.57,2.43,1.54,1.51,29,0.0,1.85,1.78,2.09,2.03,2.6,2.98,3.28,1451.08,1519.29
F2,23/09/16,Red Star,Niort,0,1,A,0,0,D,2.15,2.88,4.0,2.1,2.9,3.8,2.1,3.0,3.5,2.1,2.88,4.2,2.16,2.96,4.45,2.0,2.9,4.0,2.1,3.0,4.1,55,2.17,2.1,3.02,2.93,4.45,3.87,37,2.67,2.52,1.5,1.47,27,-0.25,1.83,1.78,2.14,2.04,2.09,2.95,4.79,1561.25,1468.24
F2,23/09/16,Sochaux,Ajaccio,1,0,H,1,0,H,2.05,2.9,4.33,1.95,2.95,4.33,2.0,3.0,3.8,2.05,2.9,4.33,2.1,2.95,4.75,2.05,3.0,3.8,2.05,2.9,4.4,56,2.1,2.04,3.02,2.91,4.77,4.15,38,2.77,2.65,1.47,1.43,27,-0.5,2.1,2.02,1.85,1.78,1.95,3.0,5.54,1527.6,1467.37
F2,23/09/16,Troyes,Tours,3,1,H,2,1,H,2.1,3.1,3.75,2.1,3.1,3.5,2.3,2.9,3.1,2.1,3.1,3.8,2.15,3.2,4.05,2.1,3.2,3.3,2.15,3.2,3.6,56,2.3,2.12,3.28,3.13,4.05,3.5,44,2.08,2.0,1.85,1.76,28,-0.25,1.86,1.82,2.1,2.0,1.99,3.33,4.49,1491.12,1445.4
F2,24/09/16,Valenciennes,Lens,1,2,A,1,1,D,3.3,2.9,2.4,3.0,2.9,2.5,2.9,3.0,2.4,2.9,3.0,2.5,3.56,2.96,2.46,3.1,2.9,2.38,3.3,2.9,2.45,55,3.56,3.18,3.01,2.89,2.5,2.39,37,2.56,2.41,1.54,1.52,26,0.25,1.85,1.79,2.12,2.03,3.52,2.92,2.51,1502.84,1546.31
F2,26/09/16,Brest,Reims,2,1,H,0,0,D,2.55,3.1,2.88,2.45,2.95,3.0,2.5,3.0,2.8,2.62,2.88,2.9,2.82,2.9,3.08,2.5,3.0,2.8,2.63,3.0,2.9,52,2.82,2.57,3.1,2.91,3.08,2.88,33,2.52,2.38,1.56,1.52,25,0.0,1.89,1.81,2.07,2.0,2.57,3.05,3.24,1525.05,1614.54
F2,27/09/16,Ajaccio GFCO,Amiens,1,1,D,0,0,D,2.3,2.9,3.5,2.3,2.9,3.3,2.3,3.0,2.9,2.25,2.8,3.75,2.32,2.93,3.94,2.3,2.88,3.25,2.25,2.9,3.7,53,2.32,2.25,3.0,2.89,3.94,3.5,35,2.67,2.5,1.5,1.48,27,-0.25,1.95,1.9,1.98,1.92,2.23,2.97,4.15,1561.77,1532.93
F2,30/09/16,Ajaccio,Brest,1,1,D,0,0,D,2.5,2.8,3.2,2.3,2.95,3.3,2.4,3.0,2.9,2.4,2.8,3.3,2.51,2.92,3.51,2.25,3.0,3.2,2.45,2.9,3.3,56,2.53,2.39,3.0,2.87,3.51,3.24,44,2.64,2.52,1.51,1.48,30,-0.25,2.12,2.05,1.85,1.78,2.48,2.82,3.76,1460.26,1537.17
F2,30/09/16,Amiens,Troyes,0,1,A,0,0,D,1.95,3.3,4.0,1.95,3.2,4.0,2.0,3.1,3.6,1.95,3.1,4.2,2.03,3.28,4.41,2.05,3.25,3.4,1.95,3.25,4.2,57,2.11,1.99,3.32,3.17,4.41,3.91,49,2.21,2.11,1.74,1.68,29,-0.25,1.74,1.7,2.23,2.14,2.16,3.22,3.97,1537.36,1498.66
F2,30/09/16,Laval,Clermont,1,1,D,0,1,A,2.5,2.8,3.25,2.45,2.9,3.1,2.5,3.1,2.7,2.5,2.8,3.2,2.65,2.82,3.41,2.45,2.9,3.0,2.55,2.9,3.13,56,2.65,2.46,3.1,2.85,3.41,3.14,45,2.52,2.42,1.56,1.52,30,-0.25,2.18,2.1,1.8,1.75,2.6,2.97,3.3,1469.73,1528.24
F2,30/09/16,Lens,Red Star,2,0,H,1,0,H,1.83,3.1,5.0,1.8,3.1,5.0,1.8,3.4,4.0,1.8,3.1,5.5,1.82,3.22,6.02,1.85,3.2,4.2,1.8,3.2,5.5,55,1.85,1.79,3.4,3.15,6.02,5.03,43,2.5,2.37,1.58,1.53,28,-0.5,1.83,1.79,2.13,2.03,1.93,3.15,5.23,1560.83,1542.44
F2,30/09/16,Nimes,Bourg Peronnas,0,0,D,0,0,D,1.91,3.4,4.0,1.91,3.1,4.25,1.9,3.3,3.7,1.91,3.3,4.2,1.95,3.35,4.65,1.8,3.5,4.0,1.9,3.4,4.3,52,1.95,1.9,3.55,3.3,4.65,4.1,47,1.88,1.81,2.04,1.94,26,-0.5,1.95,1.9,2.0,1.91,2.1,3.27,4.13,1523.38,1471.65
F2,30/09/16,Niort,Orleans,1,0,H,1,0,H,2.25,2.9,3.6,2.25,2.85,3.5,2.2,3.0,3.2,2.3,2.8,3.6,2.41,2.86,3.84,2.15,2.9,3.6,2.3,2.9,3.6,57,2.41,2.27,3.0,2.85,3.84,3.5,44,2.71,2.55,1.5,1.47,30,-0.25,2.0,1.93,1.94,1.88,2.37,2.97,3.76,1487.05,1437.44
F2,30/09/16,Reims,Auxerre,3,0,H,1,0,H,1.67,3.5,5.5,1.62,3.5,5.75,1.75,3.4,4.3,1.62,3.5,6.0,1.65,3.66,6.76,1.65,3.5,5.0,1.6,3.6,6.5,56,1.75,1.63,3.71,3.49,6.76,5.69,50,2.26,2.14,1.73,1.66,30,-0.75,1.91,1.83,2.07,1.99,1.77,3.61,5.49,1602.42,1481.25
F2,30/09/16,Tours,Ajaccio GFCO,0,3,A,0,1,A,3.25,2.8,2.5,3.3,2.8,2.4,2.8,3.1,2.4,2.9,2.9,2.62,3.17,2.86,2.77,3.0,2.8,2.5,3.0,2.9,2.7,54,3.3,3.05,3.1,2.83,2.77,2.54,42,2.74,2.57,1.5,1.46,29,0.0,2.15,2.06,1.84,1.77,2.92,2.86,3.0,1437.86,1557.34
F2,01/10/16,Strasbourg,Valenciennes,2,4,A,1,2,A,1.75,3.2,5.5,1.75,3.2,5.0,1.75,3.4,4.3,1.75,3.3,5.0,1.77,3.2,6.3,1.75,3.2,4.8,1.75,3.3,5.5,56,1.81,1.75,3.4,3.19,6.3,5.24,45,2.63,2.43,1.57,1.51,29,-0.75,2.08,2.01,1.88,1.81,1.93,3.35,4.81,1509.85,1488.32
F2,03/10/16,Le Havre,Sochaux,2,1,H,0,0,D,2.2,3.0,3.6,2.2,2.9,3.6,2.2,3.0,3.2,2.25,2.88,3.75,2.3,2.96,3.94,2.15,2.9,3.6,2.2,3.0,3.7,53,2.3,2.2,3.05,2.93,3.94,3.56,41,2.54,2.42,1.55,1.51,28,-0.25,1.95,1.88,1.99,1.93,2.39,2.92,3.79,1580.71,1534.71
F2,14/10/16,Ajaccio,Reims,1,0,H,1,0,H,3.1,2.88,2.55,2.85,2.85,2.65,2.6,2.9,2.7,3.1,2.8,2.6,3.38,2.87,2.63,2.8,2.88,2.6,3.13,2.88,2.6,47,3.39,3.01,2.95,2.85,2.7,2.54,35,2.64,2.51,1.51,1.48,20,0.25,1.79,1.72,2.21,2.13,3.19,2.79,2.83,1459.43,1607.89
F2,14/10/16,Auxerre,Laval,2,0,H,1,0,H,2.25,2.8,3.75,2.25,2.85,3.5,2.3,2.9,3.1,2.25,2.8,3.75,2.38,2.85,3.96,2.15,2.9,3.6,2.3,2.88,3.7,48,2.38,2.25,2.95,2.83,4.04,3.56,36,2.84,2.6,1.51,1.47,22,-0.25,2.01,1.91,1.95,1.9,2.65,2.79,3.41,1475.78,1468.24
F2,14/10/16,Bourg Peronnas,Amiens,2,4,A,1,1,D,2.25,2.9,3.6,2.4,2.85,3.2,2.6,2.9,2.7,2.3,2.9,3.5,2.38,3.02,3.65,2.25,3.0,3.2,2.3,3.0,3.5,44,2.6,2.3,3.07,2.92,3.65,3.32,33,2.37,2.28,1.63,1.58,20,-0.25,2.2,1.96,1.96,1.87,2.41,3.09,3.5,1476.79,1520.12
F2,14/10/16,Clermont,Le Havre,1,3,A,0,1,A,2.6,3.0,2.88,2.5,2.95,2.9,2.6,2.9,2.7,2.62,3.0,2.9,2.77,2.97,3.05,2.6,2.9,2.8,2.6,3.1,2.88,49,2.77,2.57,3.18,2.97,3.05,2.83,39,2.2,2.09,1.79,1.7,21,-0.25,2.3,2.21,1.72,1.66,2.95,3.04,2.8,1529.73,1588.25
F2,14/10/16,Orleans,Tours,0,0,D,0,0,D,2.05,3.0,4.2,2.0,3.1,3.9,2.1,3.0,3.5,2.1,2.9,4.0,2.18,2.94,4.4,2.05,3.1,3.6,2.15,2.9,4.1,48,2.18,2.09,3.16,2.97,4.4,3.78,34,2.35,2.23,1.67,1.6,19,-0.5,2.18,2.1,1.8,1.74,2.12,2.97,4.59,1430.01,1426.06
F2,14/10/16,Red Star,Nimes,3,3,D,2,2,D,2.75,2.9,2.8,2.5,3.0,2.9,2.3,2.9,3.1,2.7,2.9,2.9,2.85,2.9,3.03,2.62,2.9,2.8,2.7,3.0,2.88,48,2.85,2.64,3.02,2.88,3.1,2.84,35,2.36,2.26,1.64,1.58,21,-0.25,2.36,2.26,1.68,1.64,2.73,2.95,3.12,1534.04,1518.24
F2,14/10/16,Troyes,Ajaccio GFCO,1,0,H,1,0,H,2.75,2.9,2.8,2.65,2.9,2.8,2.5,3.0,2.8,2.7,2.9,2.8,2.95,2.98,2.85,2.7,2.9,2.7,2.8,2.9,2.8,49,2.95,2.69,3.06,2.9,3.05,2.77,35,2.38,2.27,1.64,1.58,22,0.0,2.0,1.9,1.97,1.91,3.11,2.99,2.71,1515.9,1569.14
F2,14/10/16,Valenciennes,Niort,3,1,H,0,0,D,2.0,3.0,4.33,2.0,3.0,4.0,2.1,3.3,3.1,2.0,3.0,4.33,2.09,3.04,4.61,1.95,3.1,4.0,2.05,3.0,4.3,49,2.1,2.0,3.3,2.99,4.65,4.09,36,2.5,2.37,1.57,1.54,21,-0.5,2.09,2.01,1.87,1.8,1.96,3.13,5.11,1505.02,1494.48
F2,15/10/16,Brest,Strasbourg,2,1,H,1,1,D,2.25,2.9,3.6,2.15,2.9,3.7,2.2,3.0,3.2,2.25,2.8,3.8,2.33,2.91,3.96,2.05,3.0,3.75,2.3,3.0,3.5,49,2.33,2.2,3.02,2.9,3.96,3.55,35,2.72,2.52,1.5,1.47,21,-0.25,1.96,1.88,1.99,1.93,2.24,2.97,4.12,1538.0,1493.15
F2,17/10/16,Sochaux,Lens,1,0,H,1,0,H,2.4,2.8,3.4,2.2,3.0,3.4,2.4,3.0,2.9,2.38,2.8,3.5,2.45,2.9,3.67,2.38,2.88,3.1,2.38,2.9,3.5,47,2.45,2.32,3.0,2.87,3.67,3.32,35,2.6,2.48,1.53,1.5,20,-0.25,2.05,1.97,1.93,1.85,2.51,2.91,3.54,1527.17,1569.23
F2,21/10/16,Ajaccio GFCO,Orleans,2,0,H,1,0,H,1.91,3.1,4.5,1.95,3.0,4.2,2.0,3.1,3.6,1.91,3.0,4.75,1.94,3.16,5.15,1.95,3.1,4.0,1.9,3.13,4.8,54,2.05,1.92,3.2,3.08,5.15,4.37,41,2.57,2.41,1.57,1.52,28,-0.5,1.96,1.9,1.98,1.9,2.02,3.08,4.87,1558.31,1426.38
F2,21/10/16,Laval,Brest,0,1,A,0,0,D,2.75,2.8,2.9,2.8,2.8,2.75,2.7,2.8,2.7,2.7,2.8,3.0,2.85,2.78,3.17,2.75,2.8,2.7,2.75,2.88,2.9,53,2.85,2.7,2.9,2.78,3.17,2.88,41,2.82,2.62,1.48,1.44,28,0.0,1.9,1.84,2.06,1.97,2.68,2.84,3.34,1459.49,1545.57
F2,21/10/16,Le Havre,Ajaccio,2,0,H,1,0,H,1.7,3.3,5.5,1.67,3.3,5.5,1.8,3.3,4.2,1.73,3.4,5.25,1.76,3.51,5.75,1.8,3.3,4.33,1.7,3.5,5.5,52,1.8,1.73,3.57,3.36,5.75,5.0,41,2.5,2.08,1.8,1.7,28,-0.75,2.0,1.94,1.93,1.87,1.75,3.64,5.61,1602.24,1473.66
F2,21/10/16,Nimes,Sochaux,0,0,D,0,0,D,2.38,3.0,3.2,2.4,2.9,3.1,2.4,3.0,2.9,2.38,2.9,3.4,2.44,2.97,3.6,2.3,3.1,3.0,2.38,3.0,3.3,54,2.5,2.36,3.1,2.94,3.6,3.2,40,2.31,2.2,1.66,1.61,29,-0.25,2.07,2.0,1.86,1.81,2.24,3.07,3.95,1522.26,1537.6
F2,21/10/16,Niort,Clermont,2,1,H,2,0,H,2.4,3.0,3.2,2.55,2.9,2.95,2.6,2.9,2.6,2.4,2.9,3.1,2.57,3.0,3.32,2.6,2.9,2.8,2.45,3.1,3.1,54,2.6,2.46,3.16,2.96,3.32,3.01,42,2.35,2.12,1.75,1.66,29,-0.25,2.18,2.09,1.8,1.74,2.43,3.03,3.52,1485.83,1515.74
F2,21/10/16,Strasbourg,Auxerre,2,1,H,1,0,H,1.83,3.2,4.75,1.87,3.1,4.5,1.9,3.3,3.7,1.85,3.1,4.75,1.92,3.21,5.19,1.83,3.1,4.5,1.85,3.2,5.0,54,1.92,1.85,3.3,3.15,5.19,4.58,41,2.57,2.4,1.55,1.52,28,-0.5,1.92,1.86,2.03,1.94,1.85,3.38,5.31,1485.58,1484.53
F2,21/10/16,Tours,Valenciennes,4,1,H,3,1,H,2.8,2.9,2.75,2.75,2.85,2.7,2.7,2.8,2.7,2.9,2.9,2.62,3.1,2.91,2.78,2.62,3.0,2.62,2.9,3.0,2.63,53,3.1,2.83,3.07,2.89,2.8,2.64,39,2.35,2.25,1.64,1.58,29,0.0,2.07,1.98,1.9,1.82,2.76,2.95,3.08,1429.69,1513.67
F2,21/10/16,Troyes,Bourg Peronnas,1,0,H,0,0,D,1.85,3.3,4.5,1.87,3.1,4.4,2.0,3.3,3.3,1.85,3.3,4.33,1.94,3.42,4.59,1.91,3.3,3.8,1.87,3.4,4.33,50,2.0,1.89,3.5,3.29,4.8,4.15,44,1.99,1.91,1.93,1.83,26,-0.5,1.94,1.88,2.02,1.93,1.93,3.43,4.65,1526.73,1462.27
F2,22/10/16,Lens,Reims,1,1,D,0,0,D,2.45,2.9,3.2,2.5,2.8,3.1,2.4,3.0,2.9,2.4,2.88,3.25,2.57,2.9,3.45,2.45,2.9,3.0,2.5,3.0,3.13,52,2.57,2.43,3.1,2.89,3.45,3.12,40,2.5,2.34,1.6,1.55,27,-0.25,2.16,2.06,1.82,1.77,2.36,2.92,3.86,1558.8,1593.66
F2,24/10/16,Amiens,Red Star,0,0,D,0,0,D,2.1,3.1,3.75,2.05,3.0,3.8,2.0,3.1,3.6,2.1,2.9,4.0,2.15,3.07,4.26,2.05,3.0,3.75,2.1,3.0,4.1,48,2.15,2.07,3.1,3.0,4.26,3.82,37,2.58,2.41,1.55,1.51,22,-0.5,2.16,2.06,1.83,1.75,1.97,3.27,4.72,1534.64,1530.02
F2,28/10/16,Ajaccio,Laval,1,3,A,1,1,D,2.1,3.0,4.0,2.0,3.0,4.0,2.1,3.0,3.5,1.91,2.9,4.75,2.23,3.0,4.13,2.0,2.9,4.0,1.95,3.0,4.8,53,2.21,2.01,3.05,2.93,4.85,4.24,43,2.82,2.65,1.46,1.44,29,-0.25,1.86,1.72,2.29,2.12,2.16,2.98,4.41,1468.37,1446.49
F2,28/10/16,Bourg Peronnas,Ajaccio GFCO,1,0,H,1,0,H,3.1,2.9,2.5,2.95,2.9,2.55,2.7,2.9,2.6,3.1,2.88,2.5,3.27,2.92,2.65,2.9,2.9,2.5,3.1,3.0,2.5,53,3.27,3.01,3.05,2.89,2.65,2.51,41,2.48,2.32,1.6,1.56,28,0.25,1.77,1.71,2.21,2.13,3.18,3.08,2.59,1455.28,1563.52
F2,28/10/16,Orleans,Troyes,1,1,D,0,1,A,2.7,3.0,2.75,2.5,2.9,3.0,2.6,3.0,2.6,2.7,3.0,2.8,2.83,3.02,2.94,2.45,3.0,2.88,2.75,3.0,2.8,57,2.83,2.64,3.13,2.96,3.0,2.78,44,2.25,2.13,1.74,1.66,30,0.0,1.94,1.87,2.0,1.94,2.65,3.12,3.06,1421.17,1533.72
F2,28/10/16,Red Star,Tours,3,1,H,3,0,H,2.2,3.0,3.6,2.3,2.95,3.3,2.3,3.0,3.0,2.25,2.9,3.6,2.28,2.97,3.97,2.25,2.9,3.3,2.25,3.0,3.6,55,2.32,2.21,3.05,2.93,3.97,3.54,42,2.5,2.35,1.6,1.54,30,-0.25,1.93,1.87,2.01,1.94,2.23,2.9,4.31,1533.67,1441.61
F2,28/10/16,Reims,Le Havre,1,0,H,1,0,H,2.05,3.2,3.75,2.05,2.95,3.9,2.3,3.0,3.0,2.0,3.2,3.8,2.08,3.32,4.1,2.05,3.25,3.4,2.0,3.3,3.9,57,2.3,2.03,3.35,3.17,4.13,3.73,48,2.05,1.96,1.88,1.8,29,-0.5,2.09,2.02,1.85,1.79,2.16,3.34,3.8,1595.98,1607.53
F2,28/10/16,Valenciennes,Nimes,2,3,A,1,0,H,2.45,3.1,3.0,2.4,3.0,3.0,2.4,3.0,2.9,2.5,3.1,2.9,2.68,3.11,3.03,2.45,3.1,2.8,2.38,3.2,3.0,57,2.68,2.46,3.3,3.06,3.05,2.92,48,2.01,1.91,1.95,1.84,30,-0.25,2.24,2.11,1.8,1.72,2.52,3.2,3.18,1501.75,1519.27
F2,29/10/16,Auxerre,Niort,0,4,A,0,1,A,2.3,3.0,3.4,2.4,2.9,3.1,2.4,3.0,2.9,2.3,2.9,3.4,2.44,2.99,3.59,2.38,3.1,2.88,2.3,3.1,3.4,55,2.44,2.31,3.1,2.96,3.59,3.27,44,2.4,2.27,1.65,1.58,28,-0.25,2.02,1.97,1.91,1.85,2.38,2.88,3.89,1475.57,1495.84
F2,29/10/16,Clermont,Amiens,1,0,H,0,0,D,2.45,2.88,3.2,2.45,2.95,3.0,2.6,2.9,2.7,2.5,2.9,3.2,2.52,3.01,3.38,2.45,3.0,2.9,2.5,3.0,3.1,54,2.6,2.42,3.07,2.95,3.38,3.07,39,2.35,2.24,1.66,1.6,27,-0.25,2.17,2.09,1.82,1.76,2.56,3.05,3.27,1505.73,1530.99
F2,29/10/16,Sochaux,Strasbourg,1,2,A,0,1,A,2.2,2.9,3.75,2.1,2.8,4.0,2.2,3.0,3.2,2.2,2.8,4.0,2.25,2.85,4.31,2.1,2.88,3.75,2.2,2.88,3.9,55,2.27,2.17,3.01,2.85,4.31,3.78,43,2.94,2.71,1.45,1.42,28,-0.25,1.91,1.85,2.03,1.97,2.3,2.85,4.19,1540.59,1494.54
F2,31/10/16,Brest,Lens,1,2,A,1,1,D,2.45,2.88,3.2,2.45,2.9,3.1,2.3,2.9,3.1,2.5,2.8,3.3,2.6,2.88,3.42,2.45,2.88,3.0,2.5,2.9,3.25,54,2.6,2.45,2.97,2.86,3.42,3.11,42,2.65,2.5,1.53,1.48,27,-0.25,2.14,2.07,1.81,1.75,2.38,3.06,3.58,1558.57,1556.48
F2,04/11/16,Ajaccio GFCO,Red Star,2,1,H,1,0,H,1.83,3.2,4.75,1.8,3.1,5.0,1.9,3.2,3.9,1.85,3.0,5.0,1.9,3.2,5.35,1.95,3.1,4.0,1.83,3.2,5.0,51,1.95,1.84,3.3,3.12,5.38,4.76,42,2.55,2.41,1.56,1.52,27,-0.5,1.9,1.83,2.05,1.98,1.96,3.12,5.13,1550.72,1539.89
F2,04/11/16,Amiens,Auxerre,0,0,D,0,0,D,1.75,3.4,5.0,1.83,3.25,4.5,1.85,3.3,4.0,1.83,3.1,5.0,1.87,3.26,5.43,1.8,3.25,4.4,1.8,3.3,5.0,51,1.87,1.81,3.4,3.19,5.43,4.75,42,2.32,2.21,1.68,1.62,26,-0.5,1.87,1.81,2.08,2.0,1.78,3.3,6.21,1521.14,1460.25
F2,04/11/16,Bourg Peronnas,Orleans,0,0,D,0,0,D,2.4,3.0,3.2,2.45,2.85,3.1,2.3,3.0,3.0,2.5,2.9,3.1,2.58,2.99,3.32,2.25,3.2,3.0,2.55,3.0,3.0,48,2.59,2.42,3.11,2.93,3.32,3.11,41,2.31,2.18,1.68,1.64,26,-0.25,2.17,2.08,1.8,1.75,2.67,3.05,3.09,1468.08,1421.62
F2,04/11/16,Laval,Le Havre,0,2,A,0,0,D,3.0,2.88,2.63,3.0,2.8,2.55,3.0,2.8,2.5,2.9,2.8,2.7,3.07,2.85,2.87,2.8,3.0,2.5,3.0,2.9,2.63,51,3.25,2.95,2.95,2.84,2.87,2.59,42,2.53,2.4,1.57,1.52,27,0.0,2.13,2.02,1.9,1.81,2.84,2.84,3.1,1463.2,1598.15
F2,04/11/16,Nimes,Clermont,1,1,D,1,0,H,1.91,3.4,4.0,1.9,3.25,4.1,1.9,3.2,3.9,1.95,3.3,4.0,2.0,3.44,4.25,2.0,3.3,3.5,1.93,3.4,4.1,52,2.0,1.93,3.5,3.3,4.3,3.94,48,1.91,1.8,2.06,1.95,27,-0.5,2.0,1.92,1.98,1.89,2.09,3.44,3.89,1534.68,1515.58
F2,04/11/16,Niort,Sochaux,2,0,H,2,0,H,2.75,2.8,2.88,2.65,2.75,2.95,2.7,2.8,2.7,2.75,2.8,2.9,2.91,2.81,3.07,2.5,3.0,2.8,2.8,2.8,2.9,52,2.92,2.72,2.94,2.79,3.1,2.85,42,2.64,2.52,1.53,1.48,28,0.0,1.93,1.86,2.0,1.95,2.85,2.86,3.04,1511.16,1523.12
F2,04/11/16,Tours,Brest,0,1,A,0,1,A,2.8,2.9,2.75,2.85,2.9,2.6,2.8,2.8,2.6,2.8,2.9,2.75,2.96,2.99,2.83,2.8,3.0,2.5,2.8,2.9,2.8,51,2.97,2.77,3.01,2.88,2.84,2.72,41,2.5,2.37,1.58,1.54,28,0.0,2.0,1.91,1.96,1.9,2.92,2.94,2.92,1435.39,1542.5
F2,04/11/16,Troyes,Valenciennes,2,0,H,1,0,H,2.0,3.2,4.0,2.05,3.1,3.75,2.0,3.2,3.5,2.05,3.4,3.6,2.08,3.12,4.45,2.0,3.2,3.6,2.0,3.3,3.9,52,2.08,2.01,3.4,3.13,4.45,3.86,48,2.06,1.98,1.88,1.78,27,-0.5,2.09,2.02,1.86,1.8,2.07,3.31,4.18,1533.27,1486.34
F2,05/11/16,Strasbourg,Reims,1,2,A,0,1,A,2.38,3.0,3.25,2.35,3.0,3.1,2.3,2.9,3.2,2.4,2.8,3.3,2.58,2.93,3.4,2.3,3.0,3.1,2.45,2.9,3.3,52,2.58,2.41,3.06,2.91,3.4,3.13,42,2.56,2.42,1.57,1.52,27,-0.25,2.13,2.05,1.84,1.77,2.56,2.98,3.35,1512.01,1605.36
F2,07/11/16,Lens,Ajaccio,1,1,D,0,0,D,1.8,3.3,4.75,1.78,3.3,4.6,1.75,3.2,4.7,1.8,3.1,5.25,1.86,3.2,5.73,1.8,3.1,4.75,1.75,3.3,5.5,48,1.86,1.78,3.35,3.18,5.73,4.97,40,2.55,2.38,1.57,1.53,24,-0.5,1.86,1.77,2.12,2.02,1.79,3.58,5.35,1572.55,1451.66
F2,18/11/16,Ajaccio,Strasbourg,2,0,H,1,0,H,2.7,2.8,3.0,2.5,2.85,3.0,2.6,2.9,2.7,2.7,2.8,2.9,2.82,2.85,3.12,2.5,2.8,3.0,2.8,2.8,3.0,51,2.87,2.68,2.9,2.78,3.12,2.91,39,3.06,2.8,1.47,1.4,28,0.0,1.9,1.84,2.06,1.98,2.81,2.86,3.12,1458.69,1499.27
F2,18/11/16,Auxerre,Lens,1,1,D,0,1,A,3.1,2.9,2.5,2.9,2.95,2.5,2.9,2.9,2.5,3.0,2.9,2.5,3.26,2.92,2.65,2.9,3.0,2.45,3.2,2.9,2.5,53,3.27,3.04,3.04,2.9,2.65,2.48,42,2.5,2.35,1.61,1.55,29,0.25,1.81,1.74,2.2,2.1,3.27,2.9,2.67,1465.66,1565.52
F2,18/11/16,Clermont,Ajaccio GFCO,3,1,H,1,1,D,2.75,2.9,2.8,2.65,2.85,2.85,2.6,2.9,2.7,2.75,2.9,2.8,2.93,2.91,2.94,2.5,3.0,2.8,2.8,3.0,2.75,52,2.93,2.68,3.03,2.89,3.05,2.8,41,2.41,2.3,1.61,1.57,29,0.0,2.0,1.88,2.08,1.93,2.89,2.9,2.99,1519.7,1559.36
F2,18/11/16,Orleans,Nimes,2,1,H,0,1,A,2.38,3.1,3.1,2.45,2.85,3.1,2.5,2.9,2.9,2.4,3.0,3.1,2.51,3.16,3.22,2.45,3.1,2.8,2.4,3.13,3.13,53,2.56,2.42,3.2,3.04,3.22,3.0,47,2.21,2.09,1.78,1.7,29,-0.25,2.16,2.08,1.83,1.76,2.38,3.15,3.48,1426.6,1530.56
F2,18/11/16,Red Star,Troyes,1,2,A,0,1,A,2.63,2.9,2.9,2.5,2.9,2.95,2.5,2.9,2.9,2.62,2.9,2.9,2.86,2.92,3.0,2.45,3.0,2.88,2.7,3.0,2.88,51,2.86,2.61,3.0,2.89,3.1,2.89,42,2.49,2.31,1.6,1.56,28,0.0,1.91,1.83,2.08,1.99,2.58,2.96,3.32,1531.25,1540.78
F2,18/11/16,Reims,Laval,0,2,A,0,1,A,1.62,3.3,6.5,1.67,3.3,5.5,1.7,3.5,4.4,1.67,3.3,5.75,1.72,3.52,6.31,1.73,3.2,5.0,1.67,3.4,6.25,51,1.73,1.68,3.54,3.29,6.75,5.76,39,2.5,2.35,1.62,1.55,29,-0.75,1.96,1.91,1.97,1.91,1.73,3.52,6.15,1618.1,1451.95
F2,18/11/16,Sochaux,Tours,2,1,H,1,0,H,1.83,3.2,4.8,1.8,3.2,4.75,1.8,3.4,4.0,1.85,3.1,5.0,1.89,3.22,5.35,1.83,3.1,4.5,1.87,3.13,5.0,52,1.93,1.85,3.4,3.13,5.35,4.69,41,2.61,2.47,1.55,1.5,28,-0.5,1.91,1.86,2.03,1.95,1.96,3.18,4.98,1513.72,1423.15
F2,18/11/16,Valenciennes,Bourg Peronnas,3,3,D,1,1,D,1.85,3.3,4.5,1.87,3.1,4.5,2.1,3.1,3.3,1.85,3.25,4.5,1.92,3.33,4.93,1.95,3.25,3.75,1.85,3.3,4.75,48,2.1,1.87,3.4,3.22,4.93,4.37,42,2.17,2.05,1.79,1.73,26,-0.5,1.92,1.87,2.04,1.95,1.93,3.38,4.73,1478.83,1463.1
F2,19/11/16,Le Havre,Amiens,0,0,D,0,0,D,1.91,3.1,4.5,1.9,3.1,4.33,2.0,3.1,3.7,1.95,3.1,4.33,2.01,3.22,4.58,1.95,3.2,3.8,1.95,3.2,4.33,52,2.01,1.95,3.22,3.12,4.58,4.1,41,2.31,2.22,1.66,1.61,26,-0.5,2.01,1.95,1.92,1.86,2.1,3.17,4.29,1609.4,1515.73
F2,21/11/16,Brest,Niort,2,3,A,1,3,A,2.0,3.1,4.1,1.95,3.0,4.33,2.0,3.1,3.7,2.0,3.0,4.2,2.06,3.17,4.45,1.95,3.1,4.0,2.0,3.1,4.3,51,2.06,1.98,3.2,3.07,4.5,4.06,41,2.5,2.34,1.6,1.55,26,-0.5,2.05,1.98,1.88,1.82,2.03,3.05,4.89,1554.74,1520.56
F2,25/11/16,Ajaccio GFCO,Sochaux,0,1,A,0,0,D,2.3,2.88,3.5,2.2,2.75,3.8,2.2,2.9,3.4,2.4,2.7,3.5,2.57,2.79,3.61,2.38,2.75,3.3,2.4,2.8,3.5,49,2.57,2.37,2.9,2.74,3.8,3.46,39,3.0,2.78,1.45,1.41,26,-0.25,2.12,2.0,1.87,1.81,2.4,2.81,3.95,1549.01,1519.98
F2,25/11/16,Bourg Peronnas,Red Star,4,1,H,1,0,H,2.25,3.0,3.5,2.4,3.0,3.0,2.5,2.9,2.9,2.3,2.9,3.4,2.4,3.06,3.55,2.25,3.0,3.2,2.38,3.0,3.4,43,2.5,2.3,3.1,2.98,3.55,3.28,36,2.31,2.21,1.66,1.62,23,-0.25,2.04,1.95,1.92,1.85,2.37,3.12,3.55,1467.12,1515.57
F2,25/11/16,Lens,Le Havre,1,0,H,0,0,D,2.1,3.0,4.0,2.15,3.0,3.5,2.2,3.0,3.3,2.1,3.0,3.8,2.2,3.12,4.01,2.1,3.1,3.4,2.15,3.1,3.75,49,2.2,2.11,3.21,3.06,4.01,3.65,41,2.2,2.09,1.76,1.68,26,-0.25,1.85,1.8,2.08,2.01,2.29,3.19,3.66,1565.53,1603.07
F2,25/11/16,Nimes,Reims,3,0,H,2,0,H,2.75,3.0,2.75,2.7,2.95,2.7,2.7,2.9,2.7,2.7,3.0,2.75,2.84,3.11,2.84,2.5,3.25,2.62,2.63,3.2,2.75,49,2.84,2.64,3.27,3.04,2.85,2.72,46,2.0,1.91,1.92,1.85,26,0.0,1.97,1.89,1.97,1.91,2.56,3.13,3.17,1517.92,1597.54
F2,25/11/16,Niort,Ajaccio,1,1,D,1,0,H,2.15,3.0,3.7,2.1,2.95,3.8,2.1,3.0,3.5,2.2,2.88,3.8,2.32,2.9,4.02,2.2,3.0,3.3,2.2,3.0,3.75,47,2.32,2.2,3.01,2.89,4.02,3.64,39,2.57,2.48,1.54,1.5,25,-0.25,1.94,1.87,2.0,1.94,2.57,2.9,3.43,1537.66,1469.07
F2,25/11/16,Orleans,Valenciennes,0,2,A,0,0,D,2.15,3.0,3.75,2.15,3.1,3.4,2.2,3.0,3.3,2.15,3.0,3.75,2.23,3.08,3.95,2.15,3.1,3.3,2.2,3.1,3.6,49,2.23,2.17,3.14,3.01,3.95,3.53,41,2.27,2.19,1.69,1.63,26,-0.25,1.91,1.85,2.04,1.95,2.05,3.22,4.39,1439.24,1474.81
F2,25/11/16,Strasbourg,Laval,1,0,H,0,0,D,1.91,3.1,4.5,1.9,3.0,4.5,1.85,3.2,4.2,2.0,2.9,4.5,2.05,2.97,4.99,1.95,3.1,4.0,1.95,3.1,4.6,48,2.05,1.94,3.2,2.98,4.99,4.45,39,2.63,2.5,1.53,1.49,25,-0.5,2.05,1.95,1.91,1.86,2.08,3.01,4.71,1488.89,1472.51
F2,25/11/16,Tours,Auxerre,2,1,H,0,0,D,2.25,3.1,3.4,2.2,3.1,3.3,2.3,3.0,3.1,2.3,2.9,3.4,2.43,3.01,3.57,2.15,3.0,3.4,2.38,3.0,3.4,47,2.43,2.25,3.1,2.97,3.65,3.39,38,2.38,2.29,1.63,1.57,26,-0.25,2.04,1.95,1.91,1.86,2.45,2.96,3.57,1416.89,1465.65
F2,25/11/16,Troyes,Clermont,1,0,H,1,0,H,2.0,3.1,4.2,1.91,3.1,4.25,2.0,3.2,3.6,2.0,3.2,4.0,2.05,3.27,4.32,2.0,3.3,3.5,1.95,3.3,4.1,49,2.05,1.98,3.31,3.15,4.32,3.97,46,2.08,1.99,1.85,1.78,25,-0.5,2.05,1.96,1.9,1.84,1.93,3.45,4.6,1556.46,1530.05
F2,26/11/16,Amiens,Brest,3,0,H,1,0,H,2.25,3.2,3.2,2.4,3.0,3.0,2.3,3.0,3.1,2.3,2.9,3.4,2.42,3.04,3.54,2.3,3.0,3.1,2.3,3.1,3.4,47,2.42,2.3,3.2,3.0,3.54,3.24,37,2.47,2.33,1.6,1.56,23,-0.25,2.04,1.96,1.91,1.85,2.18,3.13,4.05,1522.06,1537.64
F2,28/11/16,Reims,Niort,1,0,H,0,0,D,1.75,3.4,5.0,1.8,3.3,4.5,1.8,3.2,4.4,1.83,3.4,4.5,1.83,3.38,5.44,1.83,3.25,4.2,1.83,3.3,4.8,42,1.87,1.81,3.45,3.31,5.0,4.48,36,2.25,2.16,1.7,1.64,20,-0.5,1.88,1.81,2.06,1.98,1.75,3.53,5.95,1585.77,1532.03
F2,29/11/16,Ajaccio,Amiens,1,1,D,0,0,D,2.5,3.0,3.0,2.5,2.9,3.0,2.6,3.0,2.6,2.5,2.8,3.2,2.67,2.9,3.28,2.3,3.0,3.1,2.5,2.9,3.2,41,2.67,2.47,3.0,2.86,3.28,3.11,36,2.72,2.53,1.51,1.48,22,-0.25,2.22,2.1,1.79,1.73,2.73,2.9,3.18,1474.7,1531.58
F2,29/11/16,Auxerre,Nimes,2,0,H,1,0,H,3.2,3.0,2.38,2.95,2.95,2.5,2.8,3.0,2.5,2.9,3.0,2.5,3.05,3.14,2.65,2.8,3.1,2.45,2.9,3.13,2.55,45,3.2,2.8,3.23,3.03,2.86,2.57,45,2.14,2.02,1.84,1.75,24,0.0,2.1,2.02,1.9,1.79,2.62,3.11,3.11,1454.98,1529.69
F2,29/11/16,Brest,Troyes,2,1,H,1,1,D,2.1,3.1,3.8,2.2,3.1,3.3,2.2,3.0,3.2,2.1,3.0,3.8,2.18,3.13,4.05,2.15,3.0,3.4,2.15,3.1,3.75,45,2.36,2.13,3.15,3.04,4.05,3.62,39,2.33,2.24,1.65,1.61,24,-0.25,1.87,1.82,2.08,1.99,2.17,3.27,3.87,1528.12,1564.6
F2,29/11/16,Clermont,Tours,0,0,D,0,0,D,2.0,3.1,4.2,1.9,3.2,4.2,2.0,3.2,3.5,2.05,3.1,4.0,2.09,3.18,4.3,1.95,3.2,3.8,2.05,3.13,4.0,44,2.09,2.01,3.2,3.11,4.3,3.89,38,2.28,2.17,1.69,1.64,23,-0.5,2.09,2.02,1.84,1.8,2.04,3.18,4.55,1521.91,1427.56
F2,29/11/16,Laval,Lens,0,1,A,0,1,A,3.2,2.88,2.5,3.0,2.85,2.5,2.8,3.2,2.5,3.1,2.9,2.5,3.38,2.92,2.59,3.1,2.88,2.38,3.3,2.88,2.5,44,3.38,3.14,2.95,2.85,2.59,2.45,38,2.8,2.62,1.48,1.45,24,0.25,1.81,1.76,2.15,2.07,3.55,2.84,2.55,1464.05,1575.81
F2,29/11/16,Le Havre,Strasbourg,0,1,A,0,0,D,1.91,3.1,4.5,2.0,3.0,4.0,2.2,3.0,3.2,2.0,3.0,4.33,2.05,2.99,4.9,1.95,3.2,3.8,1.95,3.13,4.4,45,2.05,1.97,3.2,3.02,4.9,4.24,39,2.51,2.32,1.6,1.56,23,-0.5,2.06,1.97,1.91,1.83,2.15,3.01,4.36,1592.79,1497.35
F2,29/11/16,Red Star,Orleans,1,0,H,1,0,H,2.4,2.9,3.25,2.3,2.95,3.3,2.6,2.9,2.7,2.4,2.8,3.3,2.53,2.95,3.44,2.3,3.0,3.1,2.4,3.0,3.3,44,2.53,2.38,3.01,2.9,3.44,3.2,39,2.52,2.41,1.56,1.53,24,-0.25,2.11,2.03,1.85,1.79,2.63,2.84,3.42,1504.91,1424.45
F2,29/11/16,Sochaux,Bourg Peronnas,1,1,D,0,1,A,1.85,3.2,4.75,1.8,3.1,5.0,1.85,3.2,4.2,1.85,3.1,4.75,1.95,3.11,5.23,1.83,3.1,4.5,1.87,3.2,4.8,40,1.95,1.86,3.27,3.13,5.23,4.6,35,2.42,2.29,1.62,1.58,20,-0.5,1.95,1.87,2.0,1.93,1.94,3.18,5.1,1536.92,1477.78
F2,29/11/16,Valenciennes,Ajaccio GFCO,0,0,D,0,0,D,2.6,2.9,3.0,2.6,2.75,3.0,2.5,3.0,2.8,2.7,2.8,2.9,2.89,2.76,3.16,2.5,3.0,2.8,2.7,2.9,2.9,45,2.89,2.63,3.0,2.82,3.16,2.92,39,2.57,2.45,1.54,1.51,24,0.0,1.88,1.81,2.06,1.99,2.66,2.87,3.33,1489.6,1532.07
F2,09/12/16,Ajaccio GFCO,Ajaccio,4,1,H,2,0,H,2.05,2.9,4.2,2.1,3.0,3.75,2.2,3.0,3.2,2.1,2.8,4.2,2.18,2.97,4.36,2.15,2.9,3.6,2.15,2.88,4.2,49,2.2,2.11,3.01,2.92,4.36,3.9,38,2.82,2.63,1.52,1.45,24,-0.25,1.84,1.78,2.12,2.06,2.27,2.87,4.23,1534.12,1473.16
F2,09/12/16,Amiens,Sochaux,0,1,A,0,1,A,2.3,2.9,3.5,2.3,3.0,3.2,2.3,3.0,3.0,2.3,2.8,3.5,2.42,2.96,3.64,2.38,2.8,3.2,2.3,2.9,3.6,48,2.44,2.3,3.0,2.88,3.72,3.42,38,2.8,2.59,1.52,1.46,23,-0.25,2.03,1.96,1.92,1.87,2.28,3.09,3.8,1533.12,1531.56
F2,09/12/16,Bourg Peronnas,Clermont,1,1,D,0,1,A,2.3,3.1,3.2,2.35,3.0,3.1,2.3,3.0,3.0,2.4,3.0,3.1,2.5,3.1,3.3,2.3,3.1,3.0,2.38,3.1,3.2,45,2.5,2.37,3.21,3.05,3.32,3.09,42,2.14,2.03,1.84,1.75,22,-0.25,2.11,2.04,1.85,1.79,2.7,3.13,2.97,1483.14,1515.57
F2,09/12/16,Nimes,Brest,1,2,A,1,2,A,2.5,3.0,3.0,2.4,3.0,3.0,2.3,3.0,3.0,2.5,3.1,2.9,2.59,3.14,3.11,2.45,3.2,2.7,2.55,3.1,3.0,49,2.64,2.48,3.23,3.05,3.15,2.93,46,2.14,2.01,1.85,1.77,23,-0.25,2.23,2.14,1.86,1.72,2.82,3.16,2.82,1518.1,1538.36
F2,09/12/16,Niort,Le Havre,1,1,D,1,1,D,2.55,3.0,2.9,2.65,2.95,2.75,2.6,3.0,2.6,2.6,2.9,2.9,2.73,2.99,3.09,2.5,3.0,2.8,2.63,3.0,2.9,50,2.79,2.63,3.02,2.92,3.09,2.86,41,2.48,2.34,1.63,1.56,24,0.0,2.02,1.84,2.06,1.99,2.77,3.06,2.97,1524.73,1573.92
F2,09/12/16,Red Star,Valenciennes,2,2,D,2,0,H,2.38,3.0,3.25,2.3,2.95,3.25,2.2,3.0,3.2,2.4,2.9,3.3,2.49,2.96,3.5,2.3,3.0,3.1,2.4,3.0,3.25,47,2.52,2.36,3.02,2.93,3.5,3.22,39,2.44,2.3,1.65,1.57,24,-0.25,2.09,2.02,1.91,1.81,2.53,2.96,3.44,1511.44,1487.55
F2,09/12/16,Tours,Laval,1,1,D,0,0,D,2.45,2.8,3.3,2.45,2.7,3.3,2.3,3.0,3.0,2.5,2.7,3.25,2.64,2.8,3.41,2.38,2.8,3.2,2.63,2.8,3.13,47,2.66,2.49,3.0,2.78,3.41,3.2,39,2.91,2.71,1.48,1.43,23,-0.25,2.21,2.12,1.84,1.73,2.62,2.83,3.44,1433.9,1451.97
F2,09/12/16,Troyes,Auxerre,1,1,D,0,1,A,1.62,3.4,6.5,1.75,3.2,5.0,1.8,3.4,4.0,1.67,3.5,6.0,1.67,3.69,6.41,1.73,3.3,4.8,1.67,3.4,6.25,50,1.88,1.69,3.69,3.38,6.5,5.51,42,2.32,2.22,1.71,1.62,24,-0.5,1.89,1.68,2.33,2.21,1.96,3.39,4.55,1554.36,1466.57
F2,10/12/16,Strasbourg,Lens,3,1,H,2,0,H,2.45,2.9,3.2,2.5,2.9,3.0,2.6,2.9,2.7,2.5,2.8,3.2,2.61,2.89,3.38,2.5,2.9,2.9,2.55,2.9,3.13,48,2.62,2.49,2.98,2.86,3.38,3.08,39,2.61,2.44,1.56,1.51,22,-0.25,2.2,2.11,1.78,1.72,2.69,2.86,3.3,1516.22,1587.89
F2,12/12/16,Orleans,Reims,2,2,D,0,0,D,2.7,3.0,2.75,2.65,2.95,2.75,2.6,3.0,2.6,2.75,2.88,2.8,2.85,2.92,3.01,2.75,2.9,2.62,2.75,3.0,2.8,48,2.85,2.72,3.0,2.88,3.01,2.76,39,2.53,2.36,1.6,1.55,23,0.0,1.97,1.9,1.99,1.92,2.54,3.03,3.37,1417.92,1593.07
F2,16/12/16,Ajaccio,Nimes,1,2,A,0,1,A,2.05,3.2,3.8,2.1,3.1,3.6,2.3,2.9,3.1,2.05,3.1,3.8,2.1,3.29,4.07,2.1,3.1,3.4,2.05,3.2,3.9,45,2.3,2.07,3.32,3.13,4.07,3.68,40,2.25,2.12,1.76,1.68,24,-0.5,2.17,2.06,1.84,1.77,2.27,3.16,3.73,1466.07,1502.78
F2,16/12/16,Auxerre,Valenciennes,1,1,D,0,0,D,2.63,3.0,2.88,2.6,2.95,2.8,2.2,3.1,3.1,2.62,2.9,2.88,2.77,3.0,3.02,2.6,3.0,2.7,2.7,3.0,2.88,48,2.82,2.63,3.1,2.95,3.1,2.83,38,2.34,2.21,1.7,1.63,27,0.0,1.92,1.85,2.05,1.96,2.95,2.96,2.86,1472.74,1491.83
F2,16/12/16,Brest,Bourg Peronnas,0,0,D,0,0,D,1.7,3.3,5.75,1.72,3.3,5.0,1.75,3.4,4.3,1.7,3.4,5.5,1.74,3.58,5.92,1.73,3.4,4.6,1.67,3.5,5.75,40,1.76,1.71,3.62,3.41,5.92,5.12,34,2.1,2.0,1.85,1.77,21,-0.5,1.76,1.7,2.27,2.14,1.76,3.56,5.69,1553.68,1480.74
F2,16/12/16,Clermont,Orleans,3,0,H,0,0,D,2.2,3.0,3.6,2.3,3.0,3.2,2.2,3.0,3.2,2.3,2.9,3.4,2.4,3.02,3.6,2.3,3.0,3.1,2.4,3.0,3.3,48,2.42,2.29,3.11,2.98,3.65,3.32,36,2.34,2.21,1.69,1.62,26,-0.25,2.05,1.97,1.91,1.85,2.55,2.99,3.29,1517.97,1420.58
F2,16/12/16,Laval,Amiens,2,2,D,0,1,A,2.7,2.9,2.88,2.6,2.85,2.9,2.6,2.9,2.7,2.7,2.8,3.0,2.85,2.8,3.17,2.6,2.8,2.88,2.75,2.8,3.0,46,2.86,2.69,2.9,2.78,3.17,2.93,36,2.91,2.71,1.49,1.43,25,0.0,1.87,1.83,2.09,1.99,3.01,2.76,3.03,1454.86,1517.07
F2,16/12/16,Le Havre,Tours,0,2,A,0,2,A,1.8,3.4,4.75,1.72,3.3,5.0,1.7,3.5,4.4,1.85,3.25,4.5,1.92,3.34,4.9,1.85,3.3,4.0,1.83,3.4,4.6,47,1.92,1.83,3.5,3.28,5.25,4.49,40,2.18,2.06,1.81,1.73,26,-0.5,1.92,1.84,2.05,1.98,1.99,3.29,4.58,1575.74,1431.01
F2,16/12/16,Sochaux,Red Star,2,0,H,1,0,H,1.73,3.3,5.5,1.72,3.3,5.0,1.85,3.2,4.0,1.75,3.2,5.5,1.81,3.34,5.8,1.75,3.2,4.8,1.73,3.3,5.75,43,1.85,1.76,3.34,3.21,5.95,5.12,33,2.6,2.45,1.59,1.51,23,-0.5,1.81,1.75,2.17,2.07,1.89,3.27,5.23,1547.61,1507.16
F2,16/12/16,Strasbourg,Niort,3,0,H,0,0,D,1.67,3.25,6.25,1.72,3.0,6.0,1.85,3.4,3.8,1.73,3.25,5.75,1.76,3.42,6.1,1.73,3.2,5.0,1.7,3.25,6.25,48,1.85,1.71,3.42,3.21,6.74,5.68,37,2.56,2.41,1.6,1.53,24,-0.5,1.76,1.7,2.24,2.16,1.78,3.61,5.31,1527.7,1522.91
F2,17/12/16,Lens,Ajaccio GFCO,2,1,H,1,1,D,2.1,3.0,4.0,2.1,3.0,3.7,2.1,3.0,3.4,2.05,2.9,4.2,2.1,3.03,4.55,2.0,3.1,3.75,2.1,3.0,4.1,46,2.15,2.07,3.1,2.98,4.55,3.93,37,2.59,2.45,1.55,1.51,24,-0.25,1.81,1.76,2.17,2.08,2.05,3.07,4.73,1576.41,1541.21
F2,19/12/16,Reims,Troyes,2,0,H,2,0,H,2.1,3.1,3.75,2.15,3.1,3.4,2.2,3.1,3.1,2.1,3.3,3.5,2.14,3.16,4.13,2.05,3.2,3.5,2.1,3.2,3.75,41,2.2,2.08,3.3,3.16,3.75,3.54,30,2.18,2.1,1.74,1.68,18,-0.25,1.84,1.79,2.08,2.03,2.06,3.25,4.3,1590.41,1548.19
F2,13/01/17,Ajaccio GFCO,Auxerre,2,0,H,1,0,H,1.91,3.1,4.6,1.8,3.2,4.75,1.85,3.2,4.2,1.95,3.0,4.5,2.02,3.08,4.85,1.95,3.1,4.0,1.95,3.2,4.4,48,2.04,1.93,3.2,3.07,5.0,4.35,40,2.58,2.42,1.59,1.53,25,-0.5,2.02,1.05,1.93,1.87,2.03,3.18,4.6,1533.34,1469.88
F2,13/01/17,Bourg Peronnas,Reims,1,0,H,0,0,D,3.1,3.0,2.45,2.75,3.1,2.55,2.7,2.9,2.6,3.0,2.9,2.5,3.22,3.06,2.58,2.88,3.0,2.45,3.0,3.1,2.5,44,3.22,3.0,3.12,2.98,2.6,2.48,40,2.28,2.16,1.73,1.66,22,0.0,2.21,2.12,1.78,1.72,3.35,3.03,2.52,1486.49,1598.06
F2,13/01/17,Nimes,Le Havre,0,0,D,0,0,D,2.63,3.0,2.88,2.6,3.0,2.75,2.5,3.0,2.75,2.62,3.0,2.8,2.82,3.07,2.91,2.45,3.2,2.7,2.7,3.0,2.88,49,2.82,2.64,3.2,2.99,2.92,2.77,45,2.16,2.02,1.83,1.75,27,0.0,1.94,1.87,2.0,1.95,3.03,3.07,2.71,1517.53,1555.65
F2,13/01/17,Niort,Laval,2,2,D,1,2,A,2.15,2.9,3.9,2.2,2.95,3.5,2.2,3.0,3.3,2.25,2.8,3.8,2.36,2.88,3.93,2.15,2.9,3.6,2.25,2.9,3.7,48,2.36,2.24,3.0,2.85,3.97,3.64,41,2.86,2.64,1.5,1.45,26,-0.25,1.97,1.91,1.99,1.92,2.57,2.84,3.52,1514.07,1453.51
F2,13/01/17,Orleans,Brest,0,1,A,0,0,D,2.63,3.0,2.88,2.8,3.0,2.6,2.5,2.9,2.9,2.62,3.0,2.8,2.79,3.08,2.92,2.7,2.9,2.7,2.63,3.0,2.9,49,2.9,2.65,3.08,2.95,3.02,2.8,41,2.54,2.35,1.62,1.56,27,0.0,1.91,1.86,2.06,1.96,2.6,3.0,3.26,1414.5,1547.93
F2,13/01/17,Red Star,Clermont,1,3,A,1,2,A,2.75,2.9,2.8,2.6,2.85,2.9,2.3,2.9,3.2,2.75,2.9,2.8,2.92,2.96,2.9,2.7,2.9,2.7,2.8,2.9,2.8,48,2.92,2.73,2.96,2.87,3.2,2.79,41,2.56,2.35,1.6,1.56,25,0.0,1.96,1.91,2.0,1.91,2.92,2.92,2.94,1499.45,1524.05
F2,13/01/17,Tours,Lens,2,3,A,0,2,A,3.5,2.88,2.3,3.25,2.85,2.4,3.0,2.9,2.4,3.4,2.9,2.38,3.61,2.92,2.46,3.2,2.8,2.38,3.6,2.88,2.3,50,3.68,3.39,2.94,2.83,2.5,2.36,42,3.0,2.68,1.5,1.44,24,0.0,2.45,2.35,1.65,1.6,3.49,2.94,2.51,1451.1,1584.28
F2,13/01/17,Troyes,Ajaccio,1,2,A,1,1,D,2.05,3.0,4.0,2.0,3.0,4.1,1.85,3.2,4.2,2.0,3.0,4.2,2.07,3.14,4.46,1.85,3.2,4.2,2.0,3.1,4.2,46,2.1,2.0,3.2,3.05,4.56,4.11,40,2.36,2.2,1.7,1.63,23,-0.5,2.07,2.01,1.89,1.81,1.97,3.2,4.8,1540.54,1451.32
F2,14/01/17,Amiens,Strasbourg,4,3,H,3,3,D,2.25,2.9,3.6,2.2,2.8,3.7,2.2,2.9,3.4,2.25,2.8,3.8,2.33,2.91,3.96,2.15,2.9,3.6,2.25,2.9,3.75,47,2.36,2.24,3.0,2.86,3.96,3.6,40,2.76,2.6,1.51,1.46,22,-0.25,1.95,1.89,1.98,1.92,2.72,2.87,3.22,1518.42,1536.54
F2,16/01/17,Valenciennes,Sochaux,2,1,H,0,0,D,2.5,3.0,3.0,2.5,2.95,2.95,2.5,2.9,2.9,2.62,2.8,3.0,2.76,2.88,3.17,2.5,2.9,2.9,2.63,2.9,3.0,48,2.76,2.57,3.0,2.86,3.17,2.95,39,2.67,2.5,1.52,1.49,24,0.0,1.85,1.79,2.1,2.03,2.98,2.94,2.86,1494.69,1555.32
F2,20/01/17,Ajaccio,Orleans,1,0,H,0,0,D,2.3,2.88,3.5,2.05,3.1,3.7,2.2,3.0,3.2,2.3,2.9,3.5,2.33,3.02,3.76,2.05,3.0,3.75,2.3,3.0,3.5,47,2.38,2.2,3.1,2.95,4.0,3.59,41,2.58,2.41,1.59,1.53,23,-0.25,1.99,1.92,1.98,1.91,2.28,3.08,3.82,1470.03,1403.2
F2,20/01/17,Auxerre,Bourg Peronnas,0,2,A,0,2,A,2.2,3.1,3.5,2.15,3.1,3.4,2.2,3.0,3.2,2.15,3.0,3.8,2.2,3.11,4.02,2.15,3.1,3.3,2.15,3.1,3.75,46,2.28,2.17,3.15,3.03,4.02,3.55,39,2.38,2.25,1.69,1.6,24,-0.25,1.93,1.84,2.06,1.98,2.16,3.12,4.16,1462.86,1499.41
F2,20/01/17,Laval,Troyes,1,0,H,0,0,D,2.5,3.0,3.0,2.4,3.0,3.0,2.5,3.0,2.7,2.6,2.9,3.0,2.67,2.99,3.16,2.5,3.0,2.8,2.63,3.0,2.9,50,2.7,2.54,3.0,2.92,3.17,2.97,43,2.5,2.36,1.62,1.55,26,0.0,1.85,1.79,2.13,2.06,2.6,2.99,3.27,1458.91,1521.83
F2,20/01/17,Le Havre,Ajaccio GFCO,1,2,A,0,1,A,2.38,2.88,3.4,2.2,2.95,3.5,2.2,3.0,3.2,2.4,2.8,3.4,2.48,2.95,3.54,2.38,3.0,3.0,2.4,3.0,3.3,49,2.48,2.35,3.05,2.9,3.6,3.3,41,2.56,2.39,1.61,1.54,25,-0.25,2.09,2.02,1.88,1.82,2.38,3.02,3.65,1557.85,1540.36
F2,20/01/17,Niort,Amiens,2,1,H,2,0,H,2.65,2.9,2.9,2.55,2.9,2.95,2.6,2.9,2.7,2.62,2.9,2.9,2.77,2.92,3.1,2.5,3.0,2.8,2.75,2.9,2.9,50,2.78,2.62,3.03,2.89,3.1,2.88,42,2.5,2.36,1.63,1.55,26,0.0,1.89,1.83,2.08,2.0,2.84,2.99,2.96,1508.67,1528.03
F2,20/01/17,Reims,Valenciennes,0,0,D,0,0,D,1.8,3.3,4.75,1.7,3.4,5.0,1.8,3.2,4.3,1.8,3.3,4.75,1.83,3.5,5.18,1.7,3.4,4.8,1.8,3.4,4.8,51,1.86,1.76,3.6,3.38,5.55,4.78,47,2.23,2.09,1.79,1.7,26,-0.5,1.86,1.79,2.23,2.04,1.87,3.5,4.88,1585.14,1505.78
F2,20/01/17,Sochaux,Clermont,3,3,D,2,0,H,2.1,3.0,4.0,2.1,3.0,3.7,2.2,3.0,3.2,2.1,2.9,4.0,2.18,2.93,4.46,2.05,3.1,3.6,2.1,3.0,4.1,50,2.2,2.09,3.1,2.96,4.46,3.89,42,2.66,2.44,1.56,1.52,26,-0.25,1.82,1.77,2.15,2.07,2.25,2.96,4.1,1544.23,1539.22
F2,21/01/17,Lens,Nimes,1,3,A,0,2,A,1.6,3.75,5.75,1.67,3.6,5.0,1.7,3.4,4.5,1.62,3.6,6.0,1.65,3.73,6.7,1.65,3.5,5.0,1.62,3.7,6.0,51,1.7,1.63,3.87,3.54,6.7,5.61,46,2.17,2.05,1.81,1.73,23,-0.75,1.88,1.82,2.06,2.0,1.64,3.88,6.37,1595.59,1515.33
F2,23/01/17,Brest,Red Star,0,1,A,0,0,D,1.62,3.75,5.5,1.6,3.6,5.75,1.65,3.4,4.8,1.65,3.5,5.75,1.68,3.71,6.32,1.65,3.5,5.0,1.65,3.6,6.0,46,1.68,1.63,4.0,3.58,6.5,5.54,41,2.16,2.04,1.8,1.73,22,-0.75,1.9,1.84,2.03,1.97,1.61,3.77,7.15,1559.23,1484.28
F2,27/01/17,Ajaccio GFCO,Laval,1,1,D,0,0,D,1.83,3.1,5.0,1.87,2.95,4.75,1.9,3.15,3.9,1.83,3.0,5.25,1.85,3.14,5.97,1.83,3.0,4.75,1.83,3.1,5.4,49,1.93,1.84,3.18,3.04,5.97,4.99,42,2.78,2.57,1.52,1.47,25,-0.5,1.89,1.83,2.07,2.0,1.93,3.08,5.49,1556.93,1470.08
F2,27/01/17,Bourg Peronnas,Ajaccio,3,2,H,1,0,H,2.7,2.88,2.9,2.7,2.9,2.75,2.4,3.0,2.9,2.62,2.9,2.9,2.81,2.9,3.07,2.62,2.9,2.75,2.8,2.9,2.8,43,2.85,2.66,3.01,2.87,3.07,2.87,37,2.54,2.39,1.61,1.54,22,0.0,1.89,1.82,2.08,2.0,2.65,2.95,3.24,1514.17,1476.95
F2,27/01/17,Clermont,Auxerre,0,1,A,0,0,D,2.0,3.2,4.0,2.0,3.0,4.0,2.0,3.1,3.5,1.95,3.1,4.2,2.01,3.29,4.5,2.0,3.1,3.75,1.95,3.2,4.33,49,2.03,1.96,3.29,3.16,4.5,4.03,42,2.28,2.15,1.74,1.66,25,-0.5,2.02,1.95,1.94,1.88,1.99,3.31,4.51,1542.89,1448.1
F2,27/01/17,Nimes,Strasbourg,2,2,D,1,0,H,2.75,2.9,2.8,2.55,2.95,2.9,2.6,3.0,2.6,2.7,2.9,2.8,2.95,2.88,2.95,2.6,3.0,2.7,2.75,3.0,2.8,49,2.95,2.71,3.01,2.91,2.95,2.77,41,2.37,2.25,1.68,1.61,26,0.0,1.97,1.91,2.0,1.92,2.84,2.85,3.11,1533.79,1526.93
F2,27/01/17,Orleans,Sochaux,1,0,H,1,0,H,2.75,2.8,2.9,2.8,2.75,2.8,2.6,3.0,2.6,2.8,2.8,2.8,2.98,2.88,2.92,2.7,2.8,2.75,2.88,2.8,2.88,49,2.99,2.77,3.0,2.81,2.96,2.8,41,2.86,2.66,1.5,1.45,26,0.0,1.98,1.91,1.98,1.91,3.04,2.89,2.86,1396.28,1540.56
F2,27/01/17,Tours,Niort,0,0,D,0,0,D,2.25,3.0,3.5,2.25,2.95,3.4,2.4,3.0,2.9,2.3,2.9,3.4,2.39,3.02,3.64,2.25,3.0,3.2,2.3,3.0,3.5,48,2.4,2.28,3.13,2.98,3.64,3.36,40,2.4,2.26,1.67,1.6,25,-0.25,2.01,1.95,1.94,1.88,2.43,3.02,3.55,1439.79,1518.32
F2,27/01/17,Troyes,Le Havre,2,1,H,2,0,H,2.2,3.0,3.6,2.2,3.0,3.4,2.2,3.0,3.2,2.2,3.0,3.6,2.26,3.11,3.83,2.15,3.1,3.3,2.25,3.1,3.5,47,2.29,2.2,3.21,3.05,3.83,3.44,42,2.3,2.13,1.75,1.68,25,-0.25,1.93,1.88,2.01,1.94,2.35,3.05,3.68,1510.66,1541.28
F2,27/01/17,Valenciennes,Brest,0,1,A,0,0,D,2.75,2.9,2.8,2.65,2.95,2.75,2.6,3.0,2.6,2.75,2.9,2.8,2.88,2.92,2.98,2.6,3.0,2.7,2.75,3.0,2.8,49,2.88,2.68,3.1,2.93,2.98,2.78,42,2.37,2.26,1.71,1.61,26,0.0,1.94,1.87,2.02,1.95,2.94,3.02,2.83,1511.71,1540.92
F2,28/01/17,Amiens,Lens,2,1,H,0,1,A,2.6,3.0,2.9,2.55,2.9,2.9,2.6,3.0,2.6,2.62,2.88,2.9,2.78,2.9,3.12,2.5,3.0,2.8,2.75,2.9,2.9,48,2.8,2.61,3.0,2.88,3.12,2.87,40,2.63,2.47,1.53,1.5,22,0.0,1.89,1.82,2.04,1.99,2.77,2.94,3.08,1518.38,1577.13
F2,30/01/17,Red Star,Reims,0,1,A,0,1,A,3.5,3.0,2.25,3.5,3.0,2.15,3.2,3.0,2.2,3.4,3.0,2.3,3.88,2.94,2.34,3.3,3.0,2.2,3.6,2.9,2.3,48,3.88,3.47,3.02,2.93,2.34,2.23,38,2.71,2.53,1.52,1.48,22,0.25,1.95,1.89,2.0,1.92,3.87,3.01,2.3,1502.59,1579.21
F2,03/02/17,Ajaccio,Clermont,2,1,H,1,0,H,2.3,3.0,3.4,2.2,3.0,3.4,2.3,3.0,3.0,2.25,3.0,3.5,2.38,2.97,3.73,2.15,3.1,3.3,2.3,3.1,3.4,47,2.38,2.27,3.11,2.99,3.73,3.36,43,2.36,2.17,1.71,1.65,24,-0.5,2.36,2.27,1.69,1.64,2.34,3.01,3.78,1469.15,1524.03
F2,03/02/17,Amiens,Nimes,1,2,A,1,1,D,2.0,3.2,4.0,2.0,3.2,3.75,2.1,3.1,3.3,2.05,3.1,3.8,2.1,3.24,4.16,2.05,3.25,3.4,2.05,3.2,3.9,47,2.12,2.04,3.3,3.14,4.16,3.76,44,2.14,2.03,1.83,1.74,24,-0.5,2.12,2.04,1.84,1.79,2.03,3.32,4.3,1529.4,1530.06
F2,03/02/17,Laval,Valenciennes,0,0,D,0,0,D,2.4,2.9,3.25,2.45,2.95,3.0,2.5,3.0,2.8,2.4,2.88,3.3,2.48,2.98,3.51,2.45,2.9,3.0,2.4,2.9,3.4,48,2.5,2.4,3.0,2.91,3.57,3.2,41,2.64,2.44,1.57,1.52,25,-0.25,2.1,2.03,1.86,1.8,2.4,2.92,3.75,1476.22,1496.7
F2,03/02/17,Le Havre,Red Star,1,1,D,1,0,H,1.8,3.2,5.0,1.8,3.25,4.6,1.85,3.4,3.8,1.8,3.2,5.0,1.85,3.28,5.62,1.8,3.1,5.0,1.83,3.25,5.0,48,1.87,1.81,3.4,3.2,5.62,4.85,41,2.38,2.24,1.68,1.61,25,-0.5,1.87,1.81,2.1,2.03,1.85,3.28,5.62,1531.24,1489.25
F2,03/02/17,Lens,Troyes,0,0,D,0,0,D,1.91,3.25,4.2,1.91,3.2,4.1,2.0,3.2,3.4,1.95,3.2,4.33,2.02,3.24,4.55,1.95,3.2,3.8,1.93,3.3,4.3,49,2.02,1.94,3.35,3.19,4.55,4.11,46,2.1,2.02,1.84,1.75,25,-0.5,2.01,1.93,1.96,1.9,2.09,3.34,4.06,1566.11,1520.7
F2,03/02/17,Niort,Bourg Peronnas,3,2,H,0,1,A,2.0,3.0,4.33,2.05,3.1,3.7,2.1,3.1,3.3,2.05,3.1,4.0,2.09,3.16,4.34,2.0,3.2,3.6,2.05,3.2,3.9,44,2.15,2.04,3.25,3.08,4.34,3.88,41,2.25,2.1,1.76,1.69,21,-0.5,2.14,2.02,1.86,1.8,2.04,3.23,4.44,1519.09,1521.97
F2,03/02/17,Reims,Tours,1,1,D,0,0,D,1.65,3.5,5.75,1.65,3.4,5.5,1.75,3.4,4.3,1.67,3.4,5.75,1.72,3.53,6.21,1.67,3.25,5.5,1.67,3.5,6.0,48,1.75,1.67,3.53,3.39,6.54,5.52,41,2.5,2.32,1.65,1.57,23,-0.75,1.95,1.89,1.98,1.93,1.69,3.7,6.06,1592.55,1439.02
F2,03/02/17,Strasbourg,Ajaccio GFCO,2,0,H,0,0,D,2.0,3.1,4.2,2.15,2.95,3.6,2.0,3.2,3.4,2.1,2.9,4.2,2.13,2.99,4.52,2.15,2.9,3.6,2.05,3.0,4.2,48,2.2,2.09,3.2,2.94,4.52,3.93,41,2.71,2.56,1.53,1.47,25,-0.25,1.81,1.77,2.16,2.08,2.2,3.01,4.21,1530.66,1550.79
F2,04/02/17,Auxerre,Orleans,0,2,A,0,0,D,2.45,2.88,3.2,2.3,2.95,3.25,2.4,3.0,2.9,2.4,2.8,3.4,2.47,2.92,3.6,2.3,3.0,3.1,2.45,2.9,3.25,48,2.55,2.39,3.0,2.89,3.6,3.23,41,2.55,2.4,1.56,1.53,25,-0.25,2.09,2.03,1.86,1.8,2.44,3.05,3.48,1466.96,1410.36
F2,04/02/17,Brest,Sochaux,2,0,H,1,0,H,2.2,3.0,3.6,2.2,2.95,3.5,2.2,3.0,3.2,2.2,2.9,3.6,2.26,3.06,3.89,2.2,3.0,3.3,2.25,2.9,3.75,48,2.28,2.2,3.1,2.96,3.89,3.52,41,2.7,2.55,1.51,1.47,23,-0.25,1.92,1.87,2.03,1.95,2.3,3.02,3.84,1555.93,1526.48
F2,06/02/17,Red Star,Ajaccio,2,0,H,1,0,H,2.6,3.0,2.9,2.4,3.0,3.0,2.4,3.0,2.9,2.62,2.8,3.0,2.72,2.89,3.23,2.5,2.8,3.0,2.7,2.9,3.0,43,2.74,2.57,3.0,2.85,3.23,2.97,42,2.76,2.57,1.53,1.47,21,0.0,1.83,1.79,2.14,2.05,2.72,2.89,3.23,1494.09,1480.04
F2,06/02/17,Valenciennes,Le Havre,0,0,D,0,0,D,2.7,2.88,2.88,2.5,3.0,2.9,2.5,3.0,2.8,2.7,2.9,2.9,2.82,2.9,3.06,2.5,3.0,2.8,2.7,3.0,2.88,48,2.82,2.61,3.02,2.92,3.06,2.86,43,2.48,2.35,1.6,1.56,26,0.0,1.91,1.85,2.04,1.98,2.86,2.92,3.0,1499.51,1526.4
F2,07/02/17,Ajaccio GFCO,Reims,1,1,D,0,1,A,2.5,2.9,3.1,2.5,2.9,2.95,2.5,3.0,2.8,2.62,2.8,3.1,2.76,2.81,3.27,2.5,2.8,3.0,2.63,2.88,3.1,45,2.76,2.58,3.0,2.82,3.27,3.02,38,2.8,2.59,1.52,1.46,24,0.0,1.82,1.77,2.14,2.07,2.49,2.99,3.45,1541.11,1584.76
F2,07/02/17,Bourg Peronnas,Lens,0,0,D,0,0,D,3.0,3.0,2.5,3.0,3.0,2.4,3.0,3.0,2.3,3.0,3.0,2.5,3.35,3.01,2.55,3.1,2.8,2.45,3.1,3.1,2.45,43,3.35,3.1,3.1,2.97,2.55,2.42,41,2.26,2.14,1.74,1.68,21,0.25,1.82,1.76,2.13,2.06,3.15,3.09,2.61,1512.88,1561.16
F2,07/02/17,Clermont,Brest,1,1,D,0,0,D,2.75,2.8,2.88,2.7,2.8,2.85,2.6,3.0,2.6,2.7,2.9,2.8,2.84,2.98,2.97,2.6,2.9,2.7,2.75,3.0,2.8,49,2.88,2.68,3.02,2.91,2.97,2.78,42,2.4,2.28,1.68,1.59,26,0.0,1.95,1.88,2.0,1.94,2.56,3.09,3.21,1513.14,1563.98
F2,07/02/17,Nimes,Niort,3,0,H,1,0,H,2.05,3.2,3.8,2.0,3.2,3.7,2.1,3.1,3.3,2.05,3.2,3.8,2.09,3.28,4.15,2.0,3.2,3.5,2.05,3.25,3.9,45,2.12,2.03,3.32,3.17,4.15,3.74,44,2.04,1.96,1.89,1.81,24,-0.5,2.09,2.02,1.86,1.8,2.16,3.28,3.87,1546.04,1528.18
F2,07/02/17,Orleans,Laval,2,1,H,0,0,D,2.2,2.9,3.8,2.15,2.9,3.7,2.2,3.0,3.2,2.2,2.8,3.8,2.3,2.8,4.27,2.15,2.8,3.6,2.25,2.9,3.8,49,2.31,2.21,3.0,2.83,4.27,3.73,42,2.85,2.64,1.5,1.45,24,-0.25,1.91,1.86,2.02,1.96,2.47,2.83,3.74,1428.14,1473.41
F2,07/02/17,Sochaux,Auxerre,0,1,A,0,1,A,1.85,3.2,4.75,1.85,3.2,4.5,1.9,3.2,3.8,1.85,3.0,5.0,1.89,3.18,5.49,1.83,3.1,4.5,1.83,3.2,5.0,48,1.91,1.85,3.27,3.11,5.49,4.72,41,2.66,2.48,1.55,1.5,26,-0.5,1.9,1.85,2.03,1.98,1.95,3.16,5.07,1518.43,1449.18
F2,07/02/17,Tours,Amiens,0,3,A,0,1,A,2.5,3.0,3.0,2.6,2.9,2.85,2.6,3.0,2.6,2.6,2.9,3.0,2.69,2.95,3.19,2.5,3.0,2.8,2.6,3.0,3.0,47,2.7,2.57,3.02,2.92,3.19,2.91,40,2.52,2.37,1.62,1.55,25,0.0,1.84,1.79,2.13,2.05,2.43,3.04,3.51,1446.81,1513.42
F2,07/02/17,Troyes,Strasbourg,4,0,H,0,0,D,2.55,2.88,3.1,2.4,3.0,3.0,2.4,3.0,2.9,2.62,2.88,3.0,2.72,2.97,3.12,2.5,3.0,2.8,2.63,2.9,3.0,49,2.72,2.53,3.03,2.93,3.15,2.96,42,2.56,2.39,1.58,1.54,26,0.0,1.84,1.78,2.17,2.06,2.8,3.01,2.99,1525.65,1540.34
F2,10/02/17,Ajaccio,Valenciennes,3,2,H,2,0,H,2.15,2.88,4.0,2.05,3.0,3.9,2.0,3.1,3.5,2.1,2.9,4.0,2.17,2.95,4.4,2.1,3.0,3.6,2.1,3.0,4.1,40,2.18,2.11,3.1,2.96,4.4,3.86,36,2.54,2.38,1.6,1.56,22,-0.5,2.17,2.11,1.8,1.74,2.16,2.98,4.42,1471.5,1496.92
F2,10/02/17,Amiens,Ajaccio GFCO,4,0,H,0,0,D,2.15,3.0,3.75,2.15,2.9,3.7,2.3,3.0,3.0,2.15,2.9,4.0,2.21,2.99,4.2,2.15,2.9,3.6,2.15,3.0,3.9,40,2.3,2.15,3.05,2.94,4.2,3.73,34,2.61,2.47,1.58,1.51,22,-0.25,1.87,1.82,2.06,2.01,2.21,3.06,4.07,1527.12,1539.1
F2,10/02/17,Auxerre,Brest,3,1,H,0,0,D,3.0,2.88,2.6,3.0,2.95,2.45,2.9,3.0,2.4,2.9,2.88,2.62,3.12,2.94,2.75,3.0,2.8,2.5,3.0,2.9,2.63,41,3.13,2.94,3.0,2.88,2.78,2.6,35,2.72,2.47,1.55,1.51,23,0.0,2.08,2.02,1.87,1.82,2.78,2.95,3.06,1467.33,1565.74
F2,10/02/17,Laval,Red Star,1,1,D,1,0,H,2.1,2.88,4.2,2.1,2.9,3.8,2.2,3.0,3.2,2.05,2.9,4.33,2.11,2.98,4.62,2.0,2.9,4.0,2.1,2.9,4.33,41,2.2,2.08,3.0,2.9,4.62,4.06,35,2.94,2.7,1.49,1.44,23,-0.25,1.79,1.74,2.19,2.11,2.07,2.95,4.95,1462.86,1502.63
F2,10/02/17,Le Havre,Bourg Peronnas,3,0,H,3,0,H,1.7,3.4,5.5,1.72,3.4,5.0,1.75,3.25,4.6,1.7,3.3,5.75,1.75,3.39,6.27,1.75,3.4,4.5,1.67,3.4,6.0,37,1.77,1.71,3.57,3.33,6.27,5.38,35,2.25,2.12,1.77,1.69,20,-0.5,1.79,1.71,2.24,2.15,1.79,3.49,5.4,1528.99,1511.03
F2,10/02/17,Nimes,Tours,1,1,D,1,0,H,1.91,3.25,4.2,1.87,3.25,4.25,2.0,3.1,3.5,1.91,3.1,4.33,1.98,3.24,4.71,2.0,3.3,3.5,1.93,3.3,4.3,41,2.0,1.93,3.4,3.2,4.76,4.15,39,2.2,2.07,1.81,1.72,23,-0.5,2.0,1.93,1.99,1.9,1.97,3.42,4.46,1554.46,1433.11
F2,10/02/17,Niort,Troyes,3,2,H,1,1,D,2.38,3.0,3.25,2.4,3.0,3.0,2.3,3.0,3.0,2.5,2.9,3.1,2.58,3.07,3.21,2.3,3.1,3.0,2.45,3.1,3.1,42,2.6,2.44,3.1,3.0,3.25,3.03,40,2.22,2.13,1.76,1.69,23,-0.25,2.18,2.1,1.79,1.75,2.29,3.2,3.62,1519.76,1535.14
F2,11/02/17,Reims,Sochaux,0,1,A,0,1,A,2.05,3.1,4.0,2.15,3.0,3.5,2.2,3.0,3.2,2.15,2.88,4.0,2.2,2.98,4.25,2.05,3.0,3.75,2.15,2.9,4.1,41,2.2,2.11,3.1,2.94,4.26,3.84,36,2.76,2.63,1.5,1.45,22,-0.25,1.86,1.8,2.09,2.03,2.18,2.95,4.38,1586.77,1500.28
F2,13/02/17,Lens,Clermont,3,1,H,0,0,D,1.8,3.3,4.75,1.75,3.4,4.6,1.9,3.15,3.9,1.85,3.2,4.75,1.88,3.34,5.2,1.83,3.25,4.2,1.85,3.3,4.75,41,1.9,1.83,3.41,3.26,5.2,4.51,37,2.25,2.14,1.72,1.67,20,-0.5,1.89,1.83,2.04,1.98,1.98,3.32,4.55,1563.01,1511.38
F2,13/02/17,Strasbourg,Orleans,3,2,H,2,0,H,1.8,3.2,5.0,1.75,3.3,4.75,1.85,3.25,4.0,1.83,3.1,5.0,1.88,3.25,5.37,1.83,3.1,4.5,1.83,3.2,5.2,41,1.88,1.82,3.3,3.17,5.37,4.74,33,2.65,2.43,1.58,1.52,20,-0.5,1.89,1.83,2.06,1.99,1.81,3.49,5.35,1530.85,1438.69
F2,17/02/17,Ajaccio GFCO,Niort,1,0,H,1,0,H,1.95,3.2,4.2,2.05,3.1,3.75,2.1,3.1,3.3,1.95,3.1,4.33,2.02,3.05,4.97,2.0,3.1,3.75,1.95,3.2,4.33,44,2.1,1.96,3.25,3.08,4.97,4.17,36,2.34,2.21,1.67,1.62,22,-0.5,2.01,1.96,1.92,1.86,1.98,3.09,5.1,1529.7,1529.27
F2,17/02/17,Auxerre,Ajaccio,1,0,H,1,0,H,2.38,2.88,3.4,2.2,3.0,3.4,2.3,3.0,3.0,2.3,2.88,3.5,2.42,2.9,3.71,2.25,3.0,3.2,2.3,3.0,3.5,42,2.42,2.29,3.03,2.9,3.71,3.4,35,2.54,2.4,1.57,1.53,21,-0.25,2.04,1.93,1.93,1.87,2.2,2.99,4.21,1479.77,1481.36
F2,17/02/17,Bourg Peronnas,Tours,3,2,H,1,2,A,2.25,3.1,3.4,2.2,3.0,3.4,2.3,3.0,3.0,2.3,2.9,3.4,2.45,2.96,3.58,2.25,3.0,3.2,2.3,3.0,3.5,40,2.45,2.29,3.1,2.96,3.58,3.34,33,2.49,2.31,1.61,1.57,20,-0.25,2.05,1.95,1.92,1.98,2.42,2.91,3.71,1502.62,1440.15
F2,17/02/17,Clermont,Reims,0,1,A,0,0,D,2.5,3.0,3.0,2.55,2.9,2.95,2.6,2.9,2.7,2.62,2.9,2.9,2.8,2.94,3.05,2.5,3.0,2.8,2.6,3.0,3.0,45,2.8,2.58,3.03,2.92,3.05,2.9,37,2.44,2.35,1.59,1.56,24,0.0,1.88,1.8,2.1,2.06,2.73,3.06,3.01,1504.01,1568.14
F2,17/02/17,Red Star,Strasbourg,1,1,D,1,0,H,3.1,3.0,2.45,3.0,2.9,2.5,2.9,2.9,2.5,3.1,3.0,2.4,3.65,2.85,2.49,3.0,2.8,2.5,3.3,2.88,2.45,45,3.65,3.25,3.0,2.84,2.51,2.41,37,2.75,2.65,1.48,1.45,23,0.25,1.86,1.78,2.12,2.05,3.18,2.91,2.72,1504.78,1537.06
F2,17/02/17,Sochaux,Laval,1,1,D,0,1,A,1.95,3.1,4.33,1.91,3.1,4.2,1.9,3.2,4.0,1.95,2.9,5.0,1.99,2.95,5.45,1.95,2.88,4.33,1.95,3.0,4.75,44,2.01,1.94,3.2,2.95,5.45,4.56,33,3.06,2.86,1.44,1.39,23,-0.5,2.0,1.94,1.95,1.88,2.21,2.94,4.32,1518.91,1460.71
F2,17/02/17,Troyes,Nimes,0,0,D,0,0,D,2.0,3.1,4.2,1.95,3.25,3.8,2.0,3.1,3.7,2.05,3.2,3.8,2.1,3.26,4.12,2.0,3.4,3.4,2.0,3.3,3.9,44,2.1,1.99,3.43,3.22,4.2,3.79,33,1.96,1.86,1.97,1.9,23,-0.5,2.1,2.0,1.86,1.82,1.93,3.46,4.61,1525.63,1547.42
F2,17/02/17,Valenciennes,Amiens,1,1,D,1,0,H,2.5,3.0,3.0,2.45,3.0,2.95,2.6,2.9,2.7,2.62,2.9,2.9,2.75,2.98,3.07,2.45,3.0,2.88,2.63,3.0,2.9,44,2.75,2.56,3.1,2.94,3.07,2.89,36,2.32,2.21,1.67,1.62,23,0.0,1.85,1.8,2.07,2.02,2.94,3.05,2.8,1487.06,1536.52
F2,18/02/17,Brest,Le Havre,2,0,H,1,0,H,2.2,3.1,3.5,2.15,3.0,3.5,2.1,3.1,3.4,2.2,2.9,3.6,2.31,3.04,3.8,2.15,3.0,3.4,2.2,3.0,3.7,45,2.31,2.18,3.15,2.99,3.8,3.5,32,2.45,2.33,1.62,1.57,22,-0.25,1.95,1.87,2.0,1.91,2.28,3.04,3.87,1553.3,1537.4
F2,20/02/17,Orleans,Lens,2,1,H,0,0,D,3.25,2.9,2.4,3.2,2.95,2.35,2.9,2.9,2.5,3.0,2.9,2.5,3.18,2.98,2.67,2.8,3.0,2.5,3.1,3.0,2.5,42,3.25,2.98,3.04,2.93,2.67,2.49,30,2.41,2.28,1.65,1.59,19,0.25,1.76,1.71,2.21,2.12,3.67,3.02,2.37,1432.48,1570.38
F2,21/02/17,Strasbourg,Tours,4,2,H,1,2,A,1.73,3.3,5.25,1.72,3.3,5.0,1.65,3.5,5.0,1.75,3.4,4.75,1.78,3.4,5.89,1.75,3.25,4.75,1.8,3.3,5.25,47,1.8,1.75,3.5,3.29,5.89,5.11,41,2.38,2.27,1.68,1.6,20,-0.5,1.8,1.76,2.17,2.09,1.98,3.18,4.85,1539.47,1433.1
F2,24/02/17,Ajaccio,Sochaux,0,0,D,0,0,D,2.55,2.6,3.5,2.55,2.65,3.25,2.5,3.0,2.8,2.5,2.7,3.4,2.61,2.74,3.59,2.5,2.75,3.0,2.55,2.8,3.3,48,2.64,2.5,3.0,2.69,3.66,3.33,40,3.0,2.77,1.46,1.42,23,-0.25,2.14,2.1,1.8,1.75,2.58,2.77,3.6,1472.31,1513.58
F2,24/02/17,Amiens,Orleans,0,2,A,0,1,A,1.85,3.1,5.0,1.8,3.2,4.75,1.85,3.2,4.0,1.85,3.1,5.0,1.9,3.12,5.55,1.83,3.25,4.2,1.85,3.2,5.0,48,1.91,1.85,3.45,3.14,5.55,4.71,40,2.25,2.16,1.74,1.66,22,-0.5,1.9,1.86,2.05,1.97,1.88,3.15,5.73,1538.33,1446.34
F2,24/02/17,Laval,Bourg Peronnas,2,4,A,1,0,H,2.05,3.0,4.2,2.1,2.85,3.9,2.2,3.0,3.2,2.05,2.9,4.33,2.09,3.02,4.66,2.05,3.1,3.6,2.05,3.0,4.3,39,2.2,2.05,3.1,2.97,4.66,4.11,33,2.6,2.43,1.58,1.52,21,-0.5,2.09,2.03,1.86,1.8,2.09,3.01,4.67,1466.04,1509.67
F2,24/02/17,Le Havre,Auxerre,1,0,H,0,0,D,2.0,3.0,4.33,1.9,3.1,4.33,2.0,3.1,3.5,2.05,3.0,4.0,2.12,3.11,4.33,1.95,3.1,4.0,2.0,3.1,4.3,48,2.14,2.02,3.15,3.01,4.55,4.09,40,2.54,2.35,1.61,1.56,23,-0.5,2.12,2.03,1.88,1.8,2.13,3.13,4.23,1528.92,1488.82
F2,24/02/17,Nimes,Ajaccio GFCO,1,1,D,0,1,A,2.2,3.0,3.6,2.2,3.0,3.4,2.4,3.0,2.9,2.25,2.9,3.6,2.33,3.02,3.78,2.2,3.0,3.25,2.25,3.0,3.6,48,2.4,2.24,3.07,2.95,3.78,3.48,40,2.38,2.24,1.67,1.61,23,-0.25,1.96,1.91,1.99,1.92,2.3,3.08,3.75,1550.19,1538.68
F2,24/02/17,Niort,Red Star,2,3,A,1,2,A,2.05,3.1,4.0,2.05,2.8,4.25,2.0,3.1,3.5,2.05,3.0,4.2,2.05,3.06,4.72,2.0,3.1,3.75,2.0,3.1,4.3,48,2.07,2.0,3.13,3.02,4.72,4.13,40,2.36,2.26,1.67,1.6,23,-0.5,2.06,2.01,1.89,1.82,2.06,3.04,4.73,1520.29,1502.37
F2,24/02/17,Strasbourg,Clermont,0,2,A,0,1,A,1.75,3.4,5.0,1.85,3.2,4.4,1.8,3.25,4.2,1.85,3.25,4.75,1.88,3.29,5.29,1.83,3.4,4.0,1.8,3.4,4.8,49,1.92,1.83,3.52,3.28,5.29,4.55,46,2.16,2.08,1.8,1.71,23,-0.5,1.92,1.83,2.1,2.01,1.85,3.35,5.41,1545.31,1490.22
F2,24/02/17,Tours,Troyes,0,0,D,0,0,D,2.45,3.0,3.1,2.5,2.95,2.9,2.6,3.0,2.6,2.5,2.9,3.0,2.67,3.0,3.15,2.5,2.9,2.9,2.55,3.0,3.0,48,2.73,2.51,3.01,2.91,3.25,3.01,40,2.32,2.21,1.7,1.63,23,-0.25,2.24,2.14,1.76,1.73,2.66,3.03,3.13,1427.26,1522.86
F2,25/02/17,Lens,Valenciennes,2,0,H,0,0,D,1.73,3.4,5.25,1.75,3.3,4.75,1.75,3.4,4.3,1.75,3.5,4.75,1.76,3.39,6.11,1.73,3.4,4.6,1.75,3.4,5.4,46,1.76,1.73,3.5,3.34,6.11,5.12,44,2.28,2.16,1.71,1.66,19,-0.75,2.04,1.98,1.89,1.84,1.79,3.48,5.6,1556.52,1485.25
F2,27/02/17,Reims,Brest,1,1,D,0,1,A,2.05,3.0,4.1,2.0,3.1,3.9,2.1,3.1,3.3,2.05,2.9,4.2,2.12,2.99,4.54,2.0,3.0,3.8,2.05,3.0,4.3,47,2.12,2.04,3.1,2.97,4.54,3.99,39,2.6,2.46,1.55,1.51,20,-0.5,2.1,2.04,1.83,1.78,2.18,3.09,4.14,1581.93,1561.78
F2,03/03/17,Ajaccio GFCO,Tours,2,2,D,1,2,A,2.0,3.1,4.2,1.95,2.9,4.5,1.85,3.3,4.0,2.0,2.9,4.33,2.08,3.03,4.68,2.0,2.9,4.0,2.05,3.0,4.33,43,2.1,2.01,3.3,2.95,4.75,4.27,37,2.88,2.67,1.5,1.44,21,-0.5,2.11,2.03,1.88,1.82,1.99,3.08,4.95,1542.56,1427.1
F2,03/03/17,Auxerre,Reims,1,2,A,0,0,D,3.4,2.9,2.38,3.0,2.85,2.5,2.6,2.8,2.8,3.1,3.0,2.4,3.42,2.93,2.55,3.1,2.9,2.38,3.0,2.9,2.63,48,3.52,3.14,3.0,2.85,2.8,2.47,42,2.66,2.47,1.56,1.51,19,0.25,1.83,1.76,2.2,2.09,3.66,2.99,2.4,1481.1,1577.77
F2,03/03/17,Bourg Peronnas,Nimes,0,1,A,0,0,D,2.88,2.9,2.7,2.7,2.95,2.7,2.6,3.0,2.6,2.7,3.1,2.62,2.87,3.19,2.75,2.6,3.1,2.6,2.7,3.1,2.75,46,2.88,2.72,3.27,3.05,2.75,2.64,45,1.97,1.87,1.99,1.88,18,0.0,2.02,1.95,1.94,1.89,2.89,3.11,2.8,1524.18,1546.31
F2,03/03/17,Brest,Ajaccio,1,2,A,0,2,A,1.75,3.25,5.5,1.85,3.1,4.6,1.85,3.2,4.2,1.8,3.1,5.25,1.85,3.22,5.66,1.83,3.1,4.5,1.8,3.25,5.25,48,1.89,1.81,3.25,3.15,5.75,4.93,42,2.56,2.43,1.59,1.52,21,-0.5,1.89,1.83,2.08,2.03,1.81,3.29,5.97,1565.94,1470.22
F2,03/03/17,Clermont,Laval,1,1,D,0,1,A,2.2,2.9,3.8,2.2,3.0,3.4,2.1,2.9,3.7,2.2,2.9,3.8,2.27,3.0,3.98,2.25,2.8,3.5,2.2,2.9,3.9,47,2.28,2.21,3.0,2.89,4.03,3.65,41,2.66,2.52,1.54,1.49,19,-0.25,1.91,1.87,2.03,1.97,2.42,2.92,3.71,1507.96,1451.53
F2,03/03/17,Red Star,Lens,2,3,A,1,0,H,4.33,3.0,2.0,3.75,3.1,2.05,3.0,3.2,2.2,3.8,3.2,2.05,4.29,3.12,2.12,3.75,3.1,2.0,4.1,3.1,2.05,47,4.33,3.87,3.2,3.05,2.2,2.05,41,2.5,2.33,1.65,1.57,19,0.5,1.83,1.79,2.12,2.05,4.19,3.17,2.12,1518.96,1563.31
F2,03/03/17,Sochaux,Le Havre,0,1,A,0,1,A,2.3,2.9,3.5,2.15,2.95,3.6,2.2,2.9,3.4,2.4,2.8,3.4,2.48,2.92,3.58,2.2,2.88,3.5,2.38,2.88,3.5,47,2.48,2.34,2.95,2.83,3.8,3.43,41,2.86,2.63,1.51,1.45,21,-0.25,2.06,2.0,1.88,1.85,2.61,2.88,3.38,1515.67,1536.64
F2,04/03/17,Orleans,Niort,1,1,D,1,1,D,2.3,3.0,3.4,2.3,3.0,3.25,2.2,3.0,3.3,2.3,2.9,3.5,2.4,2.91,3.77,2.25,2.9,3.3,2.25,3.0,3.6,46,2.4,2.27,3.07,2.93,3.77,3.41,41,2.42,2.27,1.65,1.6,18,-0.25,2.0,1.92,1.97,1.91,2.28,3.02,3.93,1465.12,1503.7
F2,04/03/17,Troyes,Amiens,4,0,H,2,0,H,2.3,3.0,3.4,2.2,3.1,3.3,2.2,2.9,3.4,2.3,2.9,3.4,2.44,2.95,3.62,2.25,3.0,3.2,2.3,3.1,3.4,45,2.44,2.28,3.1,2.95,3.62,3.36,40,2.36,2.24,1.65,1.61,17,-0.25,2.04,1.96,1.91,1.87,2.53,3.02,3.35,1523.02,1519.55
F2,06/03/17,Valenciennes,Strasbourg,2,1,H,0,0,D,2.88,3.0,2.6,3.0,3.0,2.4,2.8,2.8,2.6,3.0,2.9,2.62,3.19,2.93,2.7,2.9,2.9,2.5,2.9,3.0,2.63,46,3.19,2.94,3.0,2.9,2.7,2.55,39,2.55,2.34,1.63,1.56,18,0.0,2.12,2.04,1.85,1.79,3.37,3.04,2.5,1478.46,1527.57
F2,10/03/17,Ajaccio GFCO,Troyes,3,1,H,3,0,H,2.3,2.9,3.5,2.25,2.9,3.4,2.1,3.0,3.5,2.38,2.9,3.3,2.43,3.04,3.52,2.15,3.0,3.4,2.38,3.0,3.4,45,2.46,2.3,3.1,2.93,3.85,3.36,39,2.44,2.3,1.64,1.58,19,-0.25,2.05,1.98,1.98,1.86,2.41,3.08,3.52,1535.67,1531.9
F2,10/03/17,Amiens,Bourg Peronnas,2,1,H,1,1,D,1.83,3.2,4.75,1.83,3.2,4.5,1.8,3.3,4.2,1.85,3.25,4.75,1.89,3.21,5.36,1.83,3.25,4.2,1.83,3.3,4.8,42,1.93,1.83,3.3,3.19,5.36,4.63,39,2.16,2.07,1.82,1.71,17,-0.5,1.93,1.84,2.06,1.99,1.92,3.25,5.11,1510.67,1508.92
F2,10/03/17,Laval,Auxerre,0,0,D,0,0,D,2.2,2.9,3.75,2.2,2.75,3.75,2.2,2.8,3.5,2.25,2.8,3.8,2.3,2.91,4.02,2.2,2.88,3.5,2.25,2.9,3.75,44,2.3,2.21,3.0,2.86,4.06,3.67,38,2.8,2.62,1.52,1.46,19,-0.25,1.94,1.88,2.01,1.95,2.52,2.88,3.57,1456.81,1468.48
F2,10/03/17,Le Havre,Clermont,0,1,A,0,0,D,1.83,3.3,4.6,1.85,3.3,4.2,1.85,3.2,4.2,1.83,3.2,4.75,1.86,3.3,5.39,1.83,3.4,4.0,1.83,3.3,4.8,44,1.9,1.82,3.47,3.24,5.39,4.6,42,2.21,2.12,1.77,1.69,19,-0.5,1.87,1.83,2.1,2.02,1.75,3.49,6.01,1551.94,1502.68
F2,10/03/17,Nimes,Red Star,2,0,H,0,0,D,1.8,3.4,4.75,1.8,3.4,4.4,1.8,3.2,4.5,1.8,3.3,4.75,1.84,3.45,5.24,1.75,3.5,4.33,1.8,3.4,5.0,44,1.85,1.79,3.53,3.35,5.24,4.6,43,2.05,1.94,1.93,1.82,19,-0.5,1.85,1.79,2.13,2.06,1.79,3.45,5.69,1561.57,1504.47
F2,10/03/17,Niort,Valenciennes,2,1,H,2,0,H,2.1,3.0,3.9,2.1,3.0,3.7,2.1,3.0,3.5,2.05,3.0,4.0,2.14,3.09,4.28,2.05,3.0,3.75,2.1,3.1,3.9,45,2.14,2.07,3.2,3.04,4.28,3.79,42,2.24,2.13,1.78,1.68,19,-0.5,2.13,2.08,1.84,1.78,2.11,3.13,4.31,1505.89,1489.14
F2,10/03/17,Reims,Ajaccio,3,0,H,1,0,H,1.62,3.4,6.5,1.62,3.4,6.0,1.7,3.3,5.0,1.62,3.4,6.0,1.69,3.55,6.65,1.65,3.3,5.5,1.62,3.5,6.5,45,1.71,1.63,3.57,3.39,7.13,5.98,39,2.4,2.28,1.68,1.59,17,-0.75,1.98,1.85,2.07,1.98,1.67,3.62,6.71,1590.39,1489.1
F2,10/03/17,Tours,Orleans,3,1,H,1,0,H,2.3,3.0,3.4,2.25,3.0,3.3,2.2,2.9,3.4,2.3,2.9,3.5,2.38,2.98,3.7,2.3,3.0,3.1,2.3,3.0,3.5,44,2.38,2.27,3.1,2.92,3.7,3.42,38,2.55,2.39,1.62,1.54,18,-0.25,2.0,1.93,1.95,1.9,2.4,2.96,3.69,1433.99,1462.93
F2,11/03/17,Strasbourg,Brest,4,1,H,1,0,H,2.1,3.0,3.9,2.1,3.0,3.7,2.1,3.0,3.5,2.15,2.9,3.8,2.22,2.97,4.19,2.05,3.1,3.6,2.15,3.0,3.9,44,2.22,2.11,3.1,2.96,4.19,3.76,38,2.48,2.34,1.59,1.56,17,-0.25,1.85,1.81,2.08,2.03,2.4,3.02,3.61,1516.89,1547.06
F2,13/03/17,Lens,Sochaux,2,1,H,0,0,D,2.0,3.0,4.33,1.95,2.95,4.4,2.0,3.0,3.8,2.0,2.9,4.5,2.04,3.01,4.94,2.0,3.1,3.8,2.0,3.0,4.5,43,2.05,1.98,3.1,2.96,4.94,4.23,37,2.68,2.52,1.52,1.49,16,-0.5,2.03,1.98,1.89,1.84,1.96,3.19,4.95,1577.8,1500.37
F2,17/03/17,Ajaccio,Le Havre,0,0,D,0,0,D,2.75,2.88,2.8,2.75,2.85,2.7,2.65,2.9,2.65,2.7,2.9,2.9,2.81,2.91,3.07,2.8,2.88,2.6,2.75,2.9,2.88,45,2.92,2.72,2.94,2.83,3.07,2.81,39,2.68,2.5,1.56,1.5,19,0.0,1.93,1.87,2.04,1.97,3.25,2.95,2.64,1483.13,1534.38
F2,17/03/17,Bourg Peronnas,Troyes,2,4,A,1,3,A,3.0,2.9,2.6,2.85,2.95,2.55,2.65,2.9,2.65,2.88,3.0,2.62,3.03,3.02,2.75,2.6,3.0,2.62,2.9,2.9,2.75,42,3.03,2.81,3.12,2.95,2.78,2.62,40,2.14,2.05,1.83,1.73,16,0.0,2.07,1.99,1.92,1.85,2.9,3.11,2.79,1499.98,1523.03
F2,17/03/17,Brest,Laval,3,0,H,2,0,H,1.95,3.0,4.6,2.0,3.0,4.0,1.85,3.2,4.2,1.95,3.0,4.5,2.01,3.11,4.84,1.83,3.1,4.5,1.95,3.1,4.5,44,2.02,1.93,3.2,3.03,4.87,4.39,38,2.58,2.43,1.59,1.52,19,-0.5,2.01,1.96,1.93,1.87,2.1,3.1,4.41,1537.04,1453.7
F2,17/03/17,Clermont,Niort,0,1,A,0,0,D,2.1,3.1,3.75,2.1,3.1,3.6,2.1,3.0,3.5,2.15,3.1,3.6,2.22,3.18,3.83,2.05,3.25,3.4,2.15,3.1,3.75,44,2.22,2.14,3.25,3.07,3.9,3.55,42,2.1,1.98,1.88,1.79,19,-0.25,1.89,1.84,2.06,2.0,2.17,3.09,4.14,1520.24,1514.34
F2,17/03/17,Orleans,Ajaccio GFCO,1,1,D,1,1,D,2.5,2.9,3.1,2.55,2.9,2.95,2.6,2.9,2.7,2.6,2.9,3.0,2.68,2.95,3.19,2.5,2.9,2.88,2.63,2.9,3.0,44,2.74,2.56,2.96,2.87,3.19,2.96,38,2.66,2.48,1.57,1.51,19,0.0,1.84,1.78,2.16,2.08,2.6,2.99,3.28,1452.95,1544.54
F2,17/03/17,Red Star,Amiens,0,1,A,0,0,D,3.0,3.0,2.5,3.1,3.0,2.35,3.0,2.9,2.4,3.0,2.9,2.5,3.12,2.99,2.7,2.9,2.88,2.5,3.2,3.0,2.45,43,3.22,3.03,3.07,2.92,2.7,2.47,37,2.4,2.28,1.67,1.59,17,0.0,2.23,2.13,1.83,1.74,3.12,3.03,2.66,1497.27,1519.61
F2,17/03/17,Sochaux,Nimes,2,1,H,0,0,D,2.3,3.0,3.4,2.3,3.0,3.25,2.2,2.9,3.4,2.3,2.9,3.3,2.43,3.07,3.47,2.25,2.9,3.3,2.38,3.0,3.3,44,2.44,2.29,3.07,2.95,3.5,3.32,38,2.42,2.28,1.66,1.59,19,-0.25,2.04,1.98,1.9,1.86,2.39,3.04,3.61,1493.75,1568.77
F2,17/03/17,Valenciennes,Tours,0,4,A,0,2,A,2.6,2.9,2.9,2.5,2.9,3.0,2.3,2.9,3.2,2.5,2.9,3.0,2.78,2.97,3.04,2.45,3.0,2.88,2.63,2.9,3.0,45,2.78,2.58,3.02,2.9,3.2,2.91,40,2.3,2.18,1.72,1.65,19,0.0,1.88,1.82,2.11,2.03,2.72,2.95,3.13,1480.69,1443.97
F2,18/03/17,Reims,Lens,0,2,A,0,0,D,2.15,3.0,3.75,2.1,2.95,3.75,2.2,2.9,3.4,2.2,2.9,3.75,2.28,2.98,3.98,2.15,3.0,3.4,2.2,3.0,3.75,44,2.28,2.18,3.02,2.95,3.98,3.56,38,2.46,2.34,1.6,1.56,16,-0.25,1.92,1.87,2.01,1.96,2.17,3.09,4.15,1596.36,1584.42
F2,20/03/17,Auxerre,Strasbourg,0,2,A,0,0,D,2.8,3.1,2.6,2.8,2.95,2.6,2.9,2.9,2.5,2.88,2.8,2.75,2.98,2.92,2.88,2.75,2.9,2.6,2.88,3.0,2.7,43,2.98,2.83,3.1,2.87,2.88,2.64,36,2.5,2.36,1.6,1.55,16,0.0,2.02,1.97,1.92,1.85,3.02,3.0,2.77,1471.59,1526.91
F2,31/03/17,Ajaccio GFCO,Bourg Peronnas,2,3,A,1,0,H,1.75,3.25,5.25,1.75,3.1,5.25,1.8,3.2,4.3,1.75,3.3,5.0,1.81,3.5,5.32,1.75,3.4,4.5,1.75,3.4,5.25,44,1.81,1.75,3.52,3.31,5.85,4.93,42,2.19,2.05,1.81,1.73,19,-0.5,1.81,1.75,2.17,2.09,1.79,3.58,5.35,1544.84,1484.76
F2,31/03/17,Amiens,Clermont,0,1,A,0,0,D,1.95,3.2,4.2,1.95,3.2,4.0,2.0,3.1,3.5,1.91,3.2,4.33,1.95,3.3,4.75,1.95,3.2,3.8,1.95,3.25,4.3,45,2.0,1.95,3.32,3.18,4.75,4.05,43,2.2,2.09,1.77,1.7,21,-0.5,2.0,1.94,1.96,1.89,2.04,3.22,4.45,1534.86,1504.04
F2,31/03/17,Laval,Ajaccio,1,1,D,1,1,D,2.2,2.88,3.75,2.05,2.95,3.9,2.2,3.0,3.2,2.25,2.8,3.8,2.31,2.89,4.05,2.2,2.88,3.5,2.25,2.9,3.8,46,2.32,2.21,3.0,2.87,4.06,3.66,40,2.87,2.65,1.51,1.44,22,-0.25,1.93,1.87,2.01,1.96,2.28,2.98,3.97,1447.25,1481.39
F2,31/03/17,Le Havre,Reims,1,1,D,1,0,H,2.6,2.88,3.0,2.55,2.85,2.95,2.4,3.0,2.8,2.62,2.9,2.9,2.78,2.96,3.05,2.38,2.9,3.1,2.7,3.0,2.88,46,2.78,2.6,3.02,2.9,3.15,2.89,40,2.5,2.33,1.64,1.57,22,0.0,1.89,1.84,2.08,2.0,2.93,3.02,2.84,1536.12,1579.97
F2,31/03/17,Nimes,Valenciennes,1,0,H,1,0,H,1.75,3.4,5.0,1.78,3.2,4.75,1.9,3.2,3.9,1.75,3.4,5.0,1.81,3.51,5.35,1.75,3.5,4.33,1.73,3.5,5.25,46,1.9,1.75,3.57,3.43,5.5,4.75,45,1.97,1.88,1.99,1.88,21,-0.5,1.81,1.75,2.2,2.11,1.81,3.48,5.46,1557.17,1463.51
F2,31/03/17,Niort,Auxerre,1,0,H,0,0,D,2.2,3.1,3.5,2.2,3.0,3.4,2.2,3.0,3.2,2.3,2.9,3.5,2.38,2.97,3.72,2.15,3.1,3.3,2.25,3.1,3.5,46,2.38,2.24,3.2,3.01,3.72,3.38,40,2.38,2.22,1.68,1.62,22,-0.25,1.99,1.93,1.96,1.91,2.47,2.99,3.51,1530.54,1457.49
F2,31/03/17,Tours,Red Star,3,1,H,2,1,H,1.67,3.4,5.75,1.72,3.2,5.25,1.8,3.2,4.3,1.7,3.4,5.75,1.73,3.51,6.1,1.67,3.4,5.0,1.67,3.5,6.0,46,1.8,1.69,3.52,3.37,6.34,5.41,40,2.25,2.14,1.77,1.67,21,-0.5,1.73,1.69,2.29,2.2,1.72,3.55,6.11,1461.15,1482.02
F2,31/03/17,Troyes,Orleans,4,2,H,4,0,H,1.83,3.2,4.75,1.85,3.2,4.33,1.9,3.2,3.9,1.83,3.2,5.0,1.86,3.31,5.35,1.85,3.2,4.2,1.83,3.3,4.8,47,1.93,1.84,3.47,3.23,5.35,4.54,42,2.28,2.18,1.72,1.64,22,-0.5,1.92,1.83,2.09,2.01,1.93,3.34,4.82,1538.25,1452.65
F2,01/04/17,Lens,Brest,0,2,A,0,1,A,2.0,3.0,4.33,2.05,2.95,3.9,2.0,3.1,3.5,1.95,3.1,4.2,2.02,3.17,4.66,2.0,3.1,3.75,2.0,3.1,4.3,46,2.07,2.0,3.2,3.07,4.66,4.0,40,2.34,2.24,1.69,1.61,20,-0.5,2.05,1.99,1.89,1.84,1.92,3.36,4.86,1600.81,1543.49
F2,03/04/17,Strasbourg,Sochaux,2,0,H,2,0,H,2.05,3.0,4.2,2.0,3.1,3.9,2.0,3.1,3.5,2.05,2.9,4.2,2.1,3.07,4.48,2.05,3.0,3.75,2.1,3.0,4.1,45,2.12,2.05,3.1,2.98,4.48,3.92,38,2.7,2.52,1.53,1.48,19,-0.5,2.13,2.07,1.83,1.77,1.76,3.5,5.83,1541.01,1505.35
F2,07/04/17,Auxerre,Amiens,1,0,H,1,0,H,2.5,3.0,3.0,2.55,2.95,2.85,2.6,3.0,2.6,2.5,2.9,3.1,2.64,2.92,3.3,2.5,2.9,2.9,2.6,2.9,3.1,45,2.65,2.51,3.0,2.91,3.3,3.01,38,2.62,2.41,1.58,1.53,21,0.0,1.79,1.75,2.19,2.13,2.47,2.98,3.51,1450.75,1517.86
F2,07/04/17,Brest,Tours,1,1,D,1,1,D,1.85,3.3,4.5,1.85,3.2,4.4,2.0,3.1,3.5,1.83,3.25,4.75,1.85,3.39,5.26,1.83,3.4,4.0,1.83,3.4,4.6,47,2.0,1.84,3.52,3.27,5.26,4.46,44,2.32,2.13,1.75,1.68,22,-0.5,1.91,1.84,2.06,2.01,1.92,3.45,4.71,1561.29,1470.85
F2,07/04/17,Clermont,Nimes,2,3,A,0,2,A,2.55,3.1,2.88,2.5,3.0,2.9,2.6,3.0,2.6,2.5,3.0,2.9,2.65,3.11,3.06,2.45,3.1,2.8,2.6,3.1,2.9,46,2.7,2.52,3.22,3.06,3.06,2.84,45,2.15,2.01,1.85,1.77,22,0.0,1.88,1.81,2.1,2.04,2.82,3.15,2.83,1521.04,1563.34
F2,07/04/17,Le Havre,Laval,2,0,H,0,0,D,2.0,3.1,4.2,1.95,3.0,4.25,2.0,3.1,3.5,2.0,3.0,4.33,2.06,3.11,4.58,1.95,2.9,4.33,2.0,3.1,4.4,47,2.09,2.0,3.17,3.01,4.6,4.13,40,2.8,2.53,1.56,1.49,22,-0.5,2.08,2.01,1.88,1.84,1.97,3.16,4.99,1534.12,1444.91
F2,07/04/17,Orleans,Bourg Peronnas,1,0,H,0,0,D,1.95,3.2,4.2,2.0,3.2,3.75,2.0,3.3,3.3,2.0,3.25,3.8,2.07,3.34,4.12,2.05,3.1,3.6,2.0,3.3,4.0,44,2.07,2.0,3.47,3.23,4.2,3.78,43,2.05,1.91,1.96,1.85,20,-0.5,2.06,2.0,1.89,1.84,1.96,3.38,4.56,1446.26,1502.64
F2,07/04/17,Sochaux,Niort,2,2,D,1,1,D,2.05,3.1,4.0,2.0,3.0,4.0,2.2,3.0,3.2,2.05,3.0,4.0,2.11,3.11,4.33,2.0,3.1,3.75,2.05,3.1,4.1,45,2.2,2.05,3.17,3.03,4.35,3.9,38,2.56,2.36,1.61,1.55,22,-0.5,2.12,2.06,1.84,1.8,2.14,3.17,4.1,1497.5,1537.28
F2,07/04/17,Valenciennes,Troyes,2,0,H,1,0,H,2.7,3.0,2.75,2.55,2.95,2.85,2.9,3.0,2.4,2.7,3.0,2.8,2.81,3.06,2.92,2.6,3.1,2.62,2.75,3.1,2.7,46,2.9,2.68,3.17,3.01,2.92,2.71,44,2.14,2.04,1.83,1.74,22,0.0,1.98,1.91,1.99,1.94,3.03,3.11,2.68,1457.34,1544.64
F2,08/04/17,Red Star,Ajaccio GFCO,0,3,A,0,1,A,2.75,3.1,2.63,2.8,3.0,2.55,2.75,3.0,2.5,2.88,2.9,2.62,3.03,2.99,2.77,2.6,3.0,2.7,2.88,3.0,2.7,45,3.03,2.79,3.12,2.99,2.77,2.6,39,2.35,2.23,1.67,1.62,19,0.0,2.05,1.98,1.91,1.86,2.89,2.98,2.9,1472.32,1526.96
F2,08/04/17,Reims,Strasbourg,1,1,D,1,1,D,2.05,3.1,4.0,2.0,3.2,3.8,2.0,3.1,3.5,2.0,3.0,4.2,2.05,3.14,4.55,2.0,3.1,3.75,2.0,3.13,4.2,45,2.06,2.01,3.2,3.09,4.55,3.93,39,2.4,2.29,1.62,1.59,19,-0.5,2.07,2.02,1.87,1.82,1.93,3.24,5.07,1581.97,1548.86
F2,10/04/17,Ajaccio,Lens,3,6,A,3,5,A,3.3,3.1,2.3,3.2,3.15,2.2,3.0,3.0,2.3,3.1,3.1,2.38,3.49,3.04,2.44,2.9,3.0,2.45,3.3,3.0,2.4,45,3.49,3.2,3.15,2.97,2.45,2.33,37,2.44,2.32,1.61,1.57,19,0.25,1.85,1.81,2.08,2.03,4.0,3.17,2.18,1483.73,1583.01
F2,14/04/17,Ajaccio GFCO,Clermont,4,4,D,3,1,H,1.95,3.0,4.6,2.0,3.0,4.1,2.0,3.1,3.7,2.0,3.1,4.2,2.04,3.13,4.62,2.0,3.1,3.75,1.95,3.2,4.3,44,2.04,1.97,3.2,3.08,4.62,4.11,40,2.3,2.18,1.7,1.64,19,-0.5,2.04,1.98,1.91,1.86,2.11,3.05,4.45,1541.08,1506.48
F2,14/04/17,Amiens,Le Havre,2,0,H,1,0,H,2.45,3.0,3.1,2.5,3.0,2.85,2.4,2.9,3.0,2.5,2.8,3.1,2.59,2.93,3.36,2.5,2.9,2.9,2.5,3.0,3.13,43,2.59,2.47,3.0,2.92,3.36,3.01,37,2.49,2.36,1.59,1.56,17,0.0,1.79,1.73,2.23,2.14,2.45,3.15,3.35,1506.54,1540.41
F2,14/04/17,Bourg Peronnas,Valenciennes,0,2,A,0,0,D,2.45,2.9,3.2,2.4,3.0,3.0,2.4,2.9,3.0,2.4,3.0,3.1,2.48,3.05,3.39,2.38,3.2,2.8,2.38,3.1,3.2,41,2.5,2.38,3.2,3.02,3.39,3.07,39,2.13,2.01,1.84,1.76,18,-0.25,2.12,2.04,1.84,1.8,2.44,2.92,3.68,1491.7,1469.38
F2,14/04/17,Laval,Reims,5,2,H,1,2,A,3.6,3.0,2.2,3.4,3.0,2.2,3.1,3.1,2.2,3.4,3.1,2.25,3.74,3.04,2.33,3.3,3.0,2.2,3.6,3.0,2.25,44,3.74,3.41,3.1,2.98,2.33,2.23,38,2.55,2.42,1.56,1.53,19,0.25,1.96,1.91,1.98,1.93,3.95,3.17,2.19,1438.62,1577.4
F2,14/04/17,Nimes,Orleans,2,0,H,0,0,D,1.75,3.25,5.25,1.72,3.5,4.75,1.75,3.3,4.5,1.83,3.3,4.75,1.79,3.46,5.64,1.83,3.4,4.0,1.75,3.4,5.2,44,1.83,1.75,3.65,3.38,5.64,4.76,43,2.01,1.92,1.95,1.85,19,-0.75,2.09,2.01,1.88,1.83,1.82,3.64,4.99,1577.9,1457.2
F2,14/04/17,Niort,Brest,0,3,A,0,0,D,2.8,2.88,2.75,2.65,3.0,2.7,2.8,2.9,2.6,2.8,3.0,2.7,2.94,3.07,2.78,2.7,2.9,2.7,2.8,3.1,2.7,44,2.94,2.73,3.1,2.99,2.78,2.66,42,2.17,2.08,1.77,1.72,19,0.0,2.02,1.95,1.98,1.88,3.01,3.12,2.69,1539.43,1555.05
F2,14/04/17,Tours,Sochaux,3,1,H,2,1,H,2.0,3.0,4.33,2.05,3.1,3.7,1.85,3.3,4.0,2.1,3.0,4.0,2.15,3.1,4.22,2.05,3.1,3.6,2.05,3.1,4.0,44,2.15,2.05,3.3,3.05,4.33,3.79,38,2.5,2.34,1.59,1.56,19,-0.5,2.17,2.08,1.81,1.76,2.08,3.2,4.32,1477.09,1495.35
F2,14/04/17,Troyes,Red Star,3,2,H,1,0,H,1.6,3.5,6.5,1.65,3.6,5.0,1.6,3.5,5.5,1.62,3.8,5.25,1.62,3.75,7.12,1.65,3.5,5.0,1.65,3.6,6.0,44,1.65,1.6,3.8,3.59,7.12,5.77,43,2.02,1.93,1.93,1.84,19,-0.75,1.86,1.81,2.09,2.03,1.66,3.9,6.06,1532.6,1458.2
F2,15/04/17,Lens,Auxerre,0,1,A,0,1,A,1.8,3.2,5.0,1.8,3.2,4.75,1.8,3.2,4.5,1.8,3.25,5.0,1.83,3.37,5.49,1.8,3.2,4.5,1.8,3.3,5.0,44,1.83,1.78,3.4,3.26,5.49,4.79,38,2.38,2.2,1.71,1.63,19,-0.5,1.83,1.79,2.13,2.05,1.69,3.59,6.47,1595.54,1462.07
F2,17/04/17,Strasbourg,Ajaccio,4,2,H,2,1,H,1.62,3.4,6.5,1.65,3.45,5.4,1.6,3.5,5.5,1.65,3.6,5.5,1.64,3.62,7.26,1.65,3.5,5.0,1.65,3.5,6.25,40,1.65,1.62,3.7,3.49,7.26,5.81,38,2.19,2.07,1.78,1.72,17,-0.75,1.88,1.83,2.06,2.0,1.52,4.16,7.95,1553.43,1471.2
F2,21/04/17,Ajaccio,Niort,3,1,H,3,1,H,2.05,3.1,3.9,2.1,3.1,3.5,2.1,3.0,3.5,2.1,3.1,3.75,2.17,3.27,3.86,2.15,3.2,3.2,2.1,3.2,3.75,41,2.17,2.11,3.27,3.12,3.94,3.6,40,2.08,2.0,1.87,1.78,22,-0.25,1.85,1.81,2.09,2.04,2.21,3.31,3.7,1464.71,1523.95
F2,21/04/17,Auxerre,Tours,1,1,D,1,1,D,2.5,2.9,3.1,2.5,2.95,2.95,2.4,2.9,3.0,2.5,2.9,3.1,2.63,2.97,3.24,2.45,3.0,2.88,2.45,3.0,3.2,45,2.63,2.47,3.0,2.92,3.28,3.04,38,2.48,2.3,1.62,1.58,21,-0.25,2.2,2.11,1.8,1.76,2.44,3.06,3.47,1481.9,1486.7
F2,21/04/17,Clermont,Troyes,1,1,D,0,1,A,2.88,3.0,2.6,2.65,3.1,2.65,2.7,3.1,2.5,2.8,3.1,2.5,3.0,3.16,2.67,2.62,3.25,2.5,2.9,3.1,2.6,45,3.05,2.8,3.27,3.07,2.67,2.55,44,1.97,1.86,2.0,1.91,19,0.0,2.09,2.04,1.86,1.83,3.43,3.34,2.3,1511.09,1539.3
F2,21/04/17,Laval,Strasbourg,1,2,A,1,0,H,3.6,3.1,2.15,3.3,3.1,2.2,3.3,3.1,2.1,3.5,3.3,2.1,3.9,3.23,2.18,3.4,3.1,2.1,3.6,3.2,2.15,45,3.9,3.54,3.3,3.09,2.22,2.13,43,2.23,2.12,1.75,1.69,20,0.25,2.08,2.01,1.88,1.83,3.31,3.1,2.5,1452.51,1559.92
F2,21/04/17,Red Star,Bourg Peronnas,4,1,H,2,1,H,2.05,3.1,3.9,2.1,3.1,3.5,2.0,3.1,3.7,2.05,3.1,3.8,2.15,3.18,4.08,2.0,3.3,3.5,2.05,3.25,3.8,44,2.16,2.07,3.3,3.07,4.19,3.75,43,2.02,1.91,1.96,1.85,20,-0.25,1.82,1.78,2.15,2.08,2.05,3.32,4.22,1451.5,1474.97
F2,21/04/17,Reims,Nimes,1,1,D,1,0,H,1.83,3.4,4.5,1.85,3.3,4.25,1.9,3.3,3.8,1.85,3.4,4.5,1.88,3.54,4.75,1.83,3.4,4.0,1.85,3.4,4.5,46,1.9,1.84,3.54,3.37,4.75,4.29,45,1.91,1.81,2.06,1.96,22,-0.5,1.89,1.84,2.06,2.01,1.88,3.57,4.68,1563.51,1583.38
F2,21/04/17,Sochaux,Ajaccio GFCO,1,2,A,1,0,H,2.3,3.1,3.25,2.3,3.1,3.1,2.3,2.9,3.2,2.3,3.0,3.3,2.38,3.11,3.53,2.25,3.2,3.0,2.38,3.1,3.2,42,2.38,2.29,3.2,3.06,3.53,3.22,39,2.17,2.05,1.8,1.74,22,-0.25,2.04,1.98,1.92,1.87,2.39,3.06,3.58,1485.74,1536.47
F2,21/04/17,Valenciennes,Orleans,4,0,H,1,0,H,2.2,3.0,3.5,2.4,3.1,2.95,2.4,3.0,2.9,2.3,3.0,3.25,2.45,3.14,3.35,2.38,3.0,2.9,2.38,3.0,3.3,45,2.48,2.36,3.14,3.01,3.5,3.13,43,2.15,2.04,1.81,1.75,21,-0.25,2.07,2.01,1.91,1.84,2.32,3.2,3.53,1486.11,1451.72
F2,22/04/17,Brest,Amiens,2,3,A,1,1,D,1.91,3.4,4.0,1.83,3.4,4.2,1.85,3.4,3.9,1.91,3.3,4.2,1.97,3.45,4.39,1.83,3.4,4.0,1.93,3.3,4.2,43,1.97,1.9,3.45,3.29,4.4,4.06,41,2.15,2.03,1.82,1.74,18,-0.5,1.98,1.93,1.96,1.91,2.14,3.2,4.07,1570.53,1516.69
F2,24/04/17,Le Havre,Lens,1,0,H,1,0,H,3.0,2.88,2.6,2.8,3.0,2.55,2.7,3.1,2.5,2.88,3.0,2.62,3.01,3.04,2.75,2.8,3.2,2.38,2.9,3.1,2.6,44,3.01,2.84,3.2,2.99,2.75,2.55,41,2.17,2.04,1.81,1.74,16,0.0,2.08,2.03,1.87,1.82,3.74,3.29,2.19,1530.26,1575.71
F2,28/04/17,Ajaccio GFCO,Valenciennes,1,0,H,1,0,H,1.8,3.25,5.0,1.83,3.2,4.6,1.8,3.3,4.2,1.8,3.2,4.8,1.81,3.42,5.58,1.8,3.3,4.33,1.8,3.3,5.0,44,1.84,1.8,3.42,3.27,5.58,4.72,42,2.16,2.08,1.77,1.71,20,-0.5,1.84,1.8,2.11,2.05,1.83,3.44,5.34,1550.73,1494.0
F2,28/04/17,Amiens,Ajaccio,2,1,H,0,0,D,1.57,3.5,7.0,1.6,3.5,5.75,1.6,3.6,5.0,1.53,3.5,5.5,1.61,3.74,7.25,1.6,3.75,5.0,1.6,3.8,6.0,43,1.65,1.59,3.8,3.61,7.25,5.86,42,1.94,1.87,1.98,1.89,19,-0.75,1.84,1.79,2.13,2.06,1.55,4.03,7.56,1534.39,1475.75
F2,28/04/17,Bourg Peronnas,Sochaux,0,1,A,0,1,A,2.65,3.0,2.8,2.4,3.0,3.0,2.6,2.9,2.7,2.5,3.1,2.75,,,,2.45,3.2,2.7,2.6,3.1,2.88,40,2.74,2.56,3.2,3.0,3.0,2.82,38,2.16,2.06,1.78,1.71,16,-0.25,2.26,2.17,1.75,1.69,2.93,2.72,3.17,1465.18,1471.48
F2,28/04/17,Nimes,Auxerre,0,1,A,0,0,D,1.8,3.5,4.5,1.78,3.2,4.75,1.8,3.3,4.2,1.8,3.3,4.2,1.82,3.34,5.67,1.83,3.4,4.0,1.8,3.4,4.8,44,1.84,1.79,3.5,3.33,5.67,4.6,42,2.17,2.04,1.8,1.73,20,-0.5,1.84,1.8,2.1,2.04,1.81,3.58,5.2,1586.21,1478.56
F2,28/04/17,Niort,Reims,0,3,A,0,2,A,3.6,3.2,2.1,3.6,3.2,2.05,3.2,3.2,2.1,3.3,3.25,2.1,4.1,3.3,2.09,3.25,3.4,2.05,3.5,3.25,2.15,44,4.1,3.56,3.4,3.22,2.16,2.07,43,2.01,1.9,1.95,1.86,20,0.25,2.09,2.0,1.88,1.83,4.23,3.56,1.97,1512.91,1560.68
F2,28/04/17,Orleans,Red Star,4,0,H,2,0,H,2.0,3.2,4.0,2.05,3.1,3.75,2.0,3.1,3.5,2.0,3.25,3.5,,,,2.05,3.25,3.4,2.0,3.3,3.9,42,2.1,2.02,3.5,3.23,4.0,3.64,41,2.12,2.01,1.86,1.76,19,-0.5,2.08,2.03,1.86,1.81,2.03,3.35,4.28,1443.83,1461.29
F2,28/04/17,Strasbourg,Le Havre,2,0,H,1,0,H,1.62,3.4,6.5,1.6,3.6,5.75,1.6,3.5,5.2,1.5,3.7,5.75,1.61,3.69,7.6,1.6,3.5,5.5,1.62,3.6,6.25,45,1.65,1.6,3.78,3.56,7.6,6.0,44,2.08,2.0,1.84,1.76,20,-0.75,1.83,1.79,2.11,2.05,1.57,4.09,7.03,1572.15,1540.81
F2,28/04/17,Tours,Clermont,3,0,H,2,0,H,1.85,3.25,4.6,1.87,3.1,4.4,1.85,3.4,3.8,1.83,3.3,4.2,,,,1.83,3.4,4.0,1.85,3.4,4.5,42,1.91,1.86,3.51,3.33,4.7,4.16,40,2.18,2.05,1.78,1.72,19,-0.5,1.91,1.86,2.04,1.97,1.86,3.57,4.8,1490.04,1508.54
F2,29/04/17,Troyes,Brest,1,0,H,1,0,H,2.2,3.0,3.6,2.2,3.2,3.2,2.2,3.1,3.1,2.2,3.0,3.25,2.41,3.18,3.38,2.25,3.2,3.0,2.3,3.2,3.25,43,2.41,2.26,3.25,3.13,3.6,3.18,41,2.02,1.94,1.92,1.82,19,-0.25,2.04,1.96,1.92,1.87,2.68,3.11,3.03,1541.85,1552.83
F2,01/05/17,Lens,Laval,2,0,H,0,0,D,1.57,3.6,6.5,1.6,3.45,6.0,1.55,3.5,5.7,1.53,3.6,6.0,,,,1.53,3.4,6.0,1.6,3.6,6.5,33,1.62,1.57,3.6,3.5,7.0,6.08,27,2.3,2.21,1.73,1.61,12,-0.75,1.84,1.79,2.08,2.03,1.52,4.5,7.0,1565.16,1440.28
F2,05/05/17,Auxerre,Troyes,2,3,A,2,1,H,2.8,3.0,2.65,2.75,3.0,2.6,2.8,3.0,2.5,2.8,2.9,2.65,2.98,3.05,2.77,2.6,3.0,2.7,2.88,3.0,2.7,43,2.98,2.77,3.1,2.98,2.82,2.64,41,2.31,2.16,1.72,1.66,18,0.0,2.02,1.98,1.93,1.88,2.72,3.11,2.98,1497.75,1551.22
F2,05/05/17,Clermont,Bourg Peronnas,2,3,A,0,1,A,1.85,3.3,4.5,1.8,3.3,4.5,1.9,3.2,3.9,1.8,3.6,3.9,1.86,3.36,5.28,1.83,3.5,3.75,1.8,3.5,4.6,42,1.9,1.83,3.6,3.37,5.28,4.3,40,1.76,1.68,2.23,2.12,19,-0.5,1.89,1.83,2.08,2.02,1.92,3.35,4.85,1498.92,1449.39
F2,05/05/17,Laval,Tours,1,3,A,0,2,A,2.75,3.1,2.63,2.55,3.1,2.75,2.6,3.0,2.6,2.6,3.2,2.75,2.82,3.14,2.85,2.6,3.1,2.62,2.75,3.1,2.7,44,2.82,2.66,3.21,3.06,2.85,2.69,43,2.1,2.0,1.85,1.78,20,-0.25,2.38,2.31,1.69,1.63,2.76,3.26,2.81,1434.9,1499.66
F2,05/05/17,Le Havre,Niort,0,0,D,0,0,D,1.83,3.4,4.5,1.8,3.4,4.33,1.8,3.2,4.4,1.8,3.5,4.6,1.86,3.51,4.91,1.83,3.4,4.0,1.8,3.4,4.8,44,1.86,1.81,3.59,3.39,4.91,4.4,43,1.95,1.85,2.04,1.92,21,-0.5,1.87,1.81,2.11,2.04,1.77,3.61,5.45,1532.82,1498.54
F2,05/05/17,Reims,Orleans,0,2,A,0,1,A,1.53,3.8,6.5,1.53,3.9,5.75,1.55,3.7,5.4,1.53,3.9,6.0,1.57,4.05,7.04,1.55,3.6,6.0,1.5,4.0,7.0,44,1.57,1.54,4.1,3.84,7.09,6.08,43,1.91,1.83,2.02,1.94,20,-1.0,2.04,1.93,1.97,1.9,1.52,4.27,7.42,1575.05,1453.42
F2,05/05/17,Sochaux,Amiens,1,2,A,1,1,D,4.0,3.2,2.0,4.0,3.25,1.91,3.7,3.3,1.9,3.9,3.0,2.05,4.28,3.3,2.05,3.75,3.1,2.0,4.2,3.13,2.0,42,4.28,3.84,3.3,3.16,2.07,2.0,37,2.38,2.19,1.72,1.64,18,0.5,1.88,1.83,2.05,2.01,4.41,3.34,2.0,1487.27,1541.55
F2,05/05/17,Valenciennes,Red Star,0,0,D,0,0,D,2.3,3.25,3.1,2.25,3.1,3.2,2.4,3.1,2.8,2.2,3.2,3.1,2.35,3.35,3.31,2.2,3.3,3.0,2.25,3.25,3.3,44,2.4,2.27,3.41,3.2,3.31,3.12,43,2.04,1.91,1.95,1.86,21,-0.25,2.01,1.95,1.95,1.89,2.32,3.38,3.36,1486.79,1451.7
F2,06/05/17,Brest,Nimes,2,3,A,1,1,D,1.91,3.3,4.2,1.95,3.2,3.9,1.9,3.3,3.7,1.85,3.4,3.9,1.95,3.36,4.67,1.91,3.3,3.75,1.93,3.3,4.3,42,1.97,1.91,3.42,3.26,4.67,4.04,40,2.11,1.99,1.87,1.78,18,-0.5,1.98,1.93,1.95,1.91,1.93,3.57,4.42,1543.46,1567.02
F2,08/05/17,Ajaccio,Ajaccio GFCO,1,0,H,0,0,D,2.8,3.0,2.65,2.6,3.0,2.75,2.6,3.0,2.6,2.7,3.0,2.55,2.94,3.01,2.83,2.6,3.1,2.6,2.8,3.1,2.7,42,2.94,2.74,3.1,2.99,2.83,2.63,39,2.22,2.13,1.75,1.67,15,0.0,2.04,1.97,1.93,1.87,2.78,3.13,2.89,1468.59,1557.94
F2,08/05/17,Lens,Strasbourg,1,1,D,0,0,D,2.0,2.9,4.5,2.0,3.2,3.8,2.1,3.1,3.3,2.0,3.0,3.9,2.07,3.19,4.36,2.1,3.1,3.4,2.05,3.2,3.9,42,2.1,2.03,3.2,3.11,4.5,3.79,39,2.25,2.12,1.73,1.67,18,-0.25,1.79,1.75,2.16,2.1,2.11,3.22,4.15,1570.54,1580.14
F2,12/05/17,Ajaccio GFCO,Lens,0,4,A,0,2,A,3.75,3.5,1.95,3.9,3.4,1.9,4.0,3.4,1.8,3.6,3.4,1.95,4.16,3.57,1.98,3.8,3.5,1.85,4.0,3.4,1.95,43,4.16,3.82,3.57,3.38,2.02,1.93,42,1.89,1.81,2.06,1.95,16,0.5,1.95,1.88,2.0,1.94,4.28,3.57,1.93,1545.82,1567.36
F2,12/05/17,Amiens,Laval,3,0,H,2,0,H,1.22,5.5,15.0,1.22,5.75,11.5,1.25,5.0,10.0,1.2,5.8,15.0,1.25,6.45,14.34,1.25,5.0,11.0,1.2,6.25,18.0,43,1.25,1.22,6.51,5.78,18.0,12.78,37,1.64,1.6,2.43,2.27,15,-1.75,1.9,1.86,2.04,1.97,1.2,7.05,19.43,1555.69,1421.14
F2,12/05/17,Bourg Peronnas,Brest,1,2,A,0,1,A,5.25,3.75,1.65,5.0,3.6,1.67,4.3,3.4,1.75,4.75,3.8,1.61,5.49,4.0,1.69,4.5,3.75,1.67,5.0,3.9,1.67,43,5.49,4.87,4.0,3.73,1.75,1.66,38,1.75,1.68,2.25,2.12,17,0.75,2.05,1.99,1.9,1.85,5.69,4.15,1.65,1466.96,1528.25
F2,12/05/17,Nimes,Ajaccio,3,1,H,1,1,D,1.36,4.5,9.0,1.4,4.33,7.25,1.45,3.9,6.5,1.36,4.5,8.0,1.39,5.01,9.29,1.4,4.33,7.0,1.36,4.6,9.5,44,1.45,1.38,5.01,4.52,9.5,7.76,41,1.73,1.68,2.27,2.13,17,-1.25,1.92,1.88,2.0,1.95,1.39,5.24,8.59,1582.23,1480.71
F2,12/05/17,Niort,Strasbourg,2,2,D,1,1,D,5.5,3.8,1.62,5.0,3.6,1.67,5.0,3.6,1.6,5.2,3.75,1.6,5.79,4.06,1.65,4.5,3.75,1.67,5.75,3.9,1.6,44,5.79,5.14,4.06,3.75,1.68,1.63,43,1.83,1.77,2.11,2.01,17,0.75,2.13,2.06,1.85,1.78,5.1,4.23,1.69,1503.14,1583.32
F2,12/05/17,Orleans,Clermont,2,2,D,2,2,D,2.0,3.4,3.7,2.05,3.4,3.3,2.1,3.2,3.2,2.0,3.4,3.5,2.1,3.55,3.73,2.15,3.3,3.1,2.0,3.4,3.8,44,2.15,2.04,3.6,3.35,3.8,3.48,42,1.85,1.76,2.11,2.01,19,-0.25,1.81,1.76,2.14,2.08,2.06,3.65,3.77,1472.96,1481.35
F2,12/05/17,Red Star,Sochaux,1,1,D,0,1,A,1.67,3.75,5.0,1.75,3.4,4.6,1.7,3.5,4.4,1.7,3.6,4.6,1.69,4.01,5.38,1.7,3.6,4.5,1.7,3.7,5.2,44,1.75,1.69,4.01,3.64,5.38,4.78,43,1.91,1.83,2.03,1.94,16,-0.75,1.96,1.91,2.01,1.91,1.67,4.03,5.62,1456.33,1473.13
F2,12/05/17,Tours,Le Havre,0,4,A,0,2,A,1.95,3.4,3.8,2.0,3.3,3.6,2.1,3.0,3.5,2.0,3.3,3.6,2.03,3.43,4.14,2.05,3.25,3.4,2.0,3.3,4.0,43,2.1,2.0,3.43,3.27,4.14,3.71,43,2.07,1.97,1.9,1.81,18,-0.5,2.06,2.0,1.89,1.84,2.09,3.41,3.96,1513.42,1528.22
F2,12/05/17,Troyes,Reims,2,0,H,2,0,H,1.75,3.75,4.5,1.75,3.5,4.4,1.7,3.5,4.4,1.75,3.6,4.2,1.81,3.94,4.61,1.73,3.6,4.33,1.75,3.7,4.75,44,1.84,1.76,3.94,3.63,4.75,4.29,42,1.76,1.7,2.21,2.11,18,-0.5,1.84,1.77,2.17,2.08,1.81,4.0,4.53,1565.38,1555.51
F2,12/05/17,Valenciennes,Auxerre,0,0,D,0,0,D,3.8,3.3,2.0,3.7,3.1,2.05,,,,3.6,3.25,2.0,4.08,3.49,2.03,3.4,3.25,2.05,4.0,3.3,2.0,43,4.08,3.72,3.52,3.27,2.1,2.0,42,2.12,2.01,1.84,1.77,16,0.5,1.89,1.84,2.04,1.98,3.76,3.64,2.06,1482.16,1483.59
F2,19/05/17,Ajaccio,Tours,3,2,H,1,0,H,2.1,3.4,3.4,2.2,3.3,3.1,2.2,3.2,3.0,2.1,3.4,3.1,2.25,3.45,3.45,2.2,3.3,3.0,2.2,3.4,3.25,43,2.25,2.17,3.45,3.35,3.45,3.18,41,1.76,1.68,2.28,2.15,17,-0.25,1.95,1.9,2.0,1.94,2.33,3.52,3.21,1474.74,1497.91
F2,19/05/17,Auxerre,Red Star,1,0,H,0,0,D,1.57,3.75,6.0,1.67,3.6,5.0,1.55,3.6,5.5,1.62,3.6,5.0,1.66,3.81,6.31,1.7,3.5,4.6,1.65,3.75,5.5,43,1.72,1.65,3.82,3.63,6.31,5.25,41,1.96,1.88,1.98,1.88,13,-0.5,1.71,1.65,2.35,2.27,1.65,4.09,5.79,1487.04,1453.39
F2,19/05/17,Brest,Ajaccio GFCO,6,2,H,3,0,H,1.29,5.25,10.0,1.3,5.0,8.75,1.3,4.8,8.5,1.29,5.0,10.0,1.29,6.01,12.0,1.29,5.0,9.0,1.25,5.5,12.0,43,1.3,1.28,6.01,5.25,12.4,10.04,37,1.68,1.61,2.37,2.24,17,-1.5,1.92,1.87,2.03,1.96,1.3,6.38,10.28,1542.14,1530.54
F2,19/05/17,Clermont,Valenciennes,1,0,H,0,0,D,1.85,3.6,4.0,1.95,3.4,3.7,2.0,3.2,3.4,1.91,3.5,3.6,1.96,3.6,4.23,1.91,3.6,3.5,1.93,3.6,3.9,43,2.0,1.93,3.61,3.45,4.23,3.75,36,1.72,1.65,2.27,2.16,16,-0.25,1.73,1.69,2.29,2.19,2.02,3.62,3.94,1484.57,1478.71
F2,19/05/17,Laval,Nimes,1,2,A,1,0,H,6.5,4.5,1.44,5.75,4.1,1.5,5.7,3.8,1.5,6.0,4.2,1.5,7.55,4.5,1.49,5.5,4.2,1.5,7.5,4.4,1.45,43,7.55,6.21,4.5,4.14,1.56,1.49,37,1.71,1.65,2.33,2.18,15,1.0,2.11,2.0,1.98,1.82,7.74,4.76,1.46,1415.99,1588.2
F2,19/05/17,Le Havre,Orleans,4,1,H,2,1,H,3.1,3.2,2.3,2.65,3.4,2.45,2.55,3.5,2.4,2.7,3.25,2.45,2.9,3.52,2.52,2.7,3.3,2.4,2.9,3.3,2.45,42,3.1,2.78,3.52,3.3,2.56,2.42,41,1.89,1.81,2.03,1.96,17,0.0,2.13,2.07,1.86,1.79,2.71,3.42,2.75,1543.73,1469.74
F2,19/05/17,Lens,Niort,3,1,H,2,0,H,1.2,6.5,13.0,1.22,6.0,10.5,1.25,5.0,10.0,1.2,6.0,15.0,1.23,6.92,14.7,1.2,6.0,11.0,1.18,6.5,18.0,43,1.25,1.21,6.92,6.08,18.0,12.53,36,1.57,1.52,2.64,2.44,16,-1.75,1.88,1.82,2.08,2.01,1.18,8.01,18.19,1582.64,1502.43
F2,19/05/17,Reims,Amiens,1,2,A,0,1,A,5.5,3.8,1.62,5.5,3.9,1.55,5.0,3.9,1.55,4.8,3.8,1.62,5.76,4.0,1.66,5.5,4.0,1.53,5.4,3.8,1.65,43,6.25,5.24,4.1,3.82,1.7,1.61,38,1.81,1.72,2.13,2.07,16,0.75,2.12,2.03,1.87,1.81,5.36,4.19,1.67,1546.84,1560.84
F2,19/05/17,Sochaux,Troyes,2,3,A,2,0,H,7.0,4.33,1.45,5.75,4.25,1.48,5.4,3.7,1.55,6.5,4.25,1.44,7.5,4.68,1.48,5.5,4.2,1.5,7.5,4.33,1.44,43,7.5,6.6,4.68,4.21,1.55,1.45,37,1.77,1.68,2.3,2.12,15,1.0,2.17,2.09,1.88,1.75,9.49,5.18,1.38,1476.07,1574.05
F2,19/05/17,Strasbourg,Bourg Peronnas,2,1,H,2,0,H,1.14,8.0,15.0,1.17,7.0,12.5,1.15,6.5,13.0,1.15,7.0,17.0,1.19,7.08,16.4,1.18,6.5,11.0,1.15,7.5,18.0,41,1.19,1.16,8.6,7.01,19.05,13.42,33,1.35,1.31,3.55,3.29,16,-2.0,1.86,1.82,2.07,2.02,1.18,8.27,18.67,1584.03,1453.07
